epoll server listening on port 8080 with backlog 4096 (server_fd=3, epoll_fd=4)
New client connected with client_fd = 5
Client disconnected (client_fd = 5)
New client connected with client_fd = 5
New client connected with client_fd = 6
New client connected with client_fd = 7
New client connected with client_fd = 8
New client connected with client_fd = 9
New client connected with client_fd = 10
New client connected with client_fd = 11
New client connected with client_fd = 12
New client connected with client_fd = 13
New client connected with client_fd = 14
New client connected with client_fd = 15
New client connected with client_fd = 16
New client connected with client_fd = 17
New client connected with client_fd = 18
New client connected with client_fd = 19
New client connected with client_fd = 20
New client connected with client_fd = 21
New client connected with client_fd = 22
New client connected with client_fd = 23
New client connected with client_fd = 24
New client connected with client_fd = 25
New client connected with client_fd = 26
New client connected with client_fd = 27
New client connected with client_fd = 28
New client connected with client_fd = 29
New client connected with client_fd = 30
New client connected with client_fd = 31
New client connected with client_fd = 32
New client connected with client_fd = 33
New client connected with client_fd = 34
New client connected with client_fd = 35
New client connected with client_fd = 38
New client connected with client_fd = 39
New client connected with client_fd = 40
New client connected with client_fd = 41
New client connected with client_fd = 42
New client connected with client_fd = 43
New client connected with client_fd = 49
New client connected with client_fd = 50
New client connected with client_fd = 51
New client connected with client_fd = 52
New client connected with client_fd = 53
New client connected with client_fd = 54
New client connected with client_fd = 55
New client connected with client_fd = 56
New client connected with client_fd = 57
New client connected with client_fd = 58
New client connected with client_fd = 59
New client connected with client_fd = 60
New client connected with client_fd = 61
New client connected with client_fd = 62
New client connected with client_fd = 63
New client connected with client_fd = 64
New client connected with client_fd = 65
New client connected with client_fd = 66
New client connected with client_fd = 67
New client connected with client_fd = 68
New client connected with client_fd = 69
New client connected with client_fd = 70
New client connected with client_fd = 71
New client connected with client_fd = 72
New client connected with client_fd = 73
New client connected with client_fd = 74
New client connected with client_fd = 75
New client connected with client_fd = 76
New client connected with client_fd = 77
New client connected with client_fd = 78
New client connected with client_fd = 79
New client connected with client_fd = 80
New client connected with client_fd = 81
New client connected with client_fd = 82
New client connected with client_fd = 83
New client connected with client_fd = 84
New client connected with client_fd = 85
New client connected with client_fd = 86
New client connected with client_fd = 87
New client connected with client_fd = 88
New client connected with client_fd = 89
New client connected with client_fd = 90
New client connected with client_fd = 91
New client connected with client_fd = 92
New client connected with client_fd = 93
New client connected with client_fd = 94
New client connected with client_fd = 95
New client connected with client_fd = 96
New client connected with client_fd = 97
New client connected with client_fd = 98
New client connected with client_fd = 99
New client connected with client_fd = 100
New client connected with client_fd = 101
New client connected with client_fd = 102
New client connected with client_fd = 104
New client connected with client_fd = 105
New client connected with client_fd = 106
New client connected with client_fd = 107
New client connected with client_fd = 108
New client connected with client_fd = 109
New client connected with client_fd = 110
New client connected with client_fd = 111
New client connected with client_fd = 112
New client connected with client_fd = 113
New client connected with client_fd = 114
New client connected with client_fd = 115
New client connected with client_fd = 116
New client connected with client_fd = 117
New client connected with client_fd = 118
New client connected with client_fd = 119
New client connected with client_fd = 120
New client connected with client_fd = 121
New client connected with client_fd = 122
New client connected with client_fd = 123
New client connected with client_fd = 124
New client connected with client_fd = 125
New client connected with client_fd = 126
New client connected with client_fd = 127
New client connected with client_fd = 128
New client connected with client_fd = 129
New client connected with client_fd = 130
New client connected with client_fd = 131
New client connected with client_fd = 132
New client connected with client_fd = 133
New client connected with client_fd = 134
New client connected with client_fd = 135
New client connected with client_fd = 136
New client connected with client_fd = 137
New client connected with client_fd = 138
New client connected with client_fd = 139
New client connected with client_fd = 140
New client connected with client_fd = 141
New client connected with client_fd = 142
New client connected with client_fd = 143
New client connected with client_fd = 144
New client connected with client_fd = 145
New client connected with client_fd = 146
New client connected with client_fd = 147
New client connected with client_fd = 148
New client connected with client_fd = 149
New client connected with client_fd = 150
New client connected with client_fd = 151
New client connected with client_fd = 152
New client connected with client_fd = 153
New client connected with client_fd = 154
New client connected with client_fd = 155
New client connected with client_fd = 156
New client connected with client_fd = 157
New client connected with client_fd = 158
New client connected with client_fd = 159
New client connected with client_fd = 160
New client connected with client_fd = 161
New client connected with client_fd = 162
New client connected with client_fd = 163
New client connected with client_fd = 164
New client connected with client_fd = 165
New client connected with client_fd = 166
New client connected with client_fd = 167
New client connected with client_fd = 168
New client connected with client_fd = 169
New client connected with client_fd = 170
New client connected with client_fd = 171
New client connected with client_fd = 172
New client connected with client_fd = 173
New client connected with client_fd = 174
New client connected with client_fd = 175
New client connected with client_fd = 176
New client connected with client_fd = 177
New client connected with client_fd = 178
New client connected with client_fd = 179
New client connected with client_fd = 180
New client connected with client_fd = 181
New client connected with client_fd = 182
New client connected with client_fd = 183
New client connected with client_fd = 184
New client connected with client_fd = 185
New client connected with client_fd = 186
New client connected with client_fd = 187
New client connected with client_fd = 188
New client connected with client_fd = 189
New client connected with client_fd = 190
New client connected with client_fd = 191
New client connected with client_fd = 192
New client connected with client_fd = 193
New client connected with client_fd = 194
New client connected with client_fd = 195
New client connected with client_fd = 196
New client connected with client_fd = 197
New client connected with client_fd = 198
New client connected with client_fd = 199
New client connected with client_fd = 200
New client connected with client_fd = 201
New client connected with client_fd = 202
New client connected with client_fd = 203
New client connected with client_fd = 204
New client connected with client_fd = 205
New client connected with client_fd = 206
New client connected with client_fd = 207
New client connected with client_fd = 208
New client connected with client_fd = 209
New client connected with client_fd = 210
New client connected with client_fd = 211
New client connected with client_fd = 212
New client connected with client_fd = 213
New client connected with client_fd = 214
New client connected with client_fd = 215
New client connected with client_fd = 216
New client connected with client_fd = 217
New client connected with client_fd = 218
New client connected with client_fd = 219
New client connected with client_fd = 220
New client connected with client_fd = 221
New client connected with client_fd = 222
New client connected with client_fd = 223
New client connected with client_fd = 224
New client connected with client_fd = 225
New client connected with client_fd = 226
New client connected with client_fd = 227
New client connected with client_fd = 228
New client connected with client_fd = 229
New client connected with client_fd = 230
New client connected with client_fd = 231
New client connected with client_fd = 232
New client connected with client_fd = 233
New client connected with client_fd = 234
New client connected with client_fd = 235
New client connected with client_fd = 236
New client connected with client_fd = 237
New client connected with client_fd = 238
New client connected with client_fd = 239
New client connected with client_fd = 240
New client connected with client_fd = 241
New client connected with client_fd = 242
New client connected with client_fd = 243
New client connected with client_fd = 244
New client connected with client_fd = 245
New client connected with client_fd = 246
New client connected with client_fd = 247
New client connected with client_fd = 248
New client connected with client_fd = 249
New client connected with client_fd = 250
New client connected with client_fd = 251
New client connected with client_fd = 252
New client connected with client_fd = 253
New client connected with client_fd = 254
New client connected with client_fd = 255
New client connected with client_fd = 256
New client connected with client_fd = 257
New client connected with client_fd = 258
New client connected with client_fd = 259
New client connected with client_fd = 260
New client connected with client_fd = 261
New client connected with client_fd = 262
New client connected with client_fd = 263
New client connected with client_fd = 264
New client connected with client_fd = 265
New client connected with client_fd = 266
New client connected with client_fd = 267
New client connected with client_fd = 268
New client connected with client_fd = 269
New client connected with client_fd = 270
New client connected with client_fd = 271
New client connected with client_fd = 272
New client connected with client_fd = 273
New client connected with client_fd = 274
New client connected with client_fd = 275
New client connected with client_fd = 276
New client connected with client_fd = 277
New client connected with client_fd = 278
New client connected with client_fd = 279
New client connected with client_fd = 280
New client connected with client_fd = 281
New client connected with client_fd = 282
New client connected with client_fd = 283
New client connected with client_fd = 284
New client connected with client_fd = 285
New client connected with client_fd = 286
New client connected with client_fd = 287
New client connected with client_fd = 288
New client connected with client_fd = 289
New client connected with client_fd = 290
New client connected with client_fd = 291
New client connected with client_fd = 292
New client connected with client_fd = 293
New client connected with client_fd = 294
New client connected with client_fd = 295
New client connected with client_fd = 296
New client connected with client_fd = 297
New client connected with client_fd = 298
New client connected with client_fd = 299
New client connected with client_fd = 300
New client connected with client_fd = 301
New client connected with client_fd = 302
New client connected with client_fd = 303
New client connected with client_fd = 304
New client connected with client_fd = 305
New client connected with client_fd = 306
New client connected with client_fd = 307
New client connected with client_fd = 308
New client connected with client_fd = 309
New client connected with client_fd = 310
New client connected with client_fd = 311
New client connected with client_fd = 312
New client connected with client_fd = 313
New client connected with client_fd = 314
New client connected with client_fd = 315
New client connected with client_fd = 316
New client connected with client_fd = 317
New client connected with client_fd = 318
New client connected with client_fd = 319
New client connected with client_fd = 320
New client connected with client_fd = 321
New client connected with client_fd = 322
New client connected with client_fd = 323
New client connected with client_fd = 324
New client connected with client_fd = 325
New client connected with client_fd = 326
New client connected with client_fd = 327
New client connected with client_fd = 328
New client connected with client_fd = 329
New client connected with client_fd = 330
New client connected with client_fd = 331
New client connected with client_fd = 332
New client connected with client_fd = 333
New client connected with client_fd = 334
New client connected with client_fd = 335
New client connected with client_fd = 336
New client connected with client_fd = 337
New client connected with client_fd = 338
New client connected with client_fd = 339
New client connected with client_fd = 340
New client connected with client_fd = 341
New client connected with client_fd = 342
New client connected with client_fd = 343
New client connected with client_fd = 344
New client connected with client_fd = 345
New client connected with client_fd = 346
New client connected with client_fd = 347
New client connected with client_fd = 348
New client connected with client_fd = 349
New client connected with client_fd = 350
New client connected with client_fd = 351
New client connected with client_fd = 352
New client connected with client_fd = 353
New client connected with client_fd = 354
New client connected with client_fd = 355
New client connected with client_fd = 356
New client connected with client_fd = 357
New client connected with client_fd = 358
New client connected with client_fd = 359
New client connected with client_fd = 360
New client connected with client_fd = 361
New client connected with client_fd = 362
New client connected with client_fd = 363
New client connected with client_fd = 364
New client connected with client_fd = 365
New client connected with client_fd = 366
New client connected with client_fd = 367
New client connected with client_fd = 368
New client connected with client_fd = 369
New client connected with client_fd = 370
New client connected with client_fd = 371
New client connected with client_fd = 372
New client connected with client_fd = 373
New client connected with client_fd = 374
New client connected with client_fd = 375
New client connected with client_fd = 376
New client connected with client_fd = 377
New client connected with client_fd = 378
New client connected with client_fd = 379
New client connected with client_fd = 380
New client connected with client_fd = 381
New client connected with client_fd = 382
New client connected with client_fd = 383
New client connected with client_fd = 384
New client connected with client_fd = 385
New client connected with client_fd = 386
New client connected with client_fd = 387
New client connected with client_fd = 388
New client connected with client_fd = 389
New client connected with client_fd = 390
New client connected with client_fd = 391
New client connected with client_fd = 392
New client connected with client_fd = 393
New client connected with client_fd = 394
New client connected with client_fd = 395
New client connected with client_fd = 396
New client connected with client_fd = 397
New client connected with client_fd = 398
New client connected with client_fd = 399
New client connected with client_fd = 400
New client connected with client_fd = 401
New client connected with client_fd = 402
New client connected with client_fd = 403
New client connected with client_fd = 404
New client connected with client_fd = 405
New client connected with client_fd = 406
New client connected with client_fd = 407
New client connected with client_fd = 408
New client connected with client_fd = 409
New client connected with client_fd = 410
New client connected with client_fd = 411
New client connected with client_fd = 412
New client connected with client_fd = 413
New client connected with client_fd = 414
New client connected with client_fd = 415
New client connected with client_fd = 416
New client connected with client_fd = 417
New client connected with client_fd = 418
New client connected with client_fd = 419
New client connected with client_fd = 420
New client connected with client_fd = 421
New client connected with client_fd = 422
New client connected with client_fd = 423
New client connected with client_fd = 424
New client connected with client_fd = 425
New client connected with client_fd = 426
New client connected with client_fd = 427
New client connected with client_fd = 428
New client connected with client_fd = 429
New client connected with client_fd = 430
New client connected with client_fd = 431
New client connected with client_fd = 432
New client connected with client_fd = 433
New client connected with client_fd = 434
New client connected with client_fd = 435
New client connected with client_fd = 436
New client connected with client_fd = 437
New client connected with client_fd = 438
New client connected with client_fd = 439
New client connected with client_fd = 440
New client connected with client_fd = 441
New client connected with client_fd = 442
New client connected with client_fd = 443
New client connected with client_fd = 444
New client connected with client_fd = 445
New client connected with client_fd = 446
New client connected with client_fd = 447
New client connected with client_fd = 448
New client connected with client_fd = 449
New client connected with client_fd = 450
New client connected with client_fd = 451
New client connected with client_fd = 452
New client connected with client_fd = 453
New client connected with client_fd = 454
New client connected with client_fd = 455
New client connected with client_fd = 456
New client connected with client_fd = 457
New client connected with client_fd = 458
New client connected with client_fd = 459
New client connected with client_fd = 460
New client connected with client_fd = 461
New client connected with client_fd = 462
New client connected with client_fd = 463
New client connected with client_fd = 464
New client connected with client_fd = 465
New client connected with client_fd = 466
New client connected with client_fd = 467
New client connected with client_fd = 468
New client connected with client_fd = 469
New client connected with client_fd = 470
New client connected with client_fd = 471
New client connected with client_fd = 472
New client connected with client_fd = 473
New client connected with client_fd = 474
New client connected with client_fd = 475
New client connected with client_fd = 476
New client connected with client_fd = 477
New client connected with client_fd = 478
New client connected with client_fd = 479
New client connected with client_fd = 480
New client connected with client_fd = 481
New client connected with client_fd = 482
New client connected with client_fd = 483
New client connected with client_fd = 484
New client connected with client_fd = 485
New client connected with client_fd = 486
New client connected with client_fd = 487
New client connected with client_fd = 488
New client connected with client_fd = 489
New client connected with client_fd = 490
New client connected with client_fd = 491
New client connected with client_fd = 492
New client connected with client_fd = 493
New client connected with client_fd = 494
New client connected with client_fd = 495
New client connected with client_fd = 496
New client connected with client_fd = 497
New client connected with client_fd = 498
New client connected with client_fd = 499
New client connected with client_fd = 500
New client connected with client_fd = 501
New client connected with client_fd = 502
New client connected with client_fd = 503
New client connected with client_fd = 504
New client connected with client_fd = 505
New client connected with client_fd = 506
New client connected with client_fd = 507
New client connected with client_fd = 508
New client connected with client_fd = 509
New client connected with client_fd = 510
New client connected with client_fd = 511
New client connected with client_fd = 512
New client connected with client_fd = 513
New client connected with client_fd = 514
New client connected with client_fd = 515
New client connected with client_fd = 516
New client connected with client_fd = 517
New client connected with client_fd = 518
New client connected with client_fd = 519
New client connected with client_fd = 520
New client connected with client_fd = 521
New client connected with client_fd = 522
New client connected with client_fd = 523
New client connected with client_fd = 524
New client connected with client_fd = 525
New client connected with client_fd = 526
New client connected with client_fd = 527
New client connected with client_fd = 528
New client connected with client_fd = 529
New client connected with client_fd = 530
New client connected with client_fd = 531
New client connected with client_fd = 532
New client connected with client_fd = 533
New client connected with client_fd = 534
New client connected with client_fd = 535
New client connected with client_fd = 536
New client connected with client_fd = 537
New client connected with client_fd = 538
New client connected with client_fd = 539
New client connected with client_fd = 540
New client connected with client_fd = 541
New client connected with client_fd = 542
New client connected with client_fd = 543
New client connected with client_fd = 544
New client connected with client_fd = 545
New client connected with client_fd = 546
New client connected with client_fd = 547
New client connected with client_fd = 548
New client connected with client_fd = 549
New client connected with client_fd = 550
New client connected with client_fd = 551
New client connected with client_fd = 552
New client connected with client_fd = 553
New client connected with client_fd = 554
New client connected with client_fd = 555
New client connected with client_fd = 556
New client connected with client_fd = 557
New client connected with client_fd = 558
New client connected with client_fd = 559
New client connected with client_fd = 560
New client connected with client_fd = 561
New client connected with client_fd = 562
New client connected with client_fd = 563
New client connected with client_fd = 564
New client connected with client_fd = 565
New client connected with client_fd = 566
New client connected with client_fd = 567
New client connected with client_fd = 568
New client connected with client_fd = 569
New client connected with client_fd = 570
New client connected with client_fd = 571
New client connected with client_fd = 572
New client connected with client_fd = 573
New client connected with client_fd = 574
New client connected with client_fd = 575
New client connected with client_fd = 576
New client connected with client_fd = 577
New client connected with client_fd = 578
New client connected with client_fd = 579
New client connected with client_fd = 580
New client connected with client_fd = 581
New client connected with client_fd = 582
New client connected with client_fd = 583
New client connected with client_fd = 584
New client connected with client_fd = 585
New client connected with client_fd = 586
New client connected with client_fd = 587
New client connected with client_fd = 588
New client connected with client_fd = 589
New client connected with client_fd = 590
New client connected with client_fd = 591
New client connected with client_fd = 592
New client connected with client_fd = 593
New client connected with client_fd = 594
New client connected with client_fd = 595
New client connected with cOutbound buffer overflow on client_fd 197
Outbound buffer overflow on client_fd 153
Outbound buffer overflow on client_fd 68
Outbound buffer overflow on client_fd 69
Outbound buffer overflow on client_fd 198
Outbound buffer overflow on client_fd 199
Outbound buffer overflow on client_fd 200
Outbound buffer overflow on client_fd 116
Outbound buffer overflow on client_fd 386
Outbound buffer overflow on client_fd 387
Outbound buffer overflow on client_fd 388
Outbound buffer overflow on client_fd 389
Outbound buffer overflow on client_fd 390
Outbound buffer overflow on client_fd 391
Outbound buffer overflow on client_fd 392
Outbound buffer overflow on client_fd 393
Outbound buffer overflow on client_fd 255
Outbound buffer overflow on client_fd 12
Outbound buffer overflow on client_fd 113
Outbound buffer overflow on client_fd 114
Outbound buffer overflow on client_fd 364
Outbound buffer overflow on client_fd 365
Outbound buffer overflow on client_fd 366
Outbound buffer overflow on client_fd 367
lient_fd = 596
New client connected with client_fd = 597
New client connected with client_fd = 598
New client connected with client_fd = 599
New client connected with client_fd = 600
New client connected with client_fd = 601
New client connected with client_fd = 602
New client connected with client_fd = 603
New client connected with client_fd = 604
New client connected with client_fd = 605
New client connected with client_fd = 606
New client connected with client_fd = 607
New client connected with client_fd = 608
New client connected with client_fd = 609
New client connected with client_fd = 610
New client connected with client_fd = 611
New client connected with client_fd = 612
New client connected with client_fd = 613
New client connected with client_fd = 614
New client connected with client_fd = 615
New client connected with client_fd = 616
New client connected with client_fd = 617
New client connected with client_fd = 618
New client connected with client_fd = 619
New client connected with client_fd = 620
New client connected with client_fd = 621
New client connected with client_fd = 622
New client connected with client_fd = 623
New client connected with client_fd = 624
New client connected with client_fd = 625
New client connected with client_fd = 626
New client connected with client_fd = 627
New client connected with client_fd = 628
New client connected with client_fd = 629
New client connected with client_fd = 630
New client connected with client_fd = 631
New client connected with client_fd = 632
New client connected with client_fd = 633
New client connected with client_fd = 634
New client connected with client_fd = 635
New client connected with client_fd = 636
New client connected with client_fd = 637
New client connected with client_fd = 638
New client connected with client_fd = 639
New client connected with client_fd = 640
New client connected with client_fd = 641
New client connected with client_fd = 642
New client connected with client_fd = 643
New client connected with client_fd = 644
New client connected with client_fd = 645
New client connected with client_fd = 646
New client connected with client_fd = 647
New client connected with client_fd = 648
New client connected with client_fd = 649
New client connected with client_fd = 650
New client connected with client_fd = 651
New client connected with client_fd = 652
New client connected with client_fd = 653
New client connected with client_fd = 654
New client connected with client_fd = 655
New client connected with client_fd = 656
New client connected with client_fd = 657
New client connected with client_fd = 658
New client connected with client_fd = 659
New client connected with client_fd = 660
New client connected with client_fd = 661
New client connected with client_fd = 662
New client connected with client_fd = 663
New client connected with client_fd = 664
New client connected with client_fd = 665
New client connected with client_fd = 666
New client connected with client_fd = 667
New client connected with client_fd = 668
New client connected with client_fd = 669
New client connected with client_fd = 670
New client connected with client_fd = 68
New client connected with client_fd = 69
New client connected with client_fd = 116
New client connected with client_fd = 153
New client connected with client_fd = 197
New client connected with client_fd = 198
New client connected with client_fd = 199
New client connected with client_fd = 200
New client connected with client_fd = 671
New client connected with client_fd = 12
New client connected with client_fd = 113
New client connected with client_fd = 114
New client connected with client_fd = 255
New client connected with client_fd = 386
New client connected with client_fd = 387
New client connected with client_fd = 388
New client connected with client_fd = 389
New client connected with client_fd = 364
New client connected with client_fd = 365
New client connected with client_fd = 366
New client connected with client_fd = 367
New client connected with client_fd = 390
New client connected with client_fd = 391
New clientOutbound buffer overflow on client_fd 196
Outbound buffer overflow on client_fd 87
Outbound buffer overflow on client_fd 215
Outbound buffer overflow on client_fd 216
Outbound buffer overflow on client_fd 217
Outbound buffer overflow on client_fd 13
Outbound buffer overflow on client_fd 264
Outbound buffer overflow on client_fd 265
Outbound buffer overflow on client_fd 266
Outbound buffer overflow on client_fd 125
Outbound buffer overflow on client_fd 95
Outbound buffer overflow on client_fd 368
Outbound buffer overflow on client_fd 369
Outbound buffer overflow on client_fd 100
Outbound buffer overflow on client_fd 101
Outbound buffer overflow on client_fd 102
Outbound buffer overflow on client_fd 239
Outbound buffer overflow on client_fd 240
Outbound buffer overflow on client_fd 241
Outbound buffer overflow on client_fd 104
Outbound buffer overflow on client_fd 111
Outbound buffer overflow on client_fd 112
Outbound buffer overflow on client_fd 6
Outbound buffer overflow on client_fd 297
Outbound buffer overflow on client_fd 298
Outbound buffer overflow on client_fd 299
Outbound buffer overflow on client_fd 300
Outbound buffer overflow on client_fd 194
Outbound buffer overflow on client_fd 15
Outbound buffer overflow on client_fd 18
Outbound buffer overflow on client_fd 20
Outbound buffer overflow on client_fd 289
Outbound buffer overflow on client_fd 290
Outbound buffer overflow on client_fd 291
Outbound buffer overflow on client_fd 292
Outbound buffer overflow on client_fd 280
Outbound buffer overflow on client_fd 148
Outbound buffer overflow on client_fd 149
Outbound buffer overflow on client_fd 132
Outbound buffer overflow on client_fd 133
Outbound buffer overflow on client_fd 42
Outbound buffer overflow on client_fd 43
Outbound buffer overflow on client_fd 49
Outbound buffer overflow on client_fd 50
Outbound buffer overflow on client_fd 173
Outbound buffer overflow on client_fd 59
Outbound buffer overflow on client_fd 60
Outbound buffer overflow on client_fd 67
Outbound buffer overflow on client_fd 84
Outbound buffer overflow on client_fd 94
Outbound buffer overflow on client_fd 221
Outbound buffer overflow on client_fd 222
Outbound buffer overflow on client_fd 223
Outbound buffer overflow on client_fd 224
Outbound buffer overflow on client_fd 249
Outbound buffer overflow on client_fd 115
 connected with client_fd = 392
New client connected with client_fd = 393
New client connected with client_fd = 672
New client connected with client_fd = 673
New client connected with client_fd = 674
New client connected with client_fd = 675
New client connected with client_fd = 676
New client connected with client_fd = 677
New client connected with client_fd = 678
New client connected with client_fd = 679
New client connected with client_fd = 87
New client connected with client_fd = 196
New client connected with client_fd = 680
New client connected with client_fd = 681
New client connected with client_fd = 682
New client connected with client_fd = 683
New client connected with client_fd = 684
New client connected with client_fd = 685
New client connected with client_fd = 686
New client connected with client_fd = 687
New client connected with client_fd = 688
New client connected with client_fd = 689
New client connected with client_fd = 690
New client connected with client_fd = 215
New client connected with client_fd = 216
New client connected with client_fd = 217
New client connected with client_fd = 691
New client connected with client_fd = 692
New client connected with client_fd = 693
New client connected with client_fd = 694
New client connected with client_fd = 695
New client connected with client_fd = 696
New client connected with client_fd = 697
New client connected with client_fd = 698
New client connected with client_fd = 699
New client connected with client_fd = 700
New client connected with client_fd = 701
New client connected with client_fd = 702
New client connected with client_fd = 703
New client connected with client_fd = 704
New client connected with client_fd = 705
New client connected with client_fd = 706
New client connected with client_fd = 707
New client connected with client_fd = 708
New client connected with client_fd = 13
New client connected with client_fd = 95
New client connected with client_fd = 125
New client connected with client_fd = 264
New client connected with client_fd = 265
New client connected with client_fd = 266
New client connected with client_fd = 709
New client connected with client_fd = 710
New client connected with client_fd = 711
New client connected with client_fd = 712
New client connected with client_fd = 713
New client connected with client_fd = 714
New client connected with client_fd = 368
New client connected with client_fd = 369
New client connected with client_fd = 715
New client connected with client_fd = 716
New client connected with client_fd = 717
New client connected with client_fd = 718
New client connected with client_fd = 719
New client connected with client_fd = 720
New client connected with client_fd = 100
New client connected with client_fd = 101
New client connected with client_fd = 102
New client connected with client_fd = 104
New client connected with client_fd = 111
New client connected with client_fd = 239
New client connected with client_fd = 240
New client connected with client_fd = 241
New client connected with client_fd = 721
New client connected with client_fd = 722
New client connected with client_fd = 723
New client connected with client_fd = 724
New client connected with client_fd = 725
New client connected with client_fd = 726
New client connected with client_fd = 727
New client connected with client_fd = 728
New client connected with client_fd = 729
New client connected with client_fd = 730
New client connected with client_fd = 731
New client connected with client_fd = 732
New client connected with client_fd = 733
New client connected with client_fd = 734
New client connected with client_fd = 735
New client connected with client_fd = 736
New client connected with client_fd = 6
New client connected with client_fd = 112
New client connected with client_fd = 737
New client connected with client_fd = 738
New client connected with client_fd = 739
New client connected with client_fd = 740
New client connected with client_fd = 741
New client connected with client_fd = 742
New client connected with client_fd = 743
New client connected with client_fd =Outbound buffer overflow on client_fd 7
Outbound buffer overflow on client_fd 23
Outbound buffer overflow on client_fd 33
Outbound buffer overflow on client_fd 176
Outbound buffer overflow on client_fd 177
Outbound buffer overflow on client_fd 34
Outbound buffer overflow on client_fd 268
Outbound buffer overflow on client_fd 38
Outbound buffer overflow on client_fd 129
Outbound buffer overflow on client_fd 130
Outbound buffer overflow on client_fd 131
Outbound buffer overflow on client_fd 78
Outbound buffer overflow on client_fd 79
Outbound buffer overflow on client_fd 85
Outbound buffer overflow on client_fd 447
Outbound buffer overflow on client_fd 449
Outbound buffer overflow on client_fd 399
 15
New client connected with client_fd = 18
New client connected with client_fd = 20
New client connected with client_fd = 42
New client connected with client_fd = 43
New client connected with client_fd = 49
New client connected with client_fd = 50
New client connected with client_fd = 59
New client connected with client_fd = 60
New client connected with client_fd = 67
New client connected with client_fd = 84
New client connected with client_fd = 94
New client connected with client_fd = 115
New client connected with client_fd = 7
New client connected with client_fd = 23
New client connected with client_fd = 33
New client connected with client_fd = 34
New client connected with client_fd = 38
New client connected with client_fd = 78
New client connected with client_fd = 79
New client connected with client_fd = 129
New client connected with client_fd = 130
New client connected with client_fd = 131
New client connected with client_fd = 132
New client connected with client_fd = 133
New client connected with client_fd = 148
New client connected with client_fd = 149
New client connected with client_fd = 173
New client connected with client_fd = 176
New client connected with client_fd = 177
New client connected with client_fd = 194
New client connected with client_fd = 221
New client connected with client_fd = 222
New client connected with client_fd = 223
New client connected with client_fd = 224
New client connected with client_fd = 85
New client connected with client_fd = 249
New client connected with client_fd = 268
New client connected with client_fd = 280
New client connected with client_fd = 289
New client connected with client_fd = 290
New client connected with client_fd = 291
New client connected with client_fd = 292
New client connected with client_fd = 297
New client connected with client_fd = 298
New client connected with client_fd = 299
New client connected with client_fd = 300
New client connected with client_fd = 744
New client connected with client_fd = 745
New client connected with client_fd = 746
New client connected with client_fd = 747
New client connected with client_fd = 748
New client connected with client_fd = 749
New client connected with client_fd = 750
New client connected with client_fd = 751
New client connected with client_fd = 752
New client connected with client_fd = 753
New client connected with client_fd = 754
New client connected with client_fd = 755
New client connected with client_fd = 756
New client connected with client_fd = 757
New client connected with client_fd = 758
New client connected with client_fd = 759
New client connected with client_fd = 760
New client connected with client_fd = 761
New client connected with client_fd = 762
New client connected with client_fd = 763
New client connected with client_fd = 764
New client connected with client_fd = 765
New client connected with client_fd = 766
New client connected with client_fd = 767
New client connected with client_fd = 768
New client connected with client_fd = 769
New client connected with client_fd = 770
New client connected with client_fd = 771
New client connected with client_fd = 772
New client connected with client_fd = 773
New client connected with client_fd = 774
New client connected with client_fd = 775
New client connected with client_fd = 776
New client connected with client_fd = 777
New client connected with client_fd = 778
New client connected with client_fd = 779
New client connected with client_fd = 780
New client connected with client_fd = 781
New client connected with client_fd = 399
New client connected with client_fd = 447
New client connected with client_fd = 449
New client connected with client_fd = 782
New client connected with client_fd = 783
New client connected with client_fd = 784
New client connected with client_fd = 785
New client connected with client_fd = 786
New client connected with client_fd = 787
New client connected with client_fd = 788
New client connected with client_fd = 789
New client connected with client_fd = 790
New client connected with client_fd = 791
New client connected with client_fd = Outbound buffer overflow on client_fd 163
Outbound buffer overflow on client_fd 14
Outbound buffer overflow on client_fd 64
792
New client connected with client_fd = 793
New client connected with client_fd = 794
New client connected with client_fd = 163
New client connected with client_fd = 795
New client connected with client_fd = 796
New client connected with client_fd = 797
New client connected with client_fd = 798
New client connected with client_fd = 799
New client connected with client_fd = 800
New client connected with client_fd = 801
New client connected with client_fd = 802
New client connected with client_fd = 803
New client connected with client_fd = 804
New client connected with client_fd = 805
New client connected with client_fd = 806
New client connected with client_fd = 807
New client connected with client_fd = 808
New client connected with client_fd = 809
New client connected with client_fd = 810
New client connected with client_fd = 811
New client connected with client_fd = 812
New client connected with client_fd = 813
New client connected with client_fd = 814
New client connected with client_fd = 815
New client connected with client_fd = 816
New client connected with client_fd = 817
New client connected with client_fd = 818
New client connected with client_fd = 819
New client connected with client_fd = 820
New client connected with client_fd = 821
New client connected with client_fd = 822
New client connected with client_fd = 823
New client connected with client_fd = 824
New client connected with client_fd = 825
New client connected with client_fd = 826
New client connected with client_fd = 827
New client connected with client_fd = 828
New client connected with client_fd = 829
New client connected with client_fd = 830
New client connected with client_fd = 831
New client connected with client_fd = 832
New client connected with client_fd = 833
New client connected with client_fd = 834
New client connected with client_fd = 835
New client connected with client_fd = 836
New client connected with client_fd = 837
New client connected with client_fd = 838
New client connected with client_fd = 839
New client connected with client_fd = 840
New client connected with client_fd = 841
New client connected with client_fd = 842
New client connected with client_fd = 843
New client connected with client_fd = 844
New client connected with client_fd = 845
New client connected with client_fd = 846
New client connected with client_fd = 847
New client connected with client_fd = 848
New client connected with client_fd = 849
New client connected with client_fd = 850
New client connected with client_fd = 851
New client connected with client_fd = 852
New client connected with client_fd = 853
New client connected with client_fd = 854
New client connected with client_fd = 855
New client connected with client_fd = 856
New client connected with client_fd = 857
New client connected with client_fd = 858
New client connected with client_fd = 859
New client connected with client_fd = 860
New client connected with client_fd = 861
New client connected with client_fd = 862
New client connected with client_fd = 863
New client connected with client_fd = 864
New client connected with client_fd = 865
New client connected with client_fd = 866
New client connected with client_fd = 867
New client connected with client_fd = 868
New client connected with client_fd = 869
New client connected with client_fd = 870
New client connected with client_fd = 871
New client connected with client_fd = 872
New client connected with client_fd = 873
New client connected with client_fd = 874
New client connected with client_fd = 875
New client connected with client_fd = 876
New client connected with client_fd = 14
New client connected with client_fd = 64
New client connected with client_fd = 877
New client connected with client_fd = 878
New client connected with client_fd = 879
New client connected with client_fd = 880
New client connected with client_fd = 881
New client connected with client_fd = 882
New client connected with client_fd = 883
New client connected with client_fd = 884
New client connected with client_fd = 885
New client connected with client_fd = 886
New client connected with client_fd = 887
New client connected with client_fd = 888
New client connected with client_fd = 889
New client connected with client_fd = 890
New client connected with client_fd = 891
New client connected with client_fd = 892
New client connected with client_fd = 893
New client connected with client_fd = 894
New client connected with client_fd = 895
New client connected with client_fd = 896
New client connected with client_fd = 897
New client connected with client_fd = 898
New client connected with client_fd = 899
New client connected with client_fd = 900
New client connected with client_fd = 901
New client connected with client_fd = 902
New client connected with client_fd = 903
New client connected with client_fd = 904
New client connected with client_fd = 905
New client connected with client_fd = 906
New client connected with client_fd = 907
New client connected with client_fd = 908
New client connected with client_fd = 909
New client connected with client_fd = 910
New client connected with client_fd = 911
New client connected with client_fd = 912
New client connected with client_fd = 913
New client connected with client_fd = 914
New client connected with client_fd = 915
New client connected with client_fd = 916
New client connected with client_fd = 917
New client connected with client_fd = 918
New client connected with client_fd = 919
New client connected with client_fd = 920
New client connected with client_fd = 921
New client connected with client_fd = 922
New client connected with client_fd = 923
New client connected with client_fd = 924
New client connected with client_fd = 925
New client connected with client_fd = 926
New client connected with client_fd = 927
New client connected with client_fd = 928
New client connected with client_fd = 929
New client connected with client_fd = 930
New client connected with client_fd = 931
New client connected with client_fd = 932
New client connected with client_fd = 933
New client connected with client_fd = 934
New client connected with client_fd = 935
New client connected with client_fd = 936
New client connected with client_fd = 937
New client connected with client_fd = 938
New client connected with client_fd = 939
New client connected with client_fd = 940
New client connected with client_fd = 941
New client connected with client_fd = 942
New client connected with client_fd = 943
New client connected with client_fd = 944
New client connected with client_fd = 945
New client connected with client_fd = 946
New client connected with client_fd = 947
New client connected with client_fd = 948
New client connected with client_fd = 949
New client connected with client_fd = 950
New client connected with client_fd = 951
New client connected with client_fd = 952
New client connected with client_fd = 953
New client connected with client_fd = 954
New client connected with client_fd = 955
New client connected with client_fd = 956
New client connected with client_fd = 957
New client connected with client_fd = 958
New client connected with client_fd = 959
New client connected with client_fd = 960
New client connected with client_fd = 961
New client connected with client_fd = 962
New client connected with client_fd = 963
New client connected with client_fd = 964
New client connected with client_fd = 965
New client connected with client_fd = 966
New client connected with client_fd = 967
New client connected with client_fd = 968
New client connected with client_fd = 969
New client connected with client_fd = 970
New client connected with client_fd = 971
New client connected with client_fd = 972
New client connected with client_fd = 973
New client connected with client_fd = 974
New client connected with client_fd = 975
New client connected with client_fd = 976
New client connected with client_fd = 977
New client connected with client_fd = 978
New client connected with client_fd = 979
New client connected with client_fd = 980
New client connected with client_fd = 981
New client connected with client_fd = 982
New client connected with client_fd = 983
New client connected with client_fd = 984
Outbound buffer overflow on client_fd 516
New client connected with client_fd = 985
New client connected with client_fd = 986
New client connected with client_fd = 987
New client connected with client_fd = 988
New client connected with client_fd = 989
New client connected with client_fd = 990
New client connected with client_fd = 991
New client connected with client_fd = 992
New client connected with client_fd = 993
New client connected with client_fd = 994
New client connected with client_fd = 995
New client connected with client_fd = 996
New client connected with client_fd = 997
New client connected with client_fd = 998
New client connected with client_fd = 999
New client connected with client_fd = 1000
New client connected with client_fd = 1001
New client connected with client_fd = 1002
New client connected with client_fd = 1003
New client connected with client_fd = 1004
New client connected with client_fd = 1005
New client connected with client_fd = 1006
New client connected with client_fd = 1007
New client connected with client_fd = 1008
New client connected with client_fd = 1009
New client connected with client_fd = 1010
New client connected with client_fd = 1011
New client connected with client_fd = 1012
New client connected with client_fd = 1013
New client connected with client_fd = 1014
New client connected with client_fd = 1015
New client connected with client_fd = 1016
New client connected with client_fd = 1017
New client connected with client_fd = 1018
New client connected with client_fd = 1019
New client connected with client_fd = 1020
New client connected with client_fd = 1021
New client connected with client_fd = 1022
New client connected with client_fd = 1023
New client connected with client_fd = 1024
New client connected with client_fd = 1025
New client connected with client_fd = 516
New client connected with client_fd = 1026
New client connected with client_fd = 1027
New client connected with client_fd = 1028
New client connected with client_fd = 1029
New client connected with client_fd = 1030
New client connected with client_fd = 1031
New client connected with client_fd = 1032
New client connected with client_fd = 1033
New client connected with client_fd = 1034
New client connected with client_fd = 1035
New client connected with client_fd = 1036
New client connected with client_fd = 1037
New client connected with client_fd = 1038
New client connected with client_fd = 1039
New client connected with client_fd = 1040
New client connected with client_fd = 1041
New client connected with client_fd = 1042
New client connected with client_fd = 1043
New client connected with client_fd = 1044
New client connected with client_fd = 1045
New client connected with client_fd = 1046
New client connected with client_fd = 1047
New client connected with client_fd = 1048
New client connected with client_fd = 1049
New client connected with client_fd = 1050
New client connected with client_fd = 1051
New client connected with client_fd = 1052
New client connected with client_fd = 1053
New client connected with client_fd = 1054
New client connected with client_fd = 1055
New client connected with client_fd = 1056
New client connected with client_fd = 1057
New client connected with client_fd = 1058
New client connected with client_fd = 1059
New client connected with client_fd = 1060
New client connected with client_fd = 1061
New client connected with client_fd = 1062
New client connected with client_fd = 1063
New client connected with client_fd = 1064
New client connected with client_fd = 1065
New client connected with client_fd = 1066
New client connected with client_fd = 1067
New client connected with client_fd = 1068
New client connected with client_fd = 1069
New client connected with client_fd = 1070
New client connected with client_fd = 1071
New client connected with client_fd = 1072
New client connected with client_fd = 1073
New client connected with client_fd = 1074
New client connected with client_fd = 1075
New client connected with client_fd = 1076
New client connected with client_fd = 1077
New client connected with client_fd = 1078
New client connected with client_fd = 1079
New client connected with client_fd = 1080
New client connected with client_fd = 1081
New client connected with client_fd = 1082
New client connected with client_fd = 1083
New client connected with client_fd = 1084
New client connected with client_fd = 1085
New client connected with client_fd = 1086
New client connected with client_fd = 1087
New client connected with client_fd = 1088
New client connected with client_fd = 1089
New client connected with client_fd = 1090
New client connected with client_fd = 1091
New client connected with client_fd = 1092
New client connected with client_fd = 1093
New client connected with client_fd = 1094
New client connected with client_fd = 1095
New client connected with client_fd = 1096
New client connected with client_fd = 1097
New client connected with client_fd = 1098
New client connected with client_fd = 1099
New client connected with client_fd = 1100
New client connected with client_fd = 1101
New client connected with client_fd = 1102
New client connected with client_fd = 1103
New client connected with client_fd = 1104
New client connected with client_fd = 1105
New client connected with client_fd = 1106
New client connected with client_fd = 1107
New client connected with client_fd = 1108
New client connected with client_fd = 1109
New client connected with client_fd = 1110
New client connected with client_fd = 1111
New client connected with client_fd = 1112
New client connected with client_fd = 1113
New client connected with client_fd = 1114
New client connected with client_fd = 1115
New client connected with client_fd = 1116
New client connected with client_fd = 1117
New client connected with client_fd = 1118
New client connected with client_fd = 1119
New client connected with client_fd = 1120
New client connected with client_fd = 1121
New client connected with client_fd = 1122
New client connected with client_fd = 1123
New client connected with client_fd = 1124
New client connected with client_fd = 1125
New client connected with client_fd = 1126
New client connected with client_fd = 1127
New client connected with client_fd = 1128
New client connected with client_fd = 1129
New client connected with client_fd = 1130
New client connected with client_fd = 1131
New client connected with client_fd = 1132
New client connected with client_fd = 1133
New client connected with client_fd = 1134
New client connected with client_fd = 1135
New client connected with client_fd = 1136
New client connected with client_fd = 1137
New client connected with client_fd = 1138
New client connected with client_fd = 1139
New client connected with client_fd = 1140
New client connected with client_fd = 1141
New client connected with client_fd = 1142
New client connected with client_fd = 1143
New client connected with client_fd = 1144
New client connected with client_fd = 1145
New client connected with client_fd = 1146
New client connected with client_fd = 1147
New client connected with client_fd = 1148
New client connected with client_fd = 1149
New client connected with client_fd = 1150
New client connected with client_fd = 1151
New client connected with client_fd = 1152
New client connected with client_fd = 1153
New client connected with client_fd = 1154
New client connected with client_fd = 1155
New client connected with client_fd = 1156
New client connected with client_fd = 1157
New client connected with client_fd = 1158
New client connected with client_fd = 1159
New client connected with client_fd = 1160
New client connected with client_fd = 1161
New client connected with client_fd = 1162
New client connected with client_fd = 1163
New client connected with client_fd = 1164
New client connected with client_fd = 1165
New client connected with client_fd = 1166
New client connected with client_fd = 1167
New client connected with client_fd = 1168
New client connected with client_fd = 1169
New client connected with client_fd = 1170
New client connected with client_fd = 1171
New client connected with client_fd = 1172
New client connected with client_fd = 1173
New client connected with client_fd = 1174
New client connected with client_fd = 1175
New client connected with client_fd = 1176
New client connected with client_fd = 1177
New client connected with client_fd = 1178
New client connected with client_fd = 1179
New client connected with client_fd = 1180
New client connected with client_fd = 1181
New client connected with client_fd = 1182
New client connected with client_fd = 1183
New client connected with client_fd = 1184
New client connected with client_fd = 1185
New client connected with client_fd = 1186
New client connected with client_fd = 1187
New client connected with client_fd = 1188
New client connected with client_fd = 1189
New client connected with client_fd = 1190
New client connected with client_fd = 1191
New client connected with client_fd = 1192
New client connected with client_fd = 1193
New client connected with client_fd = 1194
New client connected with client_fd = 1195
New client connected with client_fd = 1196
New client connected with client_fd = 1197
New client connected with client_fd = 1198
New client connected with client_fd = 1199
New client connected with client_fd = 1200
New client connected with client_fd = 1201
New client connected with client_fd = 1202
New client connected with client_fd = 1203
New client connected with client_fd = 1204
New client connected with client_fd = 1205
New client connected with client_fd = 1206
New client connected with client_fd = 1207
New client connected with client_fd = 1208
New client connected with client_fd = 1209
New client connected with client_fd = 1210
New client connected with client_fd = 1211
New client connected with client_fd = 1212
New client connected with client_fd = 1213
New client connected with client_fd = 1214
New client connected with client_fd = 1215
New client connected with client_fd = 1216
New client connected with client_fd = 1217
New client connected with client_fd = 1218
New client connected with client_fd = 1219
New client connected with client_fd = 1220
New client connected with client_fd = 1221
New client connected with client_fd = 1222
New client connected with client_fd = 1223
New client connected with client_fd = 1224
New client connected with client_fd = 1225
New client connected with client_fd = 1226
New client connected with client_fd = 1227
New client connected with client_fd = 1228
New client connected with client_fd = 1229
New client connected with client_fd = 1230
New client connected with client_fd = 1231
New client connected with client_fd = 1232
New client connected with client_fd = 1233
New client connected with client_fd = 1234
New client connected with client_fd = 1235
New client connected with client_fd = 1236
New client connected with client_fd = 1237
New client connected with client_fd = 1238
New client connected with client_fd = 1239
New client connected with client_fd = 1240
New client connected with client_fd = 1241
New client connected with client_fd = 1242
New client connected with client_fd = 1243
New client connected with client_fd = 1244
New client connected with client_fd = 1245
New client connected with client_fd = 1246
New client connected with client_fd = 1247
New client connected with client_fd = 1248
New client connected with client_fd = 1249
New client connected with client_fd = 1250
New client connected with client_fd = 1251
New client connected with client_fd = 1252
New client connected with client_fd = 1253
New client connected with client_fd = 1254
New client connected with client_fd = 1255
New client connected with client_fd = 1256
New client connected with client_fd = 1257
New client connected with client_fd = 1258
New client connected with client_fd = 1259
New client connected with client_fd = 1260
New client connected with client_fd = 1261
New client connected with client_fd = 1262
New client connected with client_fd = 1263
New client connected with client_fd = 1264
New client connected with client_fd = 1265
New client connected with client_fd = 1266
New client connected with client_fd = 1267
New client connected with client_fd = 1268
New client connected with client_fd = 1269
New client connected with client_fd = 1270
New client connected with client_fd = 1271
New client connected with client_fd = 1272
New client connected with client_fd = 1273
New client connected with client_fd = 1274
New client connected with client_fd = 1275
New client connected with client_fd = 1276
New client connected with client_fd = 1277
New client connected with client_fd = 1278
New client connected with client_fd = 1279
New client connected with client_fd = 1280
New client connected with client_fd = 1281
New client connected with client_fd = 1282
New client connected with client_fd = 1283
New client connected with client_fd = 1284
New client connected with client_fd = 1285
New client connected with client_fd = 1286
New client connected with client_fd = 1287
New client connected with client_fd = 1288
New client connected with client_fd = 1289
New client connected with client_fd = 1290
New client connected with client_fd = 1291
New client connected with client_fd = 1292
New client connected with client_fd = 1293
New client connected with client_fd = 1294
New client connected with client_fd = 1295
New client connected with client_fd = 1296
New client connected with client_fd = 1297
New client connected with client_fd = 1298
New client connected with client_fd = 1299
New client connected with client_fd = 1300
New client connected with client_fd = 1301
New client connected with client_fd = 1302
New client connected with client_fd = 1303
New client connected with client_fd = 1304
New client connected with client_fd = 1305
New client connected with client_fd = 1306
New client connected with client_fd = 1307
New client connected with client_fd = 1308
New client connected with client_fd = 1309
New client connected with client_fd = 1310
New client connected with client_fd = 1311
New client connected with client_fd = 1312
New client connected with client_fd = 1313
New client connected with client_fd = 1314
New client connected with client_fd = 1315
New client connected with client_fd = 1316
New client connected with client_fd = 1317
New client connected with client_fd = 1318
New client connected with client_fd = 1319
New client connected with client_fd = 1320
New client connected with client_fd = 1321
New client connected with client_fd = 1322
New client connected with client_fd = 1323
New client connected with client_fd = 1324
New client connected with client_fd = 1325
New client connected with client_fd = 1326
New client connected with client_fd = 1327
New client connected with client_fd = 1328
New client connected with client_fd = 1329
New client connected with client_fd = 1330
New client connected with client_fd = 1331
New client connected with client_fd = 1332
New client connected with client_fd = 1333
New client connected with client_fd = 1334
New client connected with client_fd = 1335
New client connected with client_fd = 1336
New client connected with client_fd = 1337
New client connected with client_fd = 1338
New client connected with client_fd = 1339
New client connected with client_fd = 1340
New client connected with client_fd = 1341
New client connected with client_fd = 1342
New client connected with client_fd = 1343
New client connected with client_fd = 1344
New client connected with client_fd = 1345
New client connected with client_fd = 1346
New client connected with client_fd = 1347
New client connected with client_fd = 1348
New client connected with client_fd = 1349
New client connected with client_fd = 1350
New client connected with client_fd = 1351
New client connected with client_fd = 1352
New client connected with client_fd = 1353
New client connected with client_fd = 1354
New client connected with client_fd = 1355
New client connected with client_fd = 1356
New client connected with client_fd = 1357
New client connected with client_fd = 1358
New client connected with client_fd = 1359
New client connected with client_fd = 1360
New client connected with client_fd = 1361
New client connected with client_fd = 1362
New client connected with client_fd = 1363
New client connected with client_fd = 1364
New client connected with client_fd = 1365
New client connected with client_fd = 1366
New client connected with client_fd = 1367
New client connected with client_fd = 1368
New client connected with client_fd = 1369
New client connected with client_fd = 1370
New client connected with client_fd = 1371
New client connected with client_fd = 1372
New client connected with client_fd = 1373
New client connected with client_fd = 1374
New client connected with client_fd = 1375
New client connected with client_fd = 1376
New client connected with client_fd = 1377
New client connected with client_fd = 1378
New client connected with client_fd = 1379
New client connected with client_fd = 1380
New client connected with client_fd = 1381
New client connected with client_fd = 1382
New client connected with client_fd = 1383
New client connected with client_fd = 1384
New client connected with client_fd = 1385
New client connected with client_fd = 1386
New client connected with client_fd = 1387
New client connected with client_fd = 1388
New client connected with client_fd = 1389
New client connected with client_fd = 1390
New client connected with client_fd = 1391
New client connected with client_fd = 1392
New client connected with client_fd = 1393
New client connected with client_fd = 1394
New client connected with client_fd = 1395
New client connected with client_fd = 1396
New client connected with client_fd = 1397
New client connected with client_fd = 1398
New client connected with client_fd = 1399
New client connected with client_fd = 1400
New client connected with client_fd = 1401
New client connected with client_fd = 1402
New client connected with client_fd = 1403
New client connected with client_fd = 1404
New client connected with client_fd = 1405
New client connected with client_fd = 1406
New client connected with client_fd = 1407
New client connected with client_fd = 1408
New client connected with client_fd = 1409
New client connected with client_fd = 1410
New client connected with client_fd = 1411
New client connected with client_fd = 1412
New client connected with client_fd = 1413
New client connected with client_fd = 1414
New client connected with client_fd = 1415
New client connected with client_fd = 1416
New client connected with client_fd = 1417
New client connected with client_fd = 1418
New client connected with client_fd = 1419
New client connected with client_fd = 1420
New client connected with client_fd = 1421
New client connected with client_fd = 1422
New client connected with client_fd = 1423
New client connected with client_fd = 1424
New client connected with client_fd = 1425
New client connected with client_fd = 1426
New client connected with client_fd = 1427
New client connected with client_fd = 1428
New client connected with client_fd = 1429
New client connected with client_fd = 1430
New client connected with client_fd = 1431
New client connected with client_fd = 1432
New client connected with client_fd = 1433
New client connected with client_fd = 1434
New client connected with client_fd = 1435
New client connected with client_fd = 1436
New client connected with client_fd = 1437
New client connected with client_fd = 1438
New client connected with client_fd = 1439
New client connected with client_fd = 1440
New client connected with client_fd = 1441
New client connected with client_fd = 1442
New client connected with client_fd = 1443
New client connected with client_fd = 1444
New client connected with client_fd = 1445
New client connected with client_fd = 1446
New client connected with client_fd = 1447
New client connected with client_fd = 1448
New client connected with client_fd = 1449
New client connected with client_fd = 1450
New client connected with client_fd = 1451
New client connected with client_fd = 1452
New client connected with client_fd = 1453
New client connected with client_fd = 1454
New client connected with client_fd = 1455
New client connected with client_fd = 1456
New client connected with client_fd = 1457
New client connected with client_fd = 1458
New client connected with client_fd = 1459
New client connected with client_fd = 1460
New client connected with client_fd = 1461
New client connected with client_fd = 1462
New client connected with client_fd = 1463
New client connected with client_fd = 1464
New client connected with client_fd = 1465
New client connected with client_fd = 1466
New client connected with client_fd = 1467
New client connected with client_fd = 1468
New client connected with client_fd = 1469
New client connected with client_fd = 1470
New client connected with client_fd = 1471
New client connected with client_fd = 1472
New client connected with client_fd = 1473
New client connected with client_fd = 1474
New client connected with client_fd = 1475
New client connected with client_fd = 1476
New client connected with client_fd = 1477
New client connected with client_fd = 1478
New client connected with client_fd = 1479
New client connected with client_fd = 1480
New client connected with client_fd = 1481
New client connected with client_fd = 1482
New client connected with client_fd = 1483
New client connected with client_fd = 1484
New client connected with client_fd = 1485
New client connected with client_fd = 1486
New client connected with client_fd = 1487
New client connected with client_fd = 1488
New client connected with client_fd = 1489
New client connected with client_fd = 1490
New client connected with client_fd = 1491
New client connected with client_fd = 1492
New client connected with client_fd = 1493
New client connected with client_fd = 1494
New client connected with client_fd = 1495
New client connected with client_fd = 1496
New client connected with client_fd = 1497
New client connected with client_fd = 1498
New client connected with client_fd = 1499
New client connected with client_fd = 1500
New client connected with client_fd = 1501
New client connected with client_fd = 1502
New client connected with client_fd = 1503
New client connected with client_fd = 1504
New client connected with client_fd = 1505
New client connected with client_fd = 1506
New client connected with client_fd = 1507
New client connected with client_fd = 1508
New client connected with client_fd = 1509
New client connected with client_fd = 1510
New client connected with client_fd = 1511
New client connected with client_fd = 1512
New client connected with client_fd = 1513
New client connected with client_fd = 1514
New client connected with client_fd = 1515
New client connected with client_fd = 1516
New client connected with client_fd = 1517
New client connected with client_fd = 1518
New client connected with client_fd = 1519
New client connected with client_fd = 1520
New client connected with client_fd = 1521
New client connected with client_fd = 1522
New client connected with client_fd = 1523
New client connected with client_fd = 1524
New client connected with client_fd = 1525
New client connected with client_fd = 1526
New client connected with client_fd = 1527
New client connected with client_fd = 1528
New client connected with client_fd = 1529
New client connected with client_fd = 1530
New client connected with client_fd = 1531
New client connected with client_fd = 1532
New client connected with client_fd = 1533
New client connected with client_fd = 1534
New client connected with client_fd = 1535
New client connected with client_fd = 1536
New client connected with client_fd = 1537
New client connected with client_fd = 1538
New client connected with client_fd = 1539
New client connected with client_fd = 1540
New client connected with client_fd = 1541
New client connected with client_fd = 1542
New client connected with client_fd = 1543
New client connected with client_fd = 1544
New client connected with client_fd = 1545
New client connected with client_fd = 1546
New client connected with client_fd = 1547
New client connected with client_fd = 1548
New client connected with client_fd = 1549
New client connected with client_fd = 1550
New client connected with client_fd = 1551
New client connected with client_fd = 1552
New client connected with client_fd = 1553
New client connected with client_fd = 1554
New client connected with client_fd = 1555
New client connected with client_fd = 1556
New client connected with client_fd = 1557
New client connected with client_fd = 1558
New client connected with client_fd = 1559
New client connected with client_fd = 1560
New client connected with client_fd = 1561
New client connected with client_fd = 1562
New client connected with client_fd = 1563
New client connected with client_fd = 1564
New client connected with client_fd = 1565
New client connected with client_fd = 1566
New client connected with client_fd = 1567
New client connected with client_fd = 1568
New client connected with client_fd = 1569
New client connected with client_fd = 1570
New client connected with client_fd = 1571
New client connected with client_fd = 1572
New client connected with client_fd = 1573
New client connected with client_fd = 1574
New client connected with client_fd = 1575
New client connected with client_fd = 1576
New client connected with client_fd = 1577
New client connected with client_fd = 1578
New client connected with client_fd = 1579
New client connected with client_fd = 1580
New client connected with client_fd = 1581
New client connected with client_fd = 1582
New client connected with client_fd = 1583
New client connected with client_fd = 1584
New client connected with client_fd = 1585
New client connected with client_fd = 1586
New client connected with client_fd = 1587
New client connected with client_fd = 1588
New client connected with client_fd = 1589
New client connected with client_fd = 1590
New client connected with client_fd = 1591
New client connected with client_fd = 1592
New client connected with client_fd = 1593
New client connected with client_fd = 1594
New client connected with client_fd = 1595
New client connected with client_fd = 1596
New client connected with client_fd = 1597
New client connected with client_fd = 1598
New client connected with client_fd = 1599
New client connected with client_fd = 1600
New client connected with client_fd = 1601
New client connected with client_fd = 1602
New client connected with client_fd = 1603
New client connected with client_fd = 1604
New client connected with client_fd = 1605
New client connected with client_fd = 1606
New client connected with client_fd = 1607
New client connected with client_fd = 1608
New client connected with client_fd = 1609
New client connected with client_fd = 1610
New client connected with client_fd = 1611
New client connected with client_fd = 1612
New client connected with client_fd = 1613
New client connected with client_fd = 1614
New client connected with client_fd = 1615
New client connected with client_fd = 1616
New client connected with client_fd = 1617
New client connected with client_fd = 1618
New client connected with client_fd = 1619
New client connected with client_fd = 1620
New client connected with client_fd = 1621
New client connected with client_fd = 1622
New client connected with client_fd = 1623
New client connected with client_fd = 1624
New client connected with client_fd = 1625
New client connected with client_fd = 1626
New client connected with client_fd = 1627
New client connected with client_fd = 1628
New client connected with client_fd = 1629
New client connected with client_fd = 1630
New client connected with client_fd = 1631
New client connected with client_fd = 1632
New client connected with client_fd = 1633
New client connected with client_fd = 1634
New client connected with client_fd = 1635
New client connected with client_fd = 1636
New client connected with client_fd = 1637
New client connected with client_fd = 1638
New client connected with client_fd = 1639
New client connected with client_fd = 1640
New client connected with client_fd = 1641
New client connected with client_fd = 1642
New client connected with client_fd = 1643
New client connected with client_fd = 1644
New client connected with client_fd = 1645
New client connected with client_fd = 1646
New client connected with client_fd = 1647
New client connected with client_fd = 1648
New client connected with client_fd = 1649
New client connected with client_fd = 1650
New client connected with client_fd = 1651
New client connected with client_fd = 1652
New client connected with client_fd = 1653
New client connected with client_fd = 1654
New client connected with client_fd = 1655
New client connected with client_fd = 1656
New client connected with client_fd = 1657
New client connected with client_fd = 1658
New client connected with client_fd = 1659
New client connected with client_fd = 1660
New client connected with client_fd = 1661
New client connected with client_fd = 1662
New client connected with client_fd = 1663
New client connected with client_fd = 1664
New client connected with client_fd = 1665
New client connected with client_fd = 1666
New client connected with client_fd = 1667
New client connected with client_fd = 1668
New client connected with client_fd = 1669
New client connected with client_fd = 1670
New client connected with client_fd = 1671
New client connected with client_fd = 1672
New client connected with client_fd = 1673
New client connected with client_fd = 1674
New client connected with client_fd = 1675
New client connected with client_fd = 1676
New client connected with client_fd = 1677
New client connected with client_fd = 1678
New client connected with client_fd = 1679
New client connected with client_fd = 1680
New client connected with client_fd = 1681
New client connected with client_fd = 1682
New client connected with client_fd = 1683
New client connected with client_fd = 1684
New client connected with client_fd = 1685
New client connected with client_fd = 1686
New client connected with client_fd = 1687
New client connected with client_fd = 1688
New client connected with client_fd = 1689
New client connected with client_fd = 1690
New client connected with client_fd = 1691
New client connected with client_fd = 1692
New client connected with client_fd = 1693
New client connected with client_fd = 1694
New client connected with client_fd = 1695
New client connected with client_fd = 1696
New client connected with client_fd = 1697
New client connected with client_fd = 1698
New client connected with client_fd = 1699
New client connected with client_fd = 1700
New client connected with client_fd = 1701
New client connected with client_fd = 1702
New client connected with client_fd = 1703
New client connected with client_fd = 1704
New client connected with client_fd = 1705
New client connected with client_fd = 1706
New client connected with client_fd = 1707
New client connected with client_fd = 1708
New client connected with client_fd = 1709
New client connected with client_fd = 1710
New client connected with client_fd = 1711
New client connected with client_fd = 1712
New client connected with client_fd = 1713
New client connected with client_fd = 1714
New client connected with client_fd = 1715
New client connected with client_fd = 1716
New client connected with client_fd = 1717
New client connected with client_fd = 1718
New client connected with client_fd = 1719
New client connected with client_fd = 1720
New client connected with client_fd = 1721
New client connected with client_fd = 1722
New client connected with client_fd = 1723
New client connected with client_fd = 1724
New client connected with client_fd = 1725
New client connected with client_fd = 1726
New client connected with client_fd = 1727
New client connected with client_fd = 1728
New client connected with client_fd = 1729
New client connected with client_fd = 1730
New client connected with client_fd = 1731
New client connected with client_fd = 1732
New client connected with client_fd = 1733
New client connected with client_fd = 1734
New client connected with client_fd = 1735
New client connected with client_fd = 1736
New client connected with client_fd = 1737
New client connected with client_fd = 1738
New client connected with client_fd = 1739
New client connected with client_fd = 1740
New client connected with client_fd = 1741
New client connected with client_fd = 1742
New client connected with client_fd = 1743
New client connected with client_fd = 1744
New client connected with client_fd = 1745
New client connected with client_fd = 1746
New client connected with client_fd = 1747
New client connected with client_fd = 1748
New client connected with client_fd = 1749
New client connected with client_fd = 1750
New client connected with client_fd = 1751
New client connected with client_fd = 1752
New client connected with client_fd = 1753
New client connected with client_fd = 1754
New client connected with client_fd = 1755
New client connected with client_fd = 1756
New client connected with client_fd = 1757
New client connected with client_fd = 1758
New client connected with client_fd = 1759
New client connected with client_fd = 1760
New client connected with client_fd = 1761
New client connected with client_fd = 1762
New client connected with client_fd = 1763
New client connected with client_fd = 1764
New client connected with client_fd = 1765
New client connected with client_fd = 1766
New client connected with client_fd = 1767
New client connected with client_fd = 1768
New client connected with client_fd = 1769
New client connected with client_fd = 1770
New client connected with client_fd = 1771
New client connected with client_fd = 1772
New client connected with client_fd = 1773
New client connected with client_fd = 1774
New client connected with client_fd = 1775
New client connected with client_fd = 1776
New client connected with client_fd = 1777
New client connected with client_fd = 1778
New client connected with client_fd = 1779
New client connected with client_fd = 1780
New client connected with client_fd = 1781
New client connected with client_fd = 1782
New client connected with client_fd = 1783
New client connected with client_fd = 1784
New client connected with client_fd = 1785
New client connected with client_fd = 1786
New client connected with client_fd = 1787
New client connected with client_fd = 1788
New client connected with client_fd = 1789
New client connected with client_fd = 1790
New client connected with client_fd = 1791
New client connected with client_fd = 1792
New client connected with client_fd = 1793
New client connected with client_fd = 1794
New client connected with client_fd = 1795
New client connected with client_fd = 1796
New client connected with client_fd = 1797
New client connected with client_fd = 1798
New client connected with client_fd = 1799
New client connected with client_fd = 1800
New client connected with client_fd = 1801
New client connected with client_fd = 1802
New client connected with client_fd = 1803
New client connected with client_fd = 1804
New client connected with client_fd = 1805
New client connected with client_fd = 1806
New client connected with client_fd = 1807
New client connected with client_fd = 1808
New client connected with client_fd = 1809
New client connected with client_fd = 1810
New client connected with client_fd = 1811
New client connected with client_fd = 1812
New client connected with client_fd = 1813
New client connected with client_fd = 1814
New client connected with client_fd = 1815
New client connected with client_fd = 1816
New client connected with client_fd = 1817
New client connected with client_fd = 1818
New client connected with client_fd = 1819
New client connected with client_fd = 1820
New client connected with client_fd = 1821
New client connected with client_fd = 1822
New client connected with client_fd = 1823
New client connected with client_fd = 1824
New client connected with client_fd = 1825
New client connected with client_fd = 1826
New client connected with client_fd = 1827
New client connected with client_fd = 1828
New client connected with client_fd = 1829
New client connected with client_fd = 1830
New client connected with client_fd = 1831
New client connected with client_fd = 1832
New client connected with client_fd = 1833
New client connected with client_fd = 1834
New client connected with client_fd = 1835
New client connected with client_fd = 1836
New client connected with client_fd = 1837
New client connected with client_fd = 1838
New client connected with client_fd = 1839
New client connected with client_fd = 1840
New client connected with client_fd = 1841
New client connected with client_fd = 1842
New client connected with client_fd = 1843
New client connected with client_fd = 1844
New client connected with client_fd = 1845
New client connected with client_fd = 1846
New client connected with client_fd = 1847
New client connected with client_fd = 1848
New client connected with client_fd = 1849
New client connected with client_fd = 1850
New client connected with client_fd = 1851
New client connected with client_fd = 1852
New client connected with client_fd = 1853
New client connected with client_fd = 1854
New client connected with client_fd = 1855
New client connected with client_fd = 1856
New client connected with client_fd = 1857
New client connected with client_fd = 1858
New client connected with client_fd = 1859
New client connected with client_fd = 1860
New client connected with client_fd = 1861
New client connected with client_fd = 1862
New client connected with client_fd = 1863
New client connected with client_fd = 1864
New client connected with client_fd = 1865
New client connected with client_fd = 1866
New client connected with client_fd = 1867
New client connected with client_fd = 1868
New client connected with client_fd = 1869
New client connected with client_fd = 1870
New client connected with client_fd = 1871
New client connected with client_fd = 1872
New client connected with client_fd = 1873
New client connected with client_fd = 1874
New client connected with client_fd = 1875
New client connected with client_fd = 1876
New client connected with client_fd = 1877
New client connected with client_fd = 1878
New client connected with client_fd = 1879
New client connected with client_fd = 1880
New client connected with client_fd = 1881
New client connected with client_fd = 1882
New client connected with client_fd = 1883
New client connected with client_fd = 1884
New client connected with client_fd = 1885
New client connected with client_fd = 1886
New client connected with client_fd = 1887
New client connected with client_fd = 1888
New client connected with client_fd = 1889
New client connected with client_fd = 1890
New client connected with client_fd = 1891
New client connected with client_fd = 1892
New client connected with client_fd = 1893
New client connected with client_fd = 1894
New client connected with client_fd = 1895
New client connected with client_fd = 1896
New client connected with client_fd = 1897
New client connected with client_fd = 1898
New client connected with client_fd = 1899
New client connected with client_fd = 1900
New client connected with client_fd = 1901
New client connected with client_fd = 1902
New client connected with client_fd = 1903
New client connected with client_fd = 1904
New client connected with client_fd = 1905
New client connected with client_fd = 1906
New client connected with client_fd = 1907
New client connected with client_fd = 1908
New client connected with client_fd = 1909
New client connected with client_fd = 1910
New client connected with client_fd = 1911
New client connected with client_fd = 1912
New client connected with client_fd = 1913
New client connected with client_fd = 1914
New client connected with client_fd = 1915
New client connected with client_fd = 1916
New client connected with client_fd = 1917
New client connected with client_fd = 1918
New client connected with client_fd = 1919
New client connected with client_fd = 1920
New client connected with client_fd = 1921
New client connected with client_fd = 1922
New client connected with client_fd = 1923
New client connected with client_fd = 1924
New client connected with client_fd = 1925
New client connected with client_fd = 1926
New client connected with client_fd = 1927
New client connected with client_fd = 1928
New client connected with client_fd = 1929
New client connected with client_fd = 1930
New client connected with client_fd = 1931
New client connected with client_fd = 1932
New client connected with client_fd = 1933
New client connected with client_fd = 1934
New client connected with client_fd = 1935
New client connected with client_fd = 1936
New client connected with client_fd = 1937
New client connected with client_fd = 1938
New client connected with client_fd = 1939
New client connected with client_fd = 1940
New client connected with client_fd = 1941
New client connected with client_fd = 1942
New client connected with client_fd = 1943
New client connected with client_fd = 1944
New client connected with client_fd = 1945
New client connected with client_fd = 1946
New client connected with client_fd = 1947
New client connected with client_fd = 1948
New client connected with client_fd = 1949
New client connected with client_fd = 1950
New client connected with client_fd = 1951
New client connected with client_fd = 1952
New client connected with client_fd = 1953
New client connected with client_fd = 1954
New client connected with client_fd = 1955
New client connected with client_fd = 1956
New client connected with client_fd = 1957
New client connected with client_fd = 1958
New client connected with client_fd = 1959
New client connected with client_fd = 1960
New client connected with client_fd = 1961
New client connected with client_fd = 1962
New client connected with client_fd = 1963
New client connected with client_fd = 1964
New client connected with client_fd = 1965
New client connected with client_fd = 1966
New client connected with client_fd = 1967
New client connected with client_fd = 1968
New client connected with client_fd = 1969
New client connected with client_fd = 1970
New client connected with client_fd = 1971
New client connected with client_fd = 1972
New client connected with client_fd = 1973
New client connected with client_fd = 1974
New client connected with client_fd = 1975
New client connected with client_fd = 1976
New client connected with client_fd = 1977
New client connected with client_fd = 1978
New client connected with client_fd = 1979
New client connected with client_fd = 1980
New client connected with client_fd = 1981
New client connected with client_fd = 1982
New client connected with client_fd = 1983
New client connected with client_fd = 1984
New client connected with client_fd = 1985
New client connected with client_fd = 1986
New client connected with client_fd = 1987
New client connected with client_fd = 1988
New client connected with client_fd = 1989
New client connected with client_fd = 1990
New client connected with client_fd = 1991
New client connected with client_fd = 1992
New client connected with client_fd = 1993
New client connected with client_fd = 1994
New client connected with client_fd = 1995
New client connected with client_fd = 1996
New client connected with client_fd = 1997
New client connected with client_fd = 1998
New client connected with client_fd = 1999
New client connected with client_fd = 2000
New client connected with client_fd = 2001
New client connected with client_fd = 2002
New client connected with client_fd = 2003
New client connected with client_fd = 2004
New client connected with client_fd = 2005
New client connected with client_fd = 2006
New client connected with client_fd = 2007
New client connected with client_fd = 2008
New client connected with client_fd = 2009
New client connected with client_fd = 2010
New client connected with client_fd = 2011
New client connected with client_fd = 2012
New client connected with client_fd = 2013
New client connected with client_fd = 2014
New client connected with client_fd = 2015
New client connected with client_fd = 2016
New client connected with client_fd = 2017
New client connected with client_fd = 2018
New client connected with client_fd = 2019
New client connected with client_fd = 2020
New client connected with client_fd = 2021
New client connected with client_fd = 2022
New client connected with client_fd = 2023
New client connected with client_fd = 2024
New client connected with client_fd = 2025
New client connected with client_fd = 2026
New client connected with client_fd = 2027
New client connected with client_fd = 2028
New client connected with client_fd = 2029
New client connected with client_fd = 2030
New client connected with client_fd = 2031
New client connected with client_fd = 2032
New client connected with client_fd = 2033
New client connected with client_fd = 2034
New client connected with client_fd = 2035
New client connected with client_fd = 2036
New client connected with client_fd = 2037
New client connected with client_fd = 2038
New client connected with client_fd = 2039
New client connected with client_fd = 2040
New client connected with client_fd = 2041
New client connected with client_fd = 2042
New client connected with client_fd = 2043
New client connected with client_fd = 2044
New client connected with client_fd = 2045
New client connected with client_fd = 2046
New client connected with client_fd = 2047
New client connected with client_fd = 2048
New client connected with client_fd = 2049
New client connected with client_fd = 2050
New client connected with client_fd = 2051
New client connected with client_fd = 2052
New client connected with client_fd = 2053
New client connected with client_fd = 2054
New client connected with client_fd = 2055
New client connected with client_fd = 2056
New client connected with client_fd = 2057
New client connected with client_fd = 2058
New client connected with client_fd = 2059
New client connected with client_fd = 2060
New client connected with client_fd = 2061
New client connected with client_fd = 2062
New client connected with client_fd = 2063
New client connected with client_fd = 2064
New client connected with client_fd = 2065
New client connected with client_fd = 2066
New client connected with client_fd = 2067
New client connected with client_fd = 2068
New client connected with client_fd = 2069
New client connected with client_fd = 2070
New client connected with client_fd = 2071
New client connected with client_fd = 2072
New client connected with client_fd = 2073
New client connected with client_fd = 2074
New client connected with client_fd = 2075
New client connected with client_fd = 2076
New client connected with client_fd = 2077
New client connected with client_fd = 2078
New client connected with client_fd = 2079
New client connected with client_fd = 2080
New client connected with client_fd = 2081
New client connected with client_fd = 2082
New client connected with client_fd = 2083
New client connected with client_fd = 2084
New client connected with client_fd = 2085
New client connected with client_fd = 2086
New client connected with client_fd = 2087
New client connected with client_fd = 2088
New client connected with client_fd = 2089
New client connected with client_fd = 2090
New client connected with client_fd = 2091
New client connected with client_fd = 2092
New client connected with client_fd = 2093
New client connected with client_fd = 2094
New client connected with client_fd = 2095
New client connected with client_fd = 2096
New client connected with client_fd = 2097
New client connected with client_fd = 2098
New client connected with client_fd = 2099
New client connected with client_fd = 2100
New client connected with client_fd = 2101
New client connected with client_fd = 2102
New client connected with client_fd = 2103
New client connected with client_fd = 2104
New client connected with client_fd = 2105
New client connected with client_fd = 2106
New client connected with client_fd = 2107
New client connected with client_fd = 2108
New client connected with client_fd = 2109
New client connected with client_fd = 2110
New client connected with client_fd = 2111
New client connected with client_fd = 2112
New client connected with client_fd = 2113
New client connected with client_fd = 2114
New client connected with client_fd = 2115
New client connected with client_fd = 2116
New client connected with client_fd = 2117
New client connected with client_fd = 2118
New client connected with client_fd = 2119
New client connected with client_fd = 2120
New client connected with client_fd = 2121
New client connected with client_fd = 2122
New client connected with client_fd = 2123
New client connected with client_fd = 2124
New client connected with client_fd = 2125
New client connected with client_fd = 2126
New client connected with client_fd = 2127
New client connected with client_fd = 2128
New client connected with client_fd = 2129
New client connected with client_fd = 2130
New client connected with client_fd = 2131
New client connected with client_fd = 2132
New client connected with client_fd = 2133
New client connected with client_fd = 2134
New client connected with client_fd = 2135
New client connected with client_fd = 2136
New client connected with client_fd = 2137
New client connected with client_fd = 2138
New client connected with client_fd = 2139
New client connected with client_fd = 2140
New client connected with client_fd = 2141
New client connected with client_fd = 2142
New client connected with client_fd = 2143
New client connected with client_fd = 2144
New client connected with client_fd = 2145
New client connected with client_fd = 2146
New client connected with client_fd = 2147
New client connected with client_fd = 2148
New client connected with client_fd = 2149
New client connected with client_fd = 2150
New client connected with client_fd = 2151
New client connected with client_fd = 2152
New client connected with client_fd = 2153
New client connected with client_fd = 2154
New client connected with client_fd = 2155
New client connected with client_fd = 2156
New client connected with client_fd = 2157
New client connected with client_fd = 2158
New client connected with client_fd = 2159
New client connected with client_fd = 2160
New client connected with client_fd = 2161
New client connected with client_fd = 2162
New client connected with client_fd = 2163
New client connected with client_fd = 2164
New client connected with client_fd = 2165
New client connected with client_fd = 2166
New client connected with client_fd = 2167
New client connected with client_fd = 2168
New client connected with client_fd = 2169
New client connected with client_fd = 2170
New client connected with client_fd = 2171
New client connected with client_fd = 2172
New client connected with client_fd = 2173
New client connected with client_fd = 2174
New client connected with client_fd = 2175
New client connected with client_fd = 2176
New client connected with client_fd = 2177
New client connected with client_fd = 2178
New client connected with client_fd = 2179
New client connected with client_fd = 2180
New client connected with client_fd = 2181
New client connected with client_fd = 2182
New client connected with client_fd = 2183
New client connected with client_fd = 2184
New client connected with client_fd = 2185
New client connected with client_fd = 2186
New client connected with client_fd = 2187
New client connected with client_fd = 2188
New client connected with client_fd = 2189
New client connected with client_fd = 2190
New client connected with client_fd = 2191
New client connected with client_fd = 2192
New client connected with client_fd = 2193
New client connected with client_fd = 2194
New client connected with client_fd = 2195
New client connected with client_fd = 2196
New client connected with client_fd = 2197
New client connected with client_fd = 2198
New client connected with client_fd = 2199
New client connected with client_fd = 2200
New client connected with client_fd = 2201
New client connected with client_fd = 2202
New client connected with client_fd = 2203
New client connected with client_fd = 2204
New client connected with client_fd = 2205
New client connected with client_fd = 2206
New client connected with client_fd = 2207
New client connected with client_fd = 2208
New client connected with client_fd = 2209
New client connected with client_fd = 2210
New client connected with client_fd = 2211
New client connected with client_fd = 2212
New client connected with client_fd = 2213
New client connected with client_fd = 2214
New client connected with client_fd = 2215
New client connected with client_fd = 2216
New client connected with client_fd = 2217
New client connected with client_fd = 2218
New client connected with client_fd = 2219
New client connected with client_fd = 2220
New client connected with client_fd = 2221
New client connected with client_fd = 2222
New client connected with client_fd = 2223
New client connected with client_fd = 2224
New client connected with client_fd = 2225
New client connected with client_fd = 2226
New client connected with client_fd = 2227
New client connected with client_fd = 2228
New client connected with client_fd = 2229
New client connected with client_fd = 2230
New client connected with client_fd = 2231
New client connected with client_fd = 2232
New client connected with client_fd = 2233
New client connected with client_fd = 2234
New client connected with client_fd = 2235
New client connected with client_fd = 2236
New client connected with client_fd = 2237
New client connected with client_fd = 2238
New client connected with client_fd = 2239
New client connected with client_fd = 2240
New client connected with client_fd = 2241
New client connected with client_fd = 2242
New client connected with client_fd = 2243
New client connected with client_fd = 2244
New client connected with client_fd = 2245
New client connected with client_fd = 2246
New client connected with client_fd = 2247
New client connected with client_fd = 2248
New client connected with client_fd = 2249
New client connected with client_fd = 2250
New client connected with client_fd = 2251
New client connected with client_fd = 2252
New client connected with client_fd = 2253
New client connected with client_fd = 2254
New client connected with client_fd = 2255
New client connected with client_fd = 2256
New client connected with client_fd = 2257
New client connected with client_fd = 2258
New client connected with client_fd = 2259
New client connected with client_fd = 2260
New client connected with client_fd = 2261
New client connected with client_fd = 2262
New client connected with client_fd = 2263
New client connected with client_fd = 2264
New client connected with client_fd = 2265
New client connected with client_fd = 2266
New client connected with client_fd = 2267
New client connected with client_fd = 2268
New client connected with client_fd = 2269
New client connected with client_fd = 2270
New client connected with client_fd = 2271
New client connected with client_fd = 2272
New client connected with client_fd = 2273
New client connected with client_fd = 2274
New client connected with client_fd = 2275
New client connected with client_fd = 2276
New client connected with client_fd = 2277
New client connected with client_fd = 2278
New client connected with client_fd = 2279
New client connected with client_fd = 2280
New client connected with client_fd = 2281
New client connected with client_fd = 2282
New client connected with client_fd = 2283
New client connected with client_fd = 2284
New client connected with client_fd = 2285
New client connected with client_fd = 2286
New client connected with client_fd = 2287
New client connected with client_fd = 2288
New client connected with client_fd = 2289
New client connected with client_fd = 2290
New client connected with client_fd = 2291
New client connected with client_fd = 2292
New client connected with client_fd = 2293
New client connected with client_fd = 2294
New client connected with client_fd = 2295
New client connected with client_fd = 2296
New client connected with client_fd = 2297
New client connected with client_fd = 2298
New client connected with client_fd = 2299
New client connected with client_fd = 2300
New client connected with client_fd = 2301
New client connected with client_fd = 2302
New client connected with client_fd = 2303
New client connected with client_fd = 2304
New client connected with client_fd = 2305
New client connected with client_fd = 2306
New client connected with client_fd = 2307
New client connected with client_fd = 2308
New client connected with client_fd = 2309
New client connected with client_fd = 2310
New client connected with client_fd = 2311
New client connected with client_fd = 2312
New client connected with client_fd = 2313
New client connected with client_fd = 2314
New client connected with client_fd = 2315
New client connected with client_fd = 2316
New client connected with client_fd = 2317
New client connected with client_fd = 2318
New client connected with client_fd = 2319
New client connected with client_fd = 2320
New client connected with client_fd = 2321
New client connected with client_fd = 2322
New client connected with client_fd = 2323
New client connected with client_fd = 2324
New client connected with client_fd = 2325
New client connected with client_fd = 2326
New client connected with client_fd = 2327
New client connected with client_fd = 2328
New client connected with client_fd = 2329
New client connected with client_fd = 2330
New client connected with client_fd = 2331
New client connected with client_fd = 2332
New client connected with client_fd = 2333
New client connected with client_fd = 2334
New client connected with client_fd = 2335
New client connected with client_fd = 2336
New client connected with client_fd = 2337
New client connected with client_fd = 2338
New client connected with client_fd = 2339
New client connected with client_fd = 2340
New client connected with client_fd = 2341
New client connected with client_fd = 2342
New client connected with client_fd = 2343
New client connected with client_fd = 2344
New client connected with client_fd = 2345
New client connected with client_fd = 2346
New client connected with client_fd = 2347
New client connected with client_fd = 2348
New client connected with client_fd = 2349
New client connected with client_fd = 2350
New client connected with client_fd = 2351
New client connected with client_fd = 2352
New client connected with client_fd = 2353
New client connected with client_fd = 2354
New client connected with client_fd = 2355
New client connected with client_fd = 2356
New client connected with client_fd = 2357
New client connected with client_fd = 2358
New client connected with client_fd = 2359
New client connected with client_fd = 2360
New client connected with client_fd = 2361
New client connected with client_fd = 2362
New client connected with client_fd = 2363
New client connected with client_fd = 2364
New client connected with client_fd = 2365
New client connected with client_fd = 2366
New client connected with client_fd = 2367
New client connected with client_fd = 2368
New client connected with client_fd = 2369
New client connected with client_fd = 2370
New client connected with client_fd = 2371
New client connected with client_fd = 2372
New client connected with client_fd = 2373
New client connected with client_fd = 2374
New client connected with client_fd = 2375
New client connected with client_fd = 2376
New client connected with client_fd = 2377
New client connected with client_fd = 2378
New client connected with client_fd = 2379
New client connected with client_fd = 2380
New client connected with client_fd = 2381
New client connected with client_fd = 2382
New client connected with client_fd = 2383
New client connected with client_fd = 2384
New client connected with client_fd = 2385
New client connected with client_fd = 2386
New client connected with client_fd = 2387
New client connected with client_fd = 2388
New client connected with client_fd = 2389
New client connected with client_fd = 2390
New client connected with client_fd = 2391
New client connected with client_fd = 2392
New client connected with client_fd = 2393
New client connected with client_fd = 2394
New client connected with client_fd = 2395
New client connected with client_fd = 2396
New client connected with client_fd = 2397
New client connected with client_fd = 2398
New client connected with client_fd = 2399
New client connected with client_fd = 2400
New client connected with client_fd = 2401
New client connected with client_fd = 2402
New client connected with client_fd = 2403
New client connected with client_fd = 2404
New client connected with client_fd = 2405
New client connected with client_fd = 2406
New client connected with client_fd = 2407
New client connected with client_fd = 2408
New client connected with client_fd = 2409
New client connected with client_fd = 2410
New client connected with client_fd = 2411
New client connected with client_fd = 2412
New client connected with client_fd = 2413
New client connected with client_fd = 2414
New client connected with client_fd = 2415
New client connected with client_fd = 2416
New client connected with client_fd = 2417
New client connected with client_fd = 2418
New client connected with client_fd = 2419
New client connected with client_fd = 2420
New client connected with client_fd = 2421
New client connected with client_fd = 2422
New client connected with client_fd = 2423
New client connected with client_fd = 2424
New client connected with client_fd = 2425
New client connected with client_fd = 2426
New client connected with client_fd = 2427
New client connected with client_fd = 2428
New client connected with client_fd = 2429
New client connected with client_fd = 2430
New client connected with client_fd = 2431
New client connected with client_fd = 2432
New client connected with client_fd = 2433
New client connected with client_fd = 2434
New client connected with client_fd = 2435
New client connected with client_fd = 2436
New client connected with client_fd = 2437
New client connected with client_fd = 2438
New client connected with client_fd = 2439
New client connected with client_fd = 2440
New client connected with client_fd = 2441
New client connected with client_fd = 2442
New client connected with client_fd = 2443
New client connected with client_fd = 2444
New client connected with client_fd = 2445
New client connected with client_fd = 2446
New client connected with client_fd = 2447
New client connected with client_fd = 2448
New client connected with client_fd = 2449
New client connected with client_fd = 2450
New client connected with client_fd = 2451
New client connected with client_fd = 2452
New client connected with client_fd = 2453
New client connected with client_fd = 2454
New client connected with client_fd = 2455
New client connected with client_fd = 2456
New client connected with client_fd = 2457
New client connected with client_fd = 2458
New client connected with client_fd = 2459
New client connected with client_fd = 2460
New client connected with client_fd = 2461
New client connected with client_fd = 2462
New client connected with client_fd = 2463
New client connected with client_fd = 2464
New client connected with client_fd = 2465
New client connected with client_fd = 2466
New client connected with client_fd = 2467
New client connected with client_fd = 2468
New client connected with client_fd = 2469
New client connected with client_fd = 2470
New client connected with client_fd = 2471
New client connected with client_fd = 2472
New client connected with client_fd = 2473
New client connected with client_fd = 2474
New client connected with client_fd = 2475
New client connected with client_fd = 2476
New client connected with client_fd = 2477
New client connected with client_fd = 2478
New client connected with client_fd = 2479
New client connected with client_fd = 2480
New client connected with client_fd = 2481
New client connected with client_fd = 2482
New client connected with client_fd = 2483
New client connected with client_fd = 2484
New client connected with client_fd = 2485
New client connected with client_fd = 2486
New client connected with client_fd = 2487
New client connected with client_fd = 2488
New client connected with client_fd = 2489
New client connected with client_fd = 2490
New client connected with client_fd = 2491
New client connected with client_fd = 2492
New client connected with client_fd = 2493
New client connected with client_fd = 2494
New client connected with client_fd = 2495
New client connected with client_fd = 2496
New client connected with client_fd = 2497
New client connected with client_fd = 2498
New client connected with client_fd = 2499
New client connected with client_fd = 2500
New client connected with client_fd = 2501
New client connected with client_fd = 2502
New client connected with client_fd = 2503
New client connected with client_fd = 2504
New client connected with client_fd = 2505
New client connected with client_fd = 2506
New client connected with client_fd = 2507
New client connected with client_fd = 2508
New client connected with client_fd = 2509
New client connected with client_fd = 2510
New client connected with client_fd = 2511
New client connected with client_fd = 2512
New client connected with client_fd = 2513
New client connected with client_fd = 2514
New client connected with client_fd = 2515
New client connected with client_fd = 2516
New client connected with client_fd = 2517
New client connected with client_fd = 2518
New client connected with client_fd = 2519
New client connected with client_fd = 2520
New client connected with client_fd = 2521
New client connected with client_fd = 2522
New client connected with client_fd = 2523
New client connected with client_fd = 2524
New client connected with client_fd = 2525
New client connected with client_fd = 2526
New client connected with client_fd = 2527
New client connected with client_fd = 2528
New client connected with client_fd = 2529
New client connected with client_fd = 2530
New client connected with client_fd = 2531
New client connected with client_fd = 2532
New client connected with client_fd = 2533
New client connected with client_fd = 2534
New client connected with client_fd = 2535
New client connected with client_fd = 2536
New client connected with client_fd = 2537
New client connected with client_fd = 2538
New client connected with client_fd = 2539
New client connected with client_fd = 2540
New client connected with client_fd = 2541
New client connected with client_fd = 2542
New client connected with client_fd = 2543
New client connected with client_fd = 2544
New client connected with client_fd = 2545
New client connected with client_fd = 2546
New client connected with client_fd = 2547
New client connected with client_fd = 2548
New client connected with client_fd = 2549
New client connected with client_fd = 2550
New client connected with client_fd = 2551
New client connected with client_fd = 2552
New client connected with client_fd = 2553
New client connected with client_fd = 2554
New client connected with client_fd = 2555
New client connected with client_fd = 2556
New client connected with client_fd = 2557
New client connected with client_fd = 2558
New client connected with client_fd = 2559
New client connected with client_fd = 2560
New client connected with client_fd = 2561
New client connected with client_fd = 2562
New client connected with client_fd = 2563
New client connected with client_fd = 2564
New client connected with client_fd = 2565
New client connected with client_fd = 2566
New client connected with client_fd = 2567
New client connected with client_fd = 2568
New client connected with client_fd = 2569
New client connected with client_fd = 2570
New client connected with client_fd = 2571
New client connected with client_fd = 2572
New client connected with client_fd = 2573
New client connected with client_fd = 2574
New client connected with client_fd = 2575
New client connected with client_fd = 2576
New client connected with client_fd = 2577
New client connected with client_fd = 2578
New client connected with client_fd = 2579
New client connected with client_fd = 2580
New client connected with client_fd = 2581
New client connected with client_fd = 2582
New client connected with client_fd = 2583
New client connected with client_fd = 2584
New client connected with client_fd = 2585
New client connected with client_fd = 2586
New client connected with client_fd = 2587
New client connected with client_fd = 2588
New client connected with client_fd = 2589
New client connected with client_fd = 2590
New client connected with client_fd = 2591
New client connected with client_fd = 2592
New client connected with client_fd = 2593
New client connected with client_fd = 2594
New client connected with client_fd = 2595
New client connected with client_fd = 2596
New client connected with client_fd = 2597
New client connected with client_fd = 2598
New client connected with client_fd = 2599
New client connected with client_fd = 2600
New client connected with client_fd = 2601
New client connected with client_fd = 2602
New client connected with client_fd = 2603
New client connected with client_fd = 2604
New client connected with client_fd = 2605
New client connected with client_fd = 2606
New client connected with client_fd = 2607
New client connected with client_fd = 2608
New client connected with client_fd = 2609
New client connected with client_fd = 2610
New client connected with client_fd = 2611
New client connected with client_fd = 2612
New client connected with client_fd = 2613
New client connected with client_fd = 2614
New client connected with client_fd = 2615
New client connected with client_fd = 2616
New client connected with client_fd = 2617
New client connected with client_fd = 2618
New client connected with client_fd = 2619
New client connected with client_fd = 2620
New client connected with client_fd = 2621
New client connected with client_fd = 2622
New client connected with client_fd = 2623
New client connected with client_fd = 2624
New client connected with client_fd = 2625
New client connected with client_fd = 2626
New client connected with client_fd = 2627
New client connected with client_fd = 2628
New client connected with client_fd = 2629
New client connected with client_fd = 2630
New client connected with client_fd = 2631
New client connected with client_fd = 2632
New client connected with client_fd = 2633
New client connected with client_fd = 2634
New client connected with client_fd = 2635
New client connected with client_fd = 2636
New client connected with client_fd = 2637
New client connected with client_fd = 2638
New client connected with client_fd = 2639
New client connected with client_fd = 2640
New client connected with client_fd = 2641
New client connected with client_fd = 2642
New client connected with client_fd = 2643
New client connected with client_fd = 2644
New client connected with client_fd = 2645
New client connected with client_fd = 2646
New client connected with client_fd = 2647
New client connected with client_fd = 2648
New client connected with client_fd = 2649
New client connected with client_fd = 2650
New client connected with client_fd = 2651
New client connected with client_fd = 2652
New client connected with client_fd = 2653
New client connected with client_fd = 2654
New client connected with client_fd = 2655
New client connected with client_fd = 2656
New client connected with client_fd = 2657
New client connected with client_fd = 2658
New client connected with client_fd = 2659
New client connected with client_fd = 2660
New client connected with client_fd = 2661
New client connected with client_fd = 2662
New client connected with client_fd = 2663
New client connected with client_fd = 2664
New client connected with client_fd = 2665
New client connected with client_fd = 2666
New client connected with client_fd = 2667
New client connected with client_fd = 2668
New client connected with client_fd = 2669
New client connected with client_fd = 2670
New client connected with client_fd = 2671
New client connected with client_fd = 2672
New client connected with client_fd = 2673
New client connected with client_fd = 2674
New client connected with client_fd = 2675
New client connected with client_fd = 2676
New client connected with client_fd = 2677
New client connected with client_fd = 2678
New client connected with client_fd = 2679
New client connected with client_fd = 2680
New client connected with client_fd = 2681
New client connected with client_fd = 2682
New client connected with client_fd = 2683
New client connected with client_fd = 2684
New client connected with client_fd = 2685
New client connected with client_fd = 2686
New client connected with client_fd = 2687
New client connected with client_fd = 2688
New client connected with client_fd = 2689
New client connected with client_fd = 2690
New client connected with client_fd = 2691
New client connected with client_fd = 2692
New client connected with client_fd = 2693
New client connected with client_fd = 2694
New client connected with client_fd = 2695
New client connected with client_fd = 2696
New client connected with client_fd = 2697
New client connected with client_fd = 2698
New client connected with client_fd = 2699
New client connected with client_fd = 2700
New client connected with client_fd = 2701
New client connected with client_fd = 2702
New client connected with client_fd = 2703
New client connected with client_fd = 2704
New client connected with client_fd = 2705
New client connected with client_fd = 2706
New client connected with client_fd = 2707
New client connected with client_fd = 2708
New client connected with client_fd = 2709
New client connected with client_fd = 2710
New client connected with client_fd = 2711
New client connected with client_fd = 2712
New client connected with client_fd = 2713
New client connected with client_fd = 2714
New client connected with client_fd = 2715
New client connected with client_fd = 2716
New client connected with client_fd = 2717
New client connected with client_fd = 2718
New client connected with client_fd = 2719
New client connected with client_fd = 2720
New client connected with client_fd = 2721
New client connected with client_fd = 2722
New client connected with client_fd = 2723
New client connected with client_fd = 2724
New client connected with client_fd = 2725
New client connected with client_fd = 2726
New client connected with client_fd = 2727
New client connected with client_fd = 2728
New client connected with client_fd = 2729
New client connected with client_fd = 2730
New client connected with client_fd = 2731
New client connected with client_fd = 2732
New client connected with client_fd = 2733
New client connected with client_fd = 2734
New client connected with client_fd = 2735
New client connected with client_fd = 2736
New client connected with client_fd = 2737
New client connected with client_fd = 2738
New client connected with client_fd = 2739
New client connected with client_fd = 2740
New client connected with client_fd = 2741
New client connected with client_fd = 2742
New client connected with client_fd = 2743
New client connected with client_fd = 2744
New client connected with client_fd = 2745
New client connected with client_fd = 2746
New client connected with client_fd = 2747
New client connected with client_fd = 2748
New client connected with client_fd = 2749
New client connected with client_fd = 2750
New client connected with client_fd = 2751
New client connected with client_fd = 2752
New client connected with client_fd = 2753
New client connected with client_fd = 2754
New client connected with client_fd = 2755
New client connected with client_fd = 2756
New client connected with client_fd = 2757
New client connected with client_fd = 2758
New client connected with client_fd = 2759
New client connected with client_fd = 2760
New client connected with client_fd = 2761
New client connected with client_fd = 2762
New client connected with client_fd = 2763
New client connected with client_fd = 2764
New client connected with client_fd = 2765
New client connected with client_fd = 2766
New client connected with client_fd = 2767
New client connected with client_fd = 2768
New client connected with client_fd = 2769
New client connected with client_fd = 2770
New client connected with client_fd = 2771
New client connected with client_fd = 2772
New client connected with client_fd = 2773
New client connected with client_fd = 2774
New client connected with client_fd = 2775
New client connected with client_fd = 2776
New client connected with client_fd = 2777
New client connected with client_fd = 2778
New client connected with client_fd = 2779
New client connected with client_fd = 2780
New client connected with client_fd = 2781
New client connected with client_fd = 2782
New client connected with client_fd = 2783
New client connected with client_fd = 2784
New client connected with client_fd = 2785
New client connected with client_fd = 2786
New client connected with client_fd = 2787
New client connected with client_fd = 2788
New client connected with client_fd = 2789
New client connected with client_fd = 2790
New client connected with client_fd = 2791
New client connected with client_fd = 2792
New client connected with client_fd = 2793
New client connected with client_fd = 2794
New client connected with client_fd = 2795
New client connected with client_fd = 2796
New client connected with client_fd = 2797
New client connected with client_fd = 2798
New client connected with client_fd = 2799
New client connected with client_fd = 2800
New client connected with client_fd = 2801
New client connected with client_fd = 2802
New client connected with client_fd = 2803
New client connected with client_fd = 2804
New client connected with client_fd = 2805
New client connected with client_fd = 2806
New client connected with client_fd = 2807
New client connected with client_fd = 2808
New client connected with client_fd = 2809
New client connected with client_fd = 2810
New client connected with client_fd = 2811
New client connected with client_fd = 2812
New client connected with client_fd = 2813
New client connected with client_fd = 2814
New client connected with client_fd = 2815
New client connected with client_fd = 2816
New client connected with client_fd = 2817
New client connected with client_fd = 2818
New client connected with client_fd = 2819
New client connected with client_fd = 2820
New client connected with client_fd = 2821
New client connected with client_fd = 2822
New client connected with client_fd = 2823
New client connected with client_fd = 2824
New client connected with client_fd = 2825
New client connected with client_fd = 2826
New client connected with client_fd = 2827
New client connected with client_fd = 2828
New client connected with client_fd = 2829
New client connected with client_fd = 2830
New client connected with client_fd = 2831
New client connected with client_fd = 2832
New client connected with client_fd = 2833
New client connected with client_fd = 2834
New client connected with client_fd = 2835
New client connected with client_fd = 2836
New client connected with client_fd = 2837
New client connected with client_fd = 2838
New client connected with client_fd = 2839
New client connected with client_fd = 2840
New client connected with client_fd = 2841
New client connected with client_fd = 2842
New client connected with client_fd = 2843
New client connected with client_fd = 2844
New client connected with client_fd = 2845
New client connected with client_fd = 2846
New client connected with client_fd = 2847
New client connected with client_fd = 2848
New client connected with client_fd = 2849
New client connected with client_fd = 2850
New client connected with client_fd = 2851
New client connected with client_fd = 2852
New client connected with client_fd = 2853
New client connected with client_fd = 2854
New client connected with client_fd = 2855
New client connected with client_fd = 2856
New client connected with client_fd = 2857
New client connected with client_fd = 2858
New client connected with client_fd = 2859
New client connected with client_fd = 2860
New client connected with client_fd = 2861
New client connected with client_fd = 2862
New client connected with client_fd = 2863
New client connected with client_fd = 2864
New client connected with client_fd = 2865
New client connected with client_fd = 2866
New client connected with client_fd = 2867
New client connected with client_fd = 2868
New client connected with client_fd = 2869
New client connected with client_fd = 2870
New client connected with client_fd = 2871
New client connected with client_fd = 2872
New client connected with client_fd = 2873
New client connected with client_fd = 2874
New client connected with client_fd = 2875
New client connected with client_fd = 2876
New client connected with client_fd = 2877
New client connected with client_fd = 2878
New client connected with client_fd = 2879
New client connected with client_fd = 2880
New client connected with client_fd = 2881
New client connected with client_fd = 2882
New client connected with client_fd = 2883
New client connected with client_fd = 2884
New client connected with client_fd = 2885
New client connected with client_fd = 2886
New client connected with client_fd = 2887
New client connected with client_fd = 2888
New client connected with client_fd = 2889
New client connected with client_fd = 2890
New client connected with client_fd = 2891
New client connected with client_fd = 2892
New client connected with client_fd = 2893
New client connected with client_fd = 2894
New client connected with client_fd = 2895
New client connected with client_fd = 2896
New client connected with client_fd = 2897
New client connected with client_fd = 2898
New client connected with client_fd = 2899
New client connected with client_fd = 2900
New client connected with client_fd = 2901
New client connected with client_fd = 2902
New client connected with client_fd = 2903
New client connected with client_fd = 2904
New client connected with client_fd = 2905
New client connected with client_fd = 2906
New client connected with client_fd = 2907
New client connected with client_fd = 2908
New client connected with client_fd = 2909
New client connected with client_fd = 2910
New client connected with client_fd = 2911
New client connected with client_fd = 2912
New client connected with client_fd = 2913
New client connected with client_fd = 2914
New client connected with client_fd = 2915
New client connected with client_fd = 2916
New client connected with client_fd = 2917
New client connected with client_fd = 2918
New client connected with client_fd = 2919
New client connected with client_fd = 2920
New client connected with client_fd = 2921
New client connected with client_fd = 2922
New client connected with client_fd = 2923
New client connected with client_fd = 2924
New client connected with client_fd = 2925
New client connected with client_fd = 2926
New client connected with client_fd = 2927
New client connected with client_fd = 2928
New client connected with client_fd = 2929
New client connected with client_fd = 2930
New client connected with client_fd = 2931
New client connected with client_fd = 2932
New client connected with client_fd = 2933
New client connected with client_fd = 2934
New client connected with client_fd = 2935
New client connected with client_fd = 2936
New client connected with client_fd = 2937
New client connected with client_fd = 2938
New client connected with client_fd = 2939
New client connected with client_fd = 2940
New client connected with client_fd = 2941
New client connected with client_fd = 2942
New client connected with client_fd = 2943
New client connected with client_fd = 2944
New client connected with client_fd = 2945
New client connected with client_fd = 2946
New client connected with client_fd = 2947
New client connected with client_fd = 2948
New client connected with client_fd = 2949
New client connected with client_fd = 2950
New client connected with client_fd = 2951
New client connected with client_fd = 2952
New client connected with client_fd = 2953
New client connected with client_fd = 2954
New client connected with client_fd = 2955
New client connected with client_fd = 2956
New client connected with client_fd = 2957
New client connected with client_fd = 2958
New client connected with client_fd = 2959
New client connected with client_fd = 2960
New client connected with client_fd = 2961
New client connected with client_fd = 2962
New client connected with client_fd = 2963
New client connected with client_fd = 2964
New client connected with client_fd = 2965
New client connected with client_fd = 2966
New client connected with client_fd = 2967
New client connected with client_fd = 2968
New client connected with client_fd = 2969
New client connected with client_fd = 2970
New client connected with client_fd = 2971
New client connected with client_fd = 2972
New client connected with client_fd = 2973
New client connected with client_fd = 2974
New client connected with client_fd = 2975
New client connected with client_fd = 2976
New client connected with client_fd = 2977
New client connected with client_fd = 2978
New client connected with client_fd = 2979
New client connected with client_fd = 2980
New client connected with client_fd = 2981
New client connected with client_fd = 2982
New client connected with client_fd = 2983
New client connected with client_fd = 2984
New client connected with client_fd = 2985
New client connected with client_fd = 2986
New client connected with client_fd = 2987
New client connected with client_fd = 2988
New client connected with client_fd = 2989
New client connected with client_fd = 2990
New client connected with client_fd = 2991
New client connected with client_fd = 2992
New client connected with client_fd = 2993
New client connected with client_fd = 2994
New client connected with client_fd = 2995
New client connected with client_fd = 2996
New client connected with client_fd = 2997
New client connected with client_fd = 2998
New client connected with client_fd = 2999
New client connected with client_fd = 3000
New client connected with client_fd = 3001
New client connected with client_fd = 3002
New client connected with client_fd = 3003
New client connected with client_fd = 3004
New client connected with client_fd = 3005
New client connected with client_fd = 3006
New client connected with client_fd = 3007
New client connected with client_fd = 3008
New client connected with client_fd = 3009
New client connected with client_fd = 3010
New client connected with client_fd = 3011
New client connected with client_fd = 3012
New client connected with client_fd = 3013
New client connected with client_fd = 3014
New client connected with client_fd = 3015
New client connected with client_fd = 3016
New client connected with client_fd = 3017
New client connected with client_fd = 3018
New client connected with client_fd = 3019
New client connected with client_fd = 3020
New client connected with client_fd = 3021
New client connected with client_fd = 3022
New client connected with client_fd = 3023
New client connected with client_fd = 3024
New client connected with client_fd = 3025
New client connected with client_fd = 3026
New client connected with client_fd = 3027
New client connected with client_fd = 3028
New client connected with client_fd = 3029
New client connected with client_fd = 3030
New client connected with client_fd = 3031
New client connected with client_fd = 3032
New client connected with client_fd = 3033
New client connected with client_fd = 3034
New client connected with client_fd = 3035
New client connected with client_fd = 3036
New client connected with client_fd = 3037
New client connected with client_fd = 3038
New client connected with client_fd = 3039
New client connected with client_fd = 3040
New client connected with client_fd = 3041
New client connected with client_fd = 3042
New client connected with client_fd = 3043
New client connected with client_fd = 3044
New client connected with client_fd = 3045
New client connected with client_fd = 3046
New client connected with client_fd = 3047
New client connected with client_fd = 3048
New client connected with client_fd = 3049
New client connected with client_fd = 3050
New client connected with client_fd = 3051
New client connected with client_fd = 3052
New client connected with client_fd = 3053
New client connected with client_fd = 3054
New client connected with client_fd = 3055
New client connected with client_fd = 3056
New client connected with client_fd = 3057
New client connected with client_fd = 3058
New client connected with client_fd = 3059
New client connected with client_fd = 3060
New client connected with client_fd = 3061
New client connected with client_fd = 3062
New client connected with client_fd = 3063
New client connected with client_fd = 3064
New client connected with client_fd = 3065
New client connected with client_fd = 3066
New client connected with client_fd = 3067
New client connected with client_fd = 3068
New client connected with client_fd = 3069
New client connected with client_fd = 3070
New client connected with client_fd = 3071
New client connected with client_fd = 3072
New client connected with client_fd = 3073
New client connected with client_fd = 3074
New client connected with client_fd = 3075
New client connected with client_fd = 3076
New client connected with client_fd = 3077
New client connected with client_fd = 3078
New client connected with client_fd = 3079
New client connected with client_fd = 3080
New client connected with client_fd = 3081
New client connected with client_fd = 3082
New client connected with client_fd = 3083
New client connected with client_fd = 3084
New client connected with client_fd = 3085
New client connected with client_fd = 3086
New client connected with client_fd = 3087
New client connected with client_fd = 3088
New client connected with client_fd = 3089
New client connected with client_fd = 3090
New client connected with client_fd = 3091
New client connected with client_fd = 3092
New client connected with client_fd = 3093
New client connected with client_fd = 3094
New client connected with client_fd = 3095
New client connected with client_fd = 3096
New client connected with client_fd = 3097
New client connected with client_fd = 3098
New client connected with client_fd = 3099
New client connected with client_fd = 3100
New client connected with client_fd = 3101
New client connected with client_fd = 3102
New client connected with client_fd = 3103
New client connected with client_fd = 3104
New client connected with client_fd = 3105
New client connected with client_fd = 3106
New client connected with client_fd = 3107
New client connected with client_fd = 3108
New client connected with client_fd = 3109
New client connected with client_fd = 3110
New client connected with client_fd = 3111
New client connected with client_fd = 3112
New client connected with client_fd = 3113
New client connected with client_fd = 3114
New client connected with client_fd = 3115
New client connected with client_fd = 3116
New client connected with client_fd = 3117
New client connected with client_fd = 3118
New client connected with client_fd = 3119
New client connected with client_fd = 3120
New client connected with client_fd = 3121
New client connected with client_fd = 3122
New client connected with client_fd = 3123
New client connected with client_fd = 3124
New client connected with client_fd = 3125
New client connected with client_fd = 3126
New client connected with client_fd = 3127
New client connected with client_fd = 3128
New client connected with client_fd = 3129
New client connected with client_fd = 3130
New client connected with client_fd = 3131
New client connected with client_fd = 3132
New client connected with client_fd = 3133
New client connected with client_fd = 3134
New client connected with client_fd = 3135
New client connected with client_fd = 3136
New client connected with client_fd = 3137
New client connected with client_fd = 3138
New client connected with client_fd = 3139
New client connected with client_fd = 3140
New client connected with client_fd = 3141
New client connected with client_fd = 3142
New client connected with client_fd = 3143
New client connected with client_fd = 3144
New client connected with client_fd = 3145
New client connected with client_fd = 3146
New client connected with client_fd = 3147
New client connected with client_fd = 3148
New client connected with client_fd = 3149
New client connected with client_fd = 3150
New client connected with client_fd = 3151
New client connected with client_fd = 3152
New client connected with client_fd = 3153
New client connected with client_fd = 3154
New client connected with client_fd = 3155
New client connected with client_fd = 3156
New client connected with client_fd = 3157
New client connected with client_fd = 3158
New client connected with client_fd = 3159
New client connected with client_fd = 3160
New client connected with client_fd = 3161
New client connected with client_fd = 3162
New client connected with client_fd = 3163
New client connected with client_fd = 3164
New client connected with client_fd = 3165
New client connected with client_fd = 3166
New client connected with client_fd = 3167
New client connected with client_fd = 3168
New client connected with client_fd = 3169
New client connected with client_fd = 3170
New client connected with client_fd = 3171
New client connected with client_fd = 3172
New client connected with client_fd = 3173
New client connected with client_fd = 3174
New client connected with client_fd = 3175
New client connected with client_fd = 3176
New client connected with client_fd = 3177
New client connected with client_fd = 3178
New client connected with client_fd = 3179
New client connected with client_fd = 3180
New client connected with client_fd = 3181
New client connected with client_fd = 3182
New client connected with client_fd = 3183
New client connected with client_fd = 3184
New client connected with client_fd = 3185
New client connected with client_fd = 3186
New client connected with client_fd = 3187
New client connected with client_fd = 3188
New client connected with client_fd = 3189
New client connected with client_fd = 3190
New client connected with client_fd = 3191
New client connected with client_fd = 3192
New client connected with client_fd = 3193
New client connected with client_fd = 3194
New client connected with client_fd = 3195
New client connected with client_fd = 3196
New client connected with client_fd = 3197
New client connected with client_fd = 3198
New client connected with client_fd = 3199
New client connected with client_fd = 3200
New client connected with client_fd = 3201
New client connected with client_fd = 3202
New client connected with client_fd = 3203
New client connected with client_fd = 3204
New client connected with client_fd = 3205
New client connected with client_fd = 3206
New client connected with client_fd = 3207
New client connected with client_fd = 3208
New client connected with client_fd = 3209
New client connected with client_fd = 3210
New client connected with client_fd = 3211
New client connected with client_fd = 3212
New client connected with client_fd = 3213
New client connected with client_fd = 3214
New client connected with client_fd = 3215
New client connected with client_fd = 3216
New client connected with client_fd = 3217
New client connected with client_fd = 3218
New client connected with client_fd = 3219
New client connected with client_fd = 3220
New client connected with client_fd = 3221
New client connected with client_fd = 3222
New client connected with client_fd = 3223
New client connected with client_fd = 3224
New client connected with client_fd = 3225
New client connected with client_fd = 3226
New client connected with client_fd = 3227
New client connected with client_fd = 3228
New client connected with client_fd = 3229
New client connected with client_fd = 3230
New client connected with client_fd = 3231
New client connected with client_fd = 3232
New client connected with client_fd = 3233
New client connected with client_fd = 3234
New client connected with client_fd = 3235
New client connected with client_fd = 3236
New client connected with client_fd = 3237
New client connected with client_fd = 3238
New client connected with client_fd = 3239
New client connected with client_fd = 3240
New client connected with client_fd = 3241
New client connected with client_fd = 3242
New client connected with client_fd = 3243
New client connected with client_fd = 3244
New client connected with client_fd = 3245
New client connected with client_fd = 3246
New client connected with client_fd = 3247
New client connected with client_fd = 3248
New client connected with client_fd = 3249
New client connected with client_fd = 3250
New client connected with client_fd = 3251
New client connected with client_fd = 3252
New client connected with client_fd = 3253
New client connected with client_fd = 3254
New client connected with client_fd = 3255
New client connected with client_fd = 3256
New client connected with client_fd = 3257
New client connected with client_fd = 3258
New client connected with client_fd = 3259
New client connected with client_fd = 3260
New client connected with client_fd = 3261
New client connected with client_fd = 3262
New client connected with client_fd = 3263
New client connected with client_fd = 3264
New client connected with client_fd = 3265
New client connected with client_fd = 3266
New client connected with client_fd = 3267
New client connected with client_fd = 3268
New client connected with client_fd = 3269
New client connected with client_fd = 3270
New client connected with client_fd = 3271
New client connected with client_fd = 3272
New client connected with client_fd = 3273
New client connected with client_fd = 3274
New client connected with client_fd = 3275
New client connected with client_fd = 3276
New client connected with client_fd = 3277
New client connected with client_fd = 3278
New client connected with client_fd = 3279
New client connected with client_fd = 3280
New client connected with client_fd = 3281
New client connected with client_fd = 3282
New client connected with client_fd = 3283
New client connected with client_fd = 3284
New client connected with client_fd = 3285
New client connected with client_fd = 3286
New client connected with client_fd = 3287
New client connected with client_fd = 3288
New client connected with client_fd = 3289
New client connected with client_fd = 3290
New client connected with client_fd = 3291
New client connected with client_fd = 3292
New client connected with client_fd = 3293
New client connected with client_fd = 3294
New client connected with client_fd = 3295
New client connected with client_fd = 3296
New client connected with client_fd = 3297
New client connected with client_fd = 3298
New client connected with client_fd = 3299
New client connected with client_fd = 3300
New client connected with client_fd = 3301
New client connected with client_fd = 3302
New client connected with client_fd = 3303
New client connected with client_fd = 3304
New client connected with client_fd = 3305
New client connected with client_fd = 3306
New client connected with client_fd = 3307
New client connected with client_fd = 3308
New client connected with client_fd = 3309
New client connected with client_fd = 3310
New client connected with client_fd = 3311
New client connected with client_fd = 3312
New client connected with client_fd = 3313
New client connected with client_fd = 3314
New client connected with client_fd = 3315
New client connected with client_fd = 3316
New client connected with client_fd = 3317
New client connected with client_fd = 3318
New client connected with client_fd = 3319
New client connected with client_fd = 3320
New client connected with client_fd = 3321
New client connected with client_fd = 3322
New client connected with client_fd = 3323
New client connected with client_fd = 3324
New client connected with client_fd = 3325
New client connected with client_fd = 3326
New client connected with client_fd = 3327
New client connected with client_fd = 3328
New client connected with client_fd = 3329
New client connected with client_fd = 3330
New client connected with client_fd = 3331
New client connected with client_fd = 3332
New client connected with client_fd = 3333
New client connected with client_fd = 3334
New client connected with client_fd = 3335
New client connected with client_fd = 3336
New client connected with client_fd = 3337
New client connected with client_fd = 3338
New client connected with client_fd = 3339
New client connected with client_fd = 3340
New client connected with client_fd = 3341
New client connected with client_fd = 3342
New client connected with client_fd = 3343
New client connected with client_fd = 3344
New client connected with client_fd = 3345
New client connected with client_fd = 3346
New client connected with client_fd = 3347
New client connected with client_fd = 3348
New client connected with client_fd = 3349
New client connected with client_fd = 3350
New client connected with client_fd = 3351
New client connected with client_fd = 3352
New client connected with client_fd = 3353
New client connected with client_fd = 3354
New client connected with client_fd = 3355
New client connected with client_fd = 3356
New client connected with client_fd = 3357
New client connected with client_fd = 3358
New client connected with client_fd = 3359
New client connected with client_fd = 3360
New client connected with client_fd = 3361
New client connected with client_fd = 3362
New client connected with client_fd = 3363
New client connected with client_fd = 3364
New client connected with client_fd = 3365
New client connected with client_fd = 3366
New client connected with client_fd = 3367
New client connected with client_fd = 3368
New client connected with client_fd = 3369
New client connected with client_fd = 3370
New client connected with client_fd = 3371
New client connected with client_fd = 3372
New client connected with client_fd = 3373
New client connected with client_fd = 3374
New client connected with client_fd = 3375
New client connected with client_fd = 3376
New client connected with client_fd = 3377
New client connected with client_fd = 3378
New client connected with client_fd = 3379
New client connected with client_fd = 3380
New client connected with client_fd = 3381
New client connected with client_fd = 3382
New client connected with client_fd = 3383
New client connected with client_fd = 3384
New client connected with client_fd = 3385
New client connected with client_fd = 3386
New client connected with client_fd = 3387
New client connected with client_fd = 3388
New client connected with client_fd = 3389
New client connected with client_fd = 3390
New client connected with client_fd = 3391
New client connected with client_fd = 3392
New client connected with client_fd = 3393
New client connected with client_fd = 3394
New client connected with client_fd = 3395
New client connected with client_fd = 3396
New client connected with client_fd = 3397
New client connected with client_fd = 3398
New client connected with client_fd = 3399
New client connected with client_fd = 3400
New client connected with client_fd = 3401
New client connected with client_fd = 3402
New client connected with client_fd = 3403
New client connected with client_fd = 3404
New client connected with client_fd = 3405
New client connected with client_fd = 3406
New client connected with client_fd = 3407
New client connected with client_fd = 3408
New client connected with client_fd = 3409
New client connected with client_fd = 3410
New client connected with client_fd = 3411
New client connected with client_fd = 3412
New client connected with client_fd = 3413
New client connected with client_fd = 3414
New client connected with client_fd = 3415
New client connected with client_fd = 3416
New client connected with client_fd = 3417
New client connected with client_fd = 3418
New client connected with client_fd = 3419
New client connected with client_fd = 3420
New client connected with client_fd = 3421
New client connected with client_fd = 3422
New client connected with client_fd = 3423
New client connected with client_fd = 3424
New client connected with client_fd = 3425
New client connected with client_fd = 3426
New client connected with client_fd = 3427
New client connected with client_fd = 3428
New client connected with client_fd = 3429
New client connected with client_fd = 3430
New client connected with client_fd = 3431
New client connected with client_fd = 3432
New client connected with client_fd = 3433
New client connected with client_fd = 3434
New client connected with client_fd = 3435
New client connected with client_fd = 3436
New client connected with client_fd = 3437
New client connected with client_fd = 3438
New client connected with client_fd = 3439
New client connected with client_fd = 3440
New client connected with client_fd = 3441
New client connected with client_fd = 3442
New client connected with client_fd = 3443
New client connected with client_fd = 3444
New client connected with client_fd = 3445
New client connected with client_fd = 3446
New client connected with client_fd = 3447
New client connected with client_fd = 3448
New client connected with client_fd = 3449
New client connected with client_fd = 3450
New client connected with client_fd = 3451
New client connected with client_fd = 3452
New client connected with client_fd = 3453
New client connected with client_fd = 3454
New client connected with client_fd = 3455
New client connected with client_fd = 3456
New client connected with client_fd = 3457
New client connected with client_fd = 3458
New client connected with client_fd = 3459
New client connected with client_fd = 3460
New client connected with client_fd = 3461
New client connected with client_fd = 3462
New client connected with client_fd = 3463
New client connected with client_fd = 3464
New client connected with client_fd = 3465
New client connected with client_fd = 3466
New client connected with client_fd = 3467
New client connected with client_fd = 3468
New client connected with client_fd = 3469
New client connected with client_fd = 3470
New client connected with client_fd = 3471
New client connected with client_fd = 3472
New client connected with client_fd = 3473
New client connected with client_fd = 3474
New client connected with client_fd = 3475
New client connected with client_fd = 3476
New client connected with client_fd = 3477
New client connected with client_fd = 3478
New client connected with client_fd = 3479
New client connected with client_fd = 3480
New client connected with client_fd = 3481
New client connected with client_fd = 3482
New client connected with client_fd = 3483
New client connected with client_fd = 3484
New client connected with client_fd = 3485
New client connected with client_fd = 3486
New client connected with client_fd = 3487
New client connected with client_fd = 3488
New client connected with client_fd = 3489
New client connected with client_fd = 3490
New client connected with client_fd = 3491
New client connected with client_fd = 3492
New client connected with client_fd = 3493
New client connected with client_fd = 3494
New client connected with client_fd = 3495
New client connected with client_fd = 3496
New client connected with client_fd = 3497
New client connected with client_fd = 3498
New client connected with client_fd = 3499
New client connected with client_fd = 3500
New client connected with client_fd = 3501
New client connected with client_fd = 3502
New client connected with client_fd = 3503
New client connected with client_fd = 3504
New client connected with client_fd = 3505
New client connected with client_fd = 3506
New client connected with client_fd = 3507
New client connected with client_fd = 3508
New client connected with client_fd = 3509
New client connected with client_fd = 3510
New client connected with client_fd = 3511
New client connected with client_fd = 3512
New client connected with client_fd = 3513
New client connected with client_fd = 3514
New client connected with client_fd = 3515
New client connected with client_fd = 3516
New client connected with client_fd = 3517
New client connected with client_fd = 3518
New client connected with client_fd = 3519
New client connected with client_fd = 3520
New client connected with client_fd = 3521
New client connected with client_fd = 3522
New client connected with client_fd = 3523
New client connected with client_fd = 3524
New client connected with client_fd = 3525
New client connected with client_fd = 3526
New client connected with client_fd = 3527
New client connected with client_fd = 3528
New client connected with client_fd = 3529
New client connected with client_fd = 3530
New client connected with client_fd = 3531
New client connected with client_fd = 3532
New client connected with client_fd = 3533
New client connected with client_fd = 3534
New client connected with client_fd = 3535
New client connected with client_fd = 3536
New client connected with client_fd = 3537
New client connected with client_fd = 3538
New client connected with client_fd = 3539
New client connected with client_fd = 3540
New client connected with client_fd = 3541
New client connected with client_fd = 3542
New client connected with client_fd = 3543
New client connected with client_fd = 3544
New client connected with client_fd = 3545
New client connected with client_fd = 3546
New client connected with client_fd = 3547
New client connected with client_fd = 3548
New client connected with client_fd = 3549
New client connected with client_fd = 3550
New client connected with client_fd = 3551
New client connected with client_fd = 3552
New client connected with client_fd = 3553
New client connected with client_fd = 3554
New client connected with client_fd = 3555
New client connected with client_fd = 3556
New client connected with client_fd = 3557
New client connected with client_fd = 3558
New client connected with client_fd = 3559
New client connected with client_fd = 3560
New client connected with client_fd = 3561
New client connected with client_fd = 3562
New client connected with client_fd = 3563
New client connected with client_fd = 3564
New client connected with client_fd = 3565
New client connected with client_fd = 3566
New client connected with client_fd = 3567
New client connected with client_fd = 3568
New client connected with client_fd = 3569
New client connected with client_fd = 3570
New client connected with client_fd = 3571
New client connected with client_fd = 3572
New client connected with client_fd = 3573
New client connected with client_fd = 3574
New client connected with client_fd = 3575
New client connected with client_fd = 3576
New client connected with client_fd = 3577
New client connected with client_fd = 3578
New client connected with client_fd = 3579
New client connected with client_fd = 3580
New client connected with client_fd = 3581
New client connected with client_fd = 3582
New client connected with client_fd = 3583
New client connected with client_fd = 3584
New client connected with client_fd = 3585
New client connected with client_fd = 3586
New client connected with client_fd = 3587
New client connected with client_fd = 3588
New client connected with client_fd = 3589
New client connected with client_fd = 3590
New client connected with client_fd = 3591
New client connected with client_fd = 3592
New client connected with client_fd = 3593
New client connected with client_fd = 3594
New client connected with client_fd = 3595
New client connected with client_fd = 3596
New client connected with client_fd = 3597
New client connected with client_fd = 3598
New client connected with client_fd = 3599
New client connected with client_fd = 3600
New client connected with client_fd = 3601
New client connected with client_fd = 3602
New client connected with client_fd = 3603
New client connected with client_fd = 3604
New client connected with client_fd = 3605
New client connected with client_fd = 3606
New client connected with client_fd = 3607
New client connected with client_fd = 3608
New client connected with client_fd = 3609
New client connected with client_fd = 3610
New client connected with client_fd = 3611
New client connected with client_fd = 3612
New client connected with client_fd = 3613
New client connected with client_fd = 3614
New client connected with client_fd = 3615
New client connected with client_fd = 3616
New client connected with client_fd = 3617
New client connected with client_fd = 3618
New client connected with client_fd = 3619
New client connected with client_fd = 3620
New client connected with client_fd = 3621
New client connected with client_fd = 3622
New client connected with client_fd = 3623
New client connected with client_fd = 3624
New client connected with client_fd = 3625
New client connected with client_fd = 3626
New client connected with client_fd = 3627
New client connected with client_fd = 3628
New client connected with client_fd = 3629
New client connected with client_fd = 3630
New client connected with client_fd = 3631
New client connected with client_fd = 3632
New client connected with client_fd = 3633
New client connected with client_fd = 3634
New client connected with client_fd = 3635
New client connected with client_fd = 3636
New client connected with client_fd = 3637
New client connected with client_fd = 3638
New client connected with client_fd = 3639
New client connected with client_fd = 3640
New client connected with client_fd = 3641
New client connected with client_fd = 3642
New client connected with client_fd = 3643
New client connected with client_fd = 3644
New client connected with client_fd = 3645
New client connected with client_fd = 3646
New client connected with client_fd = 3647
New client connected with client_fd = 3648
New client connected with client_fd = 3649
New client connected with client_fd = 3650
New client connected with client_fd = 3651
New client connected with client_fd = 3652
New client connected with client_fd = 3653
New client connected with client_fd = 3654
New client connected with client_fd = 3655
New client connected with client_fd = 3656
New client connected with client_fd = 3657
New client connected with client_fd = 3658
New client connected with client_fd = 3659
New client connected with client_fd = 3660
New client connected with client_fd = 3661
New client connected with client_fd = 3662
New client connected with client_fd = 3663
New client connected with client_fd = 3664
New client connected with client_fd = 3665
New client connected with client_fd = 3666
New client connected with client_fd = 3667
New client connected with client_fd = 3668
New client connected with client_fd = 3669
New client connected with client_fd = 3670
New client connected with client_fd = 3671
New client connected with client_fd = 3672
New client connected with client_fd = 3673
New client connected with client_fd = 3674
New client connected with client_fd = 3675
New client connected with client_fd = 3676
New client connected with client_fd = 3677
New client connected with client_fd = 3678
New client connected with client_fd = 3679
New client connected with client_fd = 3680
New client connected with client_fd = 3681
New client connected with client_fd = 3682
New client connected with client_fd = 3683
New client connected with client_fd = 3684
New client connected with client_fd = 3685
New client connected with client_fd = 3686
New client connected with client_fd = 3687
New client connected with client_fd = 3688
New client connected with client_fd = 3689
New client connected with client_fd = 3690
New client connected with client_fd = 3691
New client connected with client_fd = 3692
New client connected with client_fd = 3693
New client connected with client_fd = 3694
New client connected with client_fd = 3695
New client connected with client_fd = 3696
New client connected with client_fd = 3697
New client connected with client_fd = 3698
New client connected with client_fd = 3699
New client connected with client_fd = 3700
New client connected with client_fd = 3701
New client connected with client_fd = 3702
New client connected with client_fd = 3703
New client connected with client_fd = 3704
New client connected with client_fd = 3705
New client connected with client_fd = 3706
New client connected with client_fd = 3707
New client connected with client_fd = 3708
New client connected with client_fd = 3709
New client connected with client_fd = 3710
New client connected with client_fd = 3711
New client connected with client_fd = 3712
New client connected with client_fd = 3713
New client connected with client_fd = 3714
New client connected with client_fd = 3715
New client connected with client_fd = 3716
New client connected with client_fd = 3717
New client connected with client_fd = 3718
New client connected with client_fd = 3719
New client connected with client_fd = 3720
New client connected with client_fd = 3721
New client connected with client_fd = 3722
New client connected with client_fd = 3723
New client connected with client_fd = 3724
New client connected with client_fd = 3725
New client connected with client_fd = 3726
New client connected with client_fd = 3727
New client connected with client_fd = 3728
New client connected with client_fd = 3729
New client connected with client_fd = 3730
New client connected with client_fd = 3731
New client connected with client_fd = 3732
New client connected with client_fd = 3733
New client connected with client_fd = 3734
New client connected with client_fd = 3735
New client connected with client_fd = 3736
New client connected with client_fd = 3737
New client connected with client_fd = 3738
New client connected with client_fd = 3739
New client connected with client_fd = 3740
New client connected with client_fd = 3741
New client connected with client_fd = 3742
New client connected with client_fd = 3743
New client connected with client_fd = 3744
New client connected with client_fd = 3745
New client connected with client_fd = 3746
New client connected with client_fd = 3747
New client connected with client_fd = 3748
New client connected with client_fd = 3749
New client connected with client_fd = 3750
New client connected with client_fd = 3751
New client connected with client_fd = 3752
New client connected with client_fd = 3753
New client connected with client_fd = 3754
New client connected with client_fd = 3755
New client connected with client_fd = 3756
New client connected with client_fd = 3757
New client connected with client_fd = 3758
New client connected with client_fd = 3759
New client connected with client_fd = 3760
New client connected with client_fd = 3761
New client connected with client_fd = 3762
New client connected with client_fd = 3763
New client connected with client_fd = 3764
New client connected with client_fd = 3765
New client connected with client_fd = 3766
New client connected with client_fd = 3767
New client connected with client_fd = 3768
New client connected with client_fd = 3769
New client connected with client_fd = 3770
New client connected with client_fd = 3771
New client connected with client_fd = 3772
New client connected with client_fd = 3773
New client connected with client_fd = 3774
New client connected with client_fd = 3775
New client connected with client_fd = 3776
New client connected with client_fd = 3777
New client connected with client_fd = 3778
New client connected with client_fd = 3779
New client connected with client_fd = 3780
New client connected with client_fd = 3781
New client connected with client_fd = 3782
New client connected with client_fd = 3783
New client connected with client_fd = 3784
New client connected with client_fd = 3785
New client connected with client_fd = 3786
New client connected with client_fd = 3787
New client connected with client_fd = 3788
New client connected with client_fd = 3789
New client connected with client_fd = 3790
New client connected with client_fd = 3791
New client connected with client_fd = 3792
New client connected with client_fd = 3793
New client connected with client_fd = 3794
New client connected with client_fd = 3795
New client connected with client_fd = 3796
New client connected with client_fd = 3797
New client connected with client_fd = 3798
New client connected with client_fd = 3799
New client connected with client_fd = 3800
New client connected with client_fd = 3801
New client connected with client_fd = 3802
New client connected with client_fd = 3803
New client connected with client_fd = 3804
New client connected with client_fd = 3805
New client connected with client_fd = 3806
New client connected with client_fd = 3807
New client connected with client_fd = 3808
New client connected with client_fd = 3809
New client connected with client_fd = 3810
New client connected with client_fd = 3811
New client connected with client_fd = 3812
New client connected with client_fd = 3813
New client connected with client_fd = 3814
New client connected with client_fd = 3815
New client connected with client_fd = 3816
New client connected with client_fd = 3817
New client connected with client_fd = 3818
New client connected with client_fd = 3819
New client connected with client_fd = 3820
New client connected with client_fd = 3821
New client connected with client_fd = 3822
New client connected with client_fd = 3823
New client connected with client_fd = 3824
New client connected with client_fd = 3825
New client connected with client_fd = 3826
New client connected with client_fd = 3827
New client connected with client_fd = 3828
New client connected with client_fd = 3829
New client connected with client_fd = 3830
New client connected with client_fd = 3831
New client connected with client_fd = 3832
New client connected with client_fd = 3833
New client connected with client_fd = 3834
New client connected with client_fd = 3835
New client connected with client_fd = 3836
New client connected with client_fd = 3837
New client connected with client_fd = 3838
New client connected with client_fd = 3839
New client connected with client_fd = 3840
New client connected with client_fd = 3841
New client connected with client_fd = 3842
New client connected with client_fd = 3843
New client connected with client_fd = 3844
New client connected with client_fd = 3845
New client connected with client_fd = 3846
New client connected with client_fd = 3847
New client connected with client_fd = 3848
New client connected with client_fd = 3849
New client connected with client_fd = 3850
New client connected with client_fd = 3851
New client connected with client_fd = 3852
New client connected with client_fd = 3853
New client connected with client_fd = 3854
New client connected with client_fd = 3855
New client connected with client_fd = 3856
New client connected with client_fd = 3857
New client connected with client_fd = 3858
New client connected with client_fd = 3859
New client connected with client_fd = 3860
New client connected with client_fd = 3861
New client connected with client_fd = 3862
New client connected with client_fd = 3863
New client connected with client_fd = 3864
New client connected with client_fd = 3865
New client connected with client_fd = 3866
New client connected with client_fd = 3867
New client connected with client_fd = 3868
New client connected with client_fd = 3869
New client connected with client_fd = 3870
New client connected with client_fd = 3871
New client connected with client_fd = 3872
New client connected with client_fd = 3873
New client connected with client_fd = 3874
New client connected with client_fd = 3875
New client connected with client_fd = 3876
New client connected with client_fd = 3877
New client connected with client_fd = 3878
New client connected with client_fd = 3879
New client connected with client_fd = 3880
New client connected with client_fd = 3881
New client connected with client_fd = 3882
New client connected with client_fd = 3883
New client connected with client_fd = 3884
New client connected with client_fd = 3885
New client connected with client_fd = 3886
New client connected with client_fd = 3887
New client connected with client_fd = 3888
New client connected with client_fd = 3889
New client connected with client_fd = 3890
New client connected with client_fd = 3891
New client connected with client_fd = 3892
New client connected with client_fd = 3893
New client connected with client_fd = 3894
New client connected with client_fd = 3895
New client connected with client_fd = 3896
New client connected with client_fd = 3897
New client connected with client_fd = 3898
New client connected with client_fd = 3899
New client connected with client_fd = 3900
New client connected with client_fd = 3901
New client connected with client_fd = 3902
New client connected with client_fd = 3903
New client connected with client_fd = 3904
New client connected with client_fd = 3905
New client connected with client_fd = 3906
New client connected with client_fd = 3907
New client connected with client_fd = 3908
New client connected with client_fd = 3909
New client connected with client_fd = 3910
New client connected with client_fd = 3911
New client connected with client_fd = 3912
New client connected with client_fd = 3913
New client connected with client_fd = 3914
New client connected with client_fd = 3915
New client connected with client_fd = 3916
New client connected with client_fd = 3917
New client connected with client_fd = 3918
New client connected with client_fd = 3919
New client connected with client_fd = 3920
New client connected with client_fd = 3921
New client connected with client_fd = 3922
New client connected with client_fd = 3923
New client connected with client_fd = 3924
New client connected with client_fd = 3925
New client connected with client_fd = 3926
New client connected with client_fd = 3927
New client connected with client_fd = 3928
New client connected with client_fd = 3929
New client connected with client_fd = 3930
New client connected with client_fd = 3931
New client connected with client_fd = 3932
New client connected with client_fd = 3933
New client connected with client_fd = 3934
New client connected with client_fd = 3935
New client connected with client_fd = 3936
New client connected with client_fd = 3937
New client connected with client_fd = 3938
New client connected with client_fd = 3939
New client connected with client_fd = 3940
New client connected with client_fd = 3941
New client connected with client_fd = 3942
New client connected with client_fd = 3943
New client connected with client_fd = 3944
New client connected with client_fd = 3945
New client connected with client_fd = 3946
New client connected with client_fd = 3947
New client connected with client_fd = 3948
New client connected with client_fd = 3949
New client connected with client_fd = 3950
New client connected with client_fd = 3951
New client connected with client_fd = 3952
New client connected with client_fd = 3953
New client connected with client_fd = 3954
New client connected with client_fd = 3955
New client connected with client_fd = 3956
New client connected with client_fd = 3957
New client connected with client_fd = 3958
New client connected with client_fd = 3959
New client connected with client_fd = 3960
New client connected with client_fd = 3961
New client connected with client_fd = 3962
New client connected with client_fd = 3963
New client connected with client_fd = 3964
New client connected with client_fd = 3965
New client connected with client_fd = 3966
New client connected with client_fd = 3967
New client connected with client_fd = 3968
New client connected with client_fd = 3969
New client connected with client_fd = 3970
New client connected with client_fd = 3971
New client connected with client_fd = 3972
New client connected with client_fd = 3973
New client connected with client_fd = 3974
New client connected with client_fd = 3975
New client connected with client_fd = 3976
New client connected with client_fd = 3977
New client connected with client_fd = 3978
New client connected with client_fd = 3979
New client connected with client_fd = 3980
New client connected with client_fd = 3981
New client connected with client_fd = 3982
New client connected with client_fd = 3983
New client connected with client_fd = 3984
New client connected with client_fd = 3985
New client connected with client_fd = 3986
New client connected with client_fd = 3987
New client connected with client_fd = 3988
New client connected with client_fd = 3989
New client connected with client_fd = 3990
New client connected with client_fd = 3991
New client connected with client_fd = 3992
New client connected with client_fd = 3993
New client connected with client_fd = 3994
New client connected with client_fd = 3995
New client connected with client_fd = 3996
New client connected with client_fd = 3997
New client connected with client_fd = 3998
New client connected with client_fd = 3999
New client connected with client_fd = 4000
New client connected with client_fd = 4001
New client connected with client_fd = 4002
New client connected with client_fd = 4003
New client connected with client_fd = 4004
New client connected with client_fd = 4005
New client connected with client_fd = 4006
New client connected with client_fd = 4007
New client connected with client_fd = 4008
New client connected with client_fd = 4009
New client connected with client_fd = 4010
New client connected with client_fd = 4011
New client connected with client_fd = 4012
New client connected with client_fd = 4013
New client connected with client_fd = 4014
New client connected with client_fd = 4015
New client connected with client_fd = 4016
New client connected with client_fd = 4017
New client connected with client_fd = 4018
New client connected with client_fd = 4019
New client connected with client_fd = 4020
New client connected with client_fd = 4021
New client connected with client_fd = 4022
New client connected with client_fd = 4023
New client connected with client_fd = 4024
New client connected with client_fd = 4025
New client connected with client_fd = 4026
New client connected with client_fd = 4027
New client connected with client_fd = 4028
New client connected with client_fd = 4029
New client connected with client_fd = 4030
New client connected with client_fd = 4031
New client connected with client_fd = 4032
New client connected with client_fd = 4033
New client connected with client_fd = 4034
New client connected with client_fd = 4035
New client connected with client_fd = 4036
New client connected with client_fd = 4037
New client connected with client_fd = 4038
New client connected with client_fd = 4039
New client connected with client_fd = 4040
New client connected with client_fd = 4041
New client connected with client_fd = 4042
New client connected with client_fd = 4043
New client connected with client_fd = 4044
New client connected with client_fd = 4045
New client connected with client_fd = 4046
New client connected with client_fd = 4047
New client connected with client_fd = 4048
New client connected with client_fd = 4049
New client connected with client_fd = 4050
New client connected with client_fd = 4051
New client connected with client_fd = 4052
New client connected with client_fd = 4053
New client connected with client_fd = 4054
New client connected with client_fd = 4055
New client connected with client_fd = 4056
New client connected with client_fd = 4057
New client connected with client_fd = 4058
New client connected with client_fd = 4059
New client connected with client_fd = 4060
New client connected with client_fd = 4061
New client connected with client_fd = 4062
New client connected with client_fd = 4063
New client connected with client_fd = 4064
New client connected with client_fd = 4065
New client connected with client_fd = 4066
New client connected with client_fd = 4067
New client connected with client_fd = 4068
New client connected with client_fd = 4069
New client connected with client_fd = 4070
New client connected with client_fd = 4071
New client connected with client_fd = 4072
New client connected with client_fd = 4073
New client connected with client_fd = 4074
New client connected with client_fd = 4075
New client connected with client_fd = 4076
New client connected with client_fd = 4077
New client connected with client_fd = 4078
New client connected with client_fd = 4079
New client connected with client_fd = 4080
New client connected with client_fd = 4081
New client connected with client_fd = 4082
New client connected with client_fd = 4083
New client connected with client_fd = 4084
New client connected with client_fd = 4085
New client connected with client_fd = 4086
New client connected with client_fd = 4087
New client connected with client_fd = 4088
New client connected with client_fd = 4089
New client connected with client_fd = 4090
New client connected with client_fd = 4091
New client connected with client_fd = 4092
New client connected with client_fd = 4093
New client connected with client_fd = 4094
New client connected with client_fd = 4095
New client connected with client_fd = 4096
New client connected with client_fd = 4097
New client connected with client_fd = 4098
New client connected with client_fd = 4099
New client connected with client_fd = 4100
New client connected with client_fd = 4101
New client connected with client_fd = 4102
New client connected with client_fd = 4103
New client connected with client_fd = 4104
New client connected with client_fd = 4105
New client connected with client_fd = 4106
New client connected with client_fd = 4107
New client connected with client_fd = 4108
New client connected with client_fd = 4109
New client connected with client_fd = 4110
New client connected with client_fd = 4111
New client connected with client_fd = 4112
New client connected with client_fd = 4113
New client connected with client_fd = 4114
New client connected with client_fd = 4115
New client connected with client_fd = 4116
New client connected with client_fd = 4117
New client connected with client_fd = 4118
New client connected with client_fd = 4119
New client connected with client_fd = 4120
New client connected with client_fd = 4121
New client connected with client_fd = 4122
New client connected with client_fd = 4123
New client connected with client_fd = 4124
New client connected with client_fd = 4125
New client connected with client_fd = 4126
New client connected with client_fd = 4127
New client connected with client_fd = 4128
New client connected with client_fd = 4129
New client connected with client_fd = 4130
New client connected with client_fd = 4131
New client connected with client_fd = 4132
New client connected with client_fd = 4133
New client connected with client_fd = 4134
New client connected with client_fd = 4135
New client connected with client_fd = 4136
New client connected with client_fd = 4137
New client connected with client_fd = 4138
New client connected with client_fd = 4139
New client connected with client_fd = 4140
New client connected with client_fd = 4141
New client connected with client_fd = 4142
New client connected with client_fd = 4143
New client connected with client_fd = 4144
New client connected with client_fd = 4145
New client connected with client_fd = 4146
New client connected with client_fd = 4147
New client connected with client_fd = 4148
New client connected with client_fd = 4149
New client connected with client_fd = 4150
New client connected with client_fd = 4151
New client connected with client_fd = 4152
New client connected with client_fd = 4153
New client connected with client_fd = 4154
New client connected with client_fd = 4155
New client connected with client_fd = 4156
New client connected with client_fd = 4157
New client connected with client_fd = 4158
New client connected with client_fd = 4159
New client connected with client_fd = 4160
New client connected with client_fd = 4161
New client connected with client_fd = 4162
New client connected with client_fd = 4163
New client connected with client_fd = 4164
New client connected with client_fd = 4165
New client connected with client_fd = 4166
New client connected with client_fd = 4167
New client connected with client_fd = 4168
New client connected with client_fd = 4169
New client connected with client_fd = 4170
New client connected with client_fd = 4171
New client connected with client_fd = 4172
New client connected with client_fd = 4173
New client connected with client_fd = 4174
New client connected with client_fd = 4175
New client connected with client_fd = 4176
New client connected with client_fd = 4177
New client connected with client_fd = 4178
New client connected with client_fd = 4179
New client connected with client_fd = 4180
New client connected with client_fd = 4181
New client connected with client_fd = 4182
New client connected with client_fd = 4183
New client connected with client_fd = 4184
New client connected with client_fd = 4185
New client connected with client_fd = 4186
New client connected with client_fd = 4187
New client connected with client_fd = 4188
New client connected with client_fd = 4189
New client connected with client_fd = 4190
New client connected with client_fd = 4191
New client connected with client_fd = 4192
New client connected with client_fd = 4193
New client connected with client_fd = 4194
New client connected with client_fd = 4195
New client connected with client_fd = 4196
New client connected with client_fd = 4197
New client connected with client_fd = 4198
New client connected with client_fd = 4199
New client connected with client_fd = 4200
New client connected with client_fd = 4201
New client connected with client_fd = 4202
New client connected with client_fd = 4203
New client connected with client_fd = 4204
New client connected with client_fd = 4205
New client connected with client_fd = 4206
New client connected with client_fd = 4207
New client connected with client_fd = 4208
New client connected with client_fd = 4209
New client connected with client_fd = 4210
New client connected with client_fd = 4211
New client connected with client_fd = 4212
New client connected with client_fd = 4213
New client connected with client_fd = 4214
New client connected with client_fd = 4215
New client connected with client_fd = 4216
New client connected with client_fd = 4217
New client connected with client_fd = 4218
New client connected with client_fd = 4219
New client connected with client_fd = 4220
New client connected with client_fd = 4221
New client connected with client_fd = 4222
New client connected with client_fd = 4223
New client connected with client_fd = 4224
New client connected with client_fd = 4225
New client connected with client_fd = 4226
New client connected with client_fd = 4227
New client connected with client_fd = 4228
New client connected with client_fd = 4229
New client connected with client_fd = 4230
New client connected with client_fd = 4231
New client connected with client_fd = 4232
New client connected with client_fd = 4233
New client connected with client_fd = 4234
New client connected with client_fd = 4235
New client connected with client_fd = 4236
New client connected with client_fd = 4237
New client connected with client_fd = 4238
New client connected with client_fd = 4239
New client connected with client_fd = 4240
New client connected with client_fd = 4241
New client connected with client_fd = 4242
New client connected with client_fd = 4243
New client connected with client_fd = 4244
New client connected with client_fd = 4245
New client connected with client_fd = 4246
New client connected with client_fd = 4247
New client connected with client_fd = 4248
New client connected with client_fd = 4249
New client connected with client_fd = 4250
New client connected with client_fd = 4251
New client connected with client_fd = 4252
New client connected with client_fd = 4253
New client connected with client_fd = 4254
New client connected with client_fd = 4255
New client connected with client_fd = 4256
New client connected with client_fd = 4257
New client connected with client_fd = 4258
New client connected with client_fd = 4259
New client connected with client_fd = 4260
New client connected with client_fd = 4261
New client connected with client_fd = 4262
New client connected with client_fd = 4263
New client connected with client_fd = 4264
New client connected with client_fd = 4265
New client connected with client_fd = 4266
New client connected with client_fd = 4267
New client connected with client_fd = 4268
New client connected with client_fd = 4269
New client connected with client_fd = 4270
New client connected with client_fd = 4271
New client connected with client_fd = 4272
New client connected with client_fd = 4273
New client connected with client_fd = 4274
New client connected with client_fd = 4275
New client connected with client_fd = 4276
New client connected with client_fd = 4277
New client connected with client_fd = 4278
New client connected with client_fd = 4279
New client connected with client_fd = 4280
New client connected with client_fd = 4281
New client connected with client_fd = 4282
New client connected with client_fd = 4283
New client connected with client_fd = 4284
New client connected with client_fd = 4285
New client connected with client_fd = 4286
New client connected with client_fd = 4287
New client connected with client_fd = 4288
New client connected with client_fd = 4289
New client connected with client_fd = 4290
New client connected with client_fd = 4291
New client connected with client_fd = 4292
New client connected with client_fd = 4293
New client connected with client_fd = 4294
New client connected with client_fd = 4295
New client connected with client_fd = 4296
New client connected with client_fd = 4297
New client connected with client_fd = 4298
New client connected with client_fd = 4299
New client connected with client_fd = 4300
New client connected with client_fd = 4301
New client connected with client_fd = 4302
New client connected with client_fd = 4303
New client connected with client_fd = 4304
New client connected with client_fd = 4305
New client connected with client_fd = 4306
New client connected with client_fd = 4307
New client connected with client_fd = 4308
New client connected with client_fd = 4309
New client connected with client_fd = 4310
New client connected with client_fd = 4311
New client connected with client_fd = 4312
New client connected with client_fd = 4313
New client connected with client_fd = 4314
New client connected with client_fd = 4315
New client connected with client_fd = 4316
New client connected with client_fd = 4317
New client connected with client_fd = 4318
New client connected with client_fd = 4319
New client connected with client_fd = 4320
New client connected with client_fd = 4321
New client connected with client_fd = 4322
New client connected with client_fd = 4323
New client connected with client_fd = 4324
New client connected with client_fd = 4325
New client connected with client_fd = 4326
New client connected with client_fd = 4327
New client connected with client_fd = 4328
New client connected with client_fd = 4329
New client connected with client_fd = 4330
New client connected with client_fd = 4331
New client connected with client_fd = 4332
New client connected with client_fd = 4333
New client connected with client_fd = 4334
New client connected with client_fd = 4335
New client connected with client_fd = 4336
New client connected with client_fd = 4337
New client connected with client_fd = 4338
New client connected with client_fd = 4339
New client connected with client_fd = 4340
New client connected with client_fd = 4341
New client connected with client_fd = 4342
New client connected with client_fd = 4343
New client connected with client_fd = 4344
New client connected with client_fd = 4345
New client connected with client_fd = 4346
New client connected with client_fd = 4347
New client connected with client_fd = 4348
New client connected with client_fd = 4349
New client connected with client_fd = 4350
New client connected with client_fd = 4351
New client connected with client_fd = 4352
New client connected with client_fd = 4353
New client connected with client_fd = 4354
New client connected with client_fd = 4355
New client connected with client_fd = 4356
New client connected with client_fd = 4357
New client connected with client_fd = 4358
New client connected with client_fd = 4359
New client connected with client_fd = 4360
New client connected with client_fd = 4361
New client connected with client_fd = 4362
New client connected with client_fd = 4363
New client connected with client_fd = 4364
New client connected with client_fd = 4365
New client connected with client_fd = 4366
New client connected with client_fd = 4367
New client connected with client_fd = 4368
New client connected with client_fd = 4369
New client connected with client_fd = 4370
New client connected with client_fd = 4371
New client connected with client_fd = 4372
New client connected with client_fd = 4373
New client connected with client_fd = 4374
New client connected with client_fd = 4375
New client connected with client_fd = 4376
New client connected with client_fd = 4377
New client connected with client_fd = 4378
New client connected with client_fd = 4379
New client connected with client_fd = 4380
New client connected with client_fd = 4381
New client connected with client_fd = 4382
New client connected with client_fd = 4383
New client connected with client_fd = 4384
New client connected with client_fd = 4385
New client connected with client_fd = 4386
New client connected with client_fd = 4387
New client connected with client_fd = 4388
New client connected with client_fd = 4389
New client connected with client_fd = 4390
New client connected with client_fd = 4391
New client connected with client_fd = 4392
New client connected with client_fd = 4393
New client connected with client_fd = 4394
New client connected with client_fd = 4395
New client connected with client_fd = 4396
New client connected with client_fd = 4397
New client connected with client_fd = 4398
New client connected with client_fd = 4399
New client connected with client_fd = 4400
New client connected with client_fd = 4401
New client connected with client_fd = 4402
New client connected with client_fd = 4403
New client connected with client_fd = 4404
New client connected with client_fd = 4405
New client connected with client_fd = 4406
New client connected with client_fd = 4407
New client connected with client_fd = 4408
New client connected with client_fd = 4409
New client connected with client_fd = 4410
New client connected with client_fd = 4411
New client connected with client_fd = 4412
New client connected with client_fd = 4413
New client connected with client_fd = 4414
New client connected with client_fd = 4415
New client connected with client_fd = 4416
New client connected with client_fd = 4417
New client connected with client_fd = 4418
New client connected with client_fd = 4419
New client connected with client_fd = 4420
New client connected with client_fd = 4421
New client connected with client_fd = 4422
New client connected with client_fd = 4423
New client connected with client_fd = 4424
New client connected with client_fd = 4425
New client connected with client_fd = 4426
New client connected with client_fd = 4427
New client connected with client_fd = 4428
New client connected with client_fd = 4429
New client connected with client_fd = 4430
New client connected with client_fd = 4431
New client connected with client_fd = 4432
New client connected with client_fd = 4433
New client connected with client_fd = 4434
New client connected with client_fd = 4435
New client connected with client_fd = 4436
New client connected with client_fd = 4437
New client connected with client_fd = 4438
New client connected with client_fd = 4439
New client connected with client_fd = 4440
New client connected with client_fd = 4441
New client connected with client_fd = 4442
New client connected with client_fd = 4443
New client connected with client_fd = 4444
New client connected with client_fd = 4445
New client connected with client_fd = 4446
New client connected with client_fd = 4447
New client connected with client_fd = 4448
New client connected with client_fd = 4449
New client connected with client_fd = 4450
New client connected with client_fd = 4451
New client connected with client_fd = 4452
New client connected with client_fd = 4453
New client connected with client_fd = 4454
New client connected with client_fd = 4455
New client connected with client_fd = 4456
New client connected with client_fd = 4457
New client connected with client_fd = 4458
New client connected with client_fd = 4459
New client connected with client_fd = 4460
New client connected with client_fd = 4461
New client connected with client_fd = 4462
New client connected with client_fd = 4463
New client connected with client_fd = 4464
New client connected with client_fd = 4465
New client connected with client_fd = 4466
New client connected with client_fd = 4467
New client connected with client_fd = 4468
New client connected with client_fd = 4469
New client connected with client_fd = 4470
New client connected with client_fd = 4471
New client connected with client_fd = 4472
New client connected with client_fd = 4473
New client connected with client_fd = 4474
New client connected with client_fd = 4475
New client connected with client_fd = 4476
New client connected with client_fd = 4477
New client connected with client_fd = 4478
New client connected with client_fd = 4479
New client connected with client_fd = 4480
New client connected with client_fd = 4481
New client connected with client_fd = 4482
New client connected with client_fd = 4483
New client connected with client_fd = 4484
New client connected with client_fd = 4485
New client connected with client_fd = 4486
New client connected with client_fd = 4487
New client connected with client_fd = 4488
New client connected with client_fd = 4489
New client connected with client_fd = 4490
New client connected with client_fd = 4491
New client connected with client_fd = 4492
New client connected with client_fd = 4493
New client connected with client_fd = 4494
New client connected with client_fd = 4495
New client connected with client_fd = 4496
New client connected with client_fd = 4497
New client connected with client_fd = 4498
New client connected with client_fd = 4499
New client connected with client_fd = 4500
New client connected with client_fd = 4501
New client connected with client_fd = 4502
New client connected with client_fd = 4503
New client connected with client_fd = 4504
New client connected with client_fd = 4505
New client connected with client_fd = 4506
New client connected with client_fd = 4507
New client connected with client_fd Outbound buffer overflow on client_fd 19
Outbound buffer overflow on client_fd 52
Outbound buffer overflow on client_fd 66
Outbound buffer overflow on client_fd 11
Outbound buffer overflow on client_fd 195
Outbound buffer overflow on client_fd 29
Outbound buffer overflow on client_fd 53
Outbound buffer overflow on client_fd 220
Outbound buffer overflow on client_fd 169
Outbound buffer overflow on client_fd 170
Outbound buffer overflow on client_fd 267
Outbound buffer overflow on client_fd 25
Outbound buffer overflow on client_fd 126
Outbound buffer overflow on client_fd 32
Outbound buffer overflow on client_fd 41
Outbound buffer overflow on client_fd 58
Outbound buffer overflow on client_fd 171
Outbound buffer overflow on client_fd 172
Outbound buffer overflow on client_fd 225
Outbound buffer overflow on client_fd 226
Outbound buffer overflow on client_fd 16
Outbound buffer overflow on client_fd 21
Outbound buffer overflow on client_fd 76
Outbound buffer overflow on client_fd 96
Outbound buffer overflow on client_fd 97
Outbound buffer overflow on client_fd 227
Outbound buffer overflow on client_fd 228
Outbound buffer overflow on client_fd 229
Outbound buffer overflow on client_fd 230
Outbound buffer overflow on client_fd 231
Outbound buffer overflow on client_fd 8
Outbound buffer overflow on client_fd 9
Outbound buffer overflow on client_fd 174
Outbound buffer overflow on client_fd 175
Outbound buffer overflow on client_fd 270
Outbound buffer overflow on client_fd 75
Outbound buffer overflow on client_fd 232
Outbound buffer overflow on client_fd 233
Outbound buffer overflow on client_fd 127
Outbound buffer overflow on client_fd 128
Outbound buffer overflow on client_fd 271
Outbound buffer overflow on client_fd 272
Outbound buffer overflow on client_fd 77
Outbound buffer overflow on client_fd 98
Outbound buffer overflow on client_fd 99
Outbound buffer overflow on client_fd 178
Outbound buffer overflow on client_fd 179
Outbound buffer overflow on client_fd 234
Outbound buffer overflow on client_fd 235
Outbound buffer overflow on client_fd 236
Outbound buffer overflow on client_fd 273
Outbound buffer overflow on client_fd 274
Outbound buffer overflow on client_fd 17
Outbound buffer overflow on client_fd 61
Outbound buffer overflow on client_fd 237
Outbound buffer overflow on client_fd 238
Outbound buffer overflow on client_fd 180
Outbound buffer overflow on client_fd 181
Outbound buffer overflow on client_fd 182
Outbound buffer overflow on client_fd 275
Outbound buffer overflow on client_fd 276
Outbound buffer overflow on client_fd 24
Outbound buffer overflow on client_fd 31
Outbound buffer overflow on client_fd 26
Outbound buffer overflow on client_fd 183
Outbound buffer overflow on client_fd 184
Outbound buffer overflow on client_fd 62
Outbound buffer overflow on client_fd 70
Outbound buffer overflow on client_fd 86
Outbound buffer overflow on client_fd 242
Outbound buffer overflow on client_fd 243
Outbound buffer overflow on client_fd 244
Outbound buffer overflow on client_fd 185
Outbound buffer overflow on client_fd 186
Outbound buffer overflow on client_fd 134
Outbound buffer overflow on client_fd 135
Outbound buffer overflow on client_fd 136
Outbound buffer overflow on client_fd 137
Outbound buffer overflow on client_fd 63
Outbound buffer overflow on client_fd 105
Outbound buffer overflow on client_fd 106
Outbound buffer overflow on client_fd 107
Outbound buffer overflow on client_fd 245
Outbound buffer overflow on client_fd 246
Outbound buffer overflow on client_fd 247
Outbound buffer overflow on client_fd 248
Outbound buffer overflow on client_fd 138
Outbound buffer overflow on client_fd 139
Outbound buffer overflow on client_fd 187
Outbound buffer overflow on client_fd 80
Outbound buffer overflow on client_fd 81
Outbound buffer overflow on client_fd 5
Outbound buffer overflow on client_fd 10
Outbound buffer overflow on client_fd 188
Outbound buffer overflow on client_fd 189
Outbound buffer overflow on client_fd 27
Outbound buffer overflow on client_fd 35
Outbound buffer overflow on client_fd 140
Outbound buffer overflow on client_fd 141
Outbound buffer overflow on client_fd 108
Outbound buffer overflow on client_fd 109
Outbound buffer overflow on client_fd 22
Outbound buffer overflow on client_fd 190
Outbound buffer overflow on client_fd 142
Outbound buffer overflow on client_fd 143
Outbound buffer overflow on client_fd 51
Outbound buffer overflow on client_fd 65
Outbound buffer overflow on client_fd 82
Outbound buffer overflow on client_fd 191
Outbound buffer overflow on client_fd 192
Outbound buffer overflow on client_fd 110
Outbound buffer overflow on client_fd 144
Outbound buffer overflow on client_fd 145
Outbound buffer overflow on client_fd 28
Outbound buffer overflow on client_fd 83
Outbound buffer overflow on client_fd 146
Outbound buffer overflow on client_fd 147
Outbound buffer overflow on client_fd 193
Outbound buffer overflow on client_fd 150
Outbound buffer overflow on client_fd 151
Outbound buffer overflow on client_fd 152
Outbound buffer overflow on client_fd 250
Outbound buffer overflow on client_fd 154
Outbound buffer overflow on client_fd 30
Outbound buffer overflow on client_fd 251
Outbound buffer overflow on client_fd 252
Outbound buffer overflow on client_fd 253
Outbound buffer overflow on client_fd 54
Outbound buffer overflow on client_fd 71
Outbound buffer overflow on client_fd 88
Outbound buffer overflow on client_fd 89
Outbound buffer overflow on client_fd 201
Outbound buffer overflow on client_fd 202
Outbound buffer overflow on client_fd 203
Outbound buffer overflow on client_fd 155
Outbound buffer overflow on client_fd 156
Outbound buffer overflow on client_fd 204
Outbound buffer overflow on client_fd 205
Outbound buffer overflow on client_fd 206
Outbound buffer overflow on client_fd 254
Outbound buffer overflow on client_fd 157
Outbound buffer overflow on client_fd 158
Outbound buffer overflow on client_fd 55
Outbound buffer overflow on client_fd 117
Outbound buffer overflow on client_fd 118
Outbound buffer overflow on client_fd 207
Outbound buffer overflow on client_fd 208
Outbound buffer overflow on client_fd 209
Outbound buffer overflow on client_fd 159
Outbound buffer overflow on client_fd 160
Outbound buffer overflow on client_fd 258
Outbound buffer overflow on client_fd 259
Outbound buffer overflow on client_fd 256
Outbound buffer overflow on client_fd 257
Outbound buffer overflow on client_fd 260
Outbound buffer overflow on client_fd 261
Outbound buffer overflow on client_fd 39
Outbound buffer overflow on client_fd 72
Outbound buffer overflow on client_fd 122
Outbound buffer overflow on client_fd 73
Outbound buffer overflow on client_fd 119
Outbound buffer overflow on client_fd 120
Outbound buffer overflow on client_fd 90
Outbound buffer overflow on client_fd 91
Outbound buffer overflow on client_fd 92
Outbound buffer overflow on client_fd 93
Outbound buffer overflow on client_fd 210
Outbound buffer overflow on client_fd 211
Outbound buffer overflow on client_fd 212
Outbound buffer overflow on client_fd 166
Outbound buffer overflow on client_fd 167
Outbound buffer overflow on client_fd 168
Outbound buffer overflow on client_fd 161
Outbound buffer overflow on client_fd 162
Outbound buffer overflow on client_fd 56
Outbound buffer overflow on client_fd 123
Outbound buffer overflow on client_fd 124
Outbound buffer overflow on client_fd 74
Outbound buffer overflow on client_fd 121
Outbound buffer overflow on client_fd 218
Outbound buffer overflow on client_fd 219
Outbound buffer overflow on client_fd 213
Outbound buffer overflow on client_fd 214
Outbound buffer overflow on client_fd 164
Outbound buffer overflow on client_fd 165
Outbound buffer overflow on client_fd 262
Outbound buffer overflow on client_fd 263
Outbound buffer overflow on client_fd 40
Outbound buffer overflow on client_fd 57
= 4508
New client connected with client_fd = 4509
New client connected with client_fd = 4510
New client connected with client_fd = 4511
New client connected with client_fd = 4512
New client connected with client_fd = 19
New client connected with client_fd = 11
New client connected with client_fd = 25
New client connected with client_fd = 29
New client connected with client_fd = 32
New client connected with client_fd = 41
New client connected with client_fd = 52
New client connected with client_fd = 16
New client connected with client_fd = 21
New client connected with client_fd = 53
New client connected with client_fd = 8
New client connected with client_fd = 9
New client connected with client_fd = 58
New client connected with client_fd = 66
New client connected with client_fd = 75
New client connected with client_fd = 76
New client connected with client_fd = 77
New client connected with client_fd = 96
New client connected with client_fd = 17
New client connected with client_fd = 61
New client connected with client_fd = 97
New client connected with client_fd = 98
New client connected with client_fd = 99
New client connected with client_fd = 126
New client connected with client_fd = 24
New client connected with client_fd = 31
New client connected with client_fd = 127
New client connected with client_fd = 128
New client connected with client_fd = 169
New client connected with client_fd = 170
New client connected with client_fd = 171
New client connected with client_fd = 26
New client connected with client_fd = 62
New client connected with client_fd = 70
New client connected with client_fd = 86
New client connected with client_fd = 63
New client connected with client_fd = 134
New client connected with client_fd = 80
New client connected with client_fd = 81
New client connected with client_fd = 105
New client connected with client_fd = 5
New client connected with client_fd = 10
New client connected with client_fd = 22
New client connected with client_fd = 27
New client connected with client_fd = 35
New client connected with client_fd = 28
New client connected with client_fd = 51
New client connected with client_fd = 65
New client connected with client_fd = 82
New client connected with client_fd = 83
New client connected with client_fd = 106
New client connected with client_fd = 107
New client connected with client_fd = 108
New client connected with client_fd = 30
New client connected with client_fd = 54
New client connected with client_fd = 71
New client connected with client_fd = 88
New client connected with client_fd = 89
New client connected with client_fd = 109
New client connected with client_fd = 55
New client connected with client_fd = 110
New client connected with client_fd = 117
New client connected with client_fd = 39
New client connected with client_fd = 72
New client connected with client_fd = 73
New client connected with client_fd = 56
New client connected with client_fd = 74
New client connected with client_fd = 90
New client connected with client_fd = 91
New client connected with client_fd = 92
New client connected with client_fd = 40
New client connected with client_fd = 57
New client connected with client_fd = 93
New client connected with client_fd = 118
New client connected with client_fd = 119
New client connected with client_fd = 120
New client connected with client_fd = 121
New client connected with client_fd = 122
New client connected with client_fd = 123
New client connected with client_fd = 124
New client connected with client_fd = 135
New client connected with client_fd = 136
New client connected with client_fd = 137
New client connected with client_fd = 138
New client connected with client_fd = 139
New client connected with client_fd = 140
New client connected with client_fd = 141
New client connected with client_fd = 142
New client connected with client_fd = 143
New client connected with client_fd = 144
New client connected with client_fd = 145
New client connected with client_fd = 146
New client connected with client_fd = 147
New client connected with client_fd = 150
New client connected with clienOutbound buffer overflow on client_fd 2595
Outbound buffer overflow on client_fd 2594
Outbound buffer overflow on client_fd 2593
Outbound buffer overflow on client_fd 2592
Outbound buffer overflow on client_fd 2591
Outbound buffer overflow on client_fd 2590
Outbound buffer overflow on client_fd 2589
Outbound buffer overflow on client_fd 2588
Outbound buffer overflow on client_fd 2587
Outbound buffer overflow on client_fd 2599
Outbound buffer overflow on client_fd 2598
Outbound buffer overflow on client_fd 2597
Outbound buffer overflow on client_fd 2596
Outbound buffer overflow on client_fd 2600
Outbound buffer overflow on client_fd 1097
Outbound buffer overflow on client_fd 1098
Outbound buffer overflow on client_fd 2008
Outbound buffer overflow on client_fd 1088
Outbound buffer overflow on client_fd 1089
Outbound buffer overflow on client_fd 1090
Outbound buffer overflow on client_fd 1971
Outbound buffer overflow on client_fd 1972
Outbound buffer overflow on client_fd 2830
Outbound buffer overflow on client_fd 2831
Outbound buffer overflow on client_fd 2832
Outbound buffer overflow on client_fd 2833
Outbound buffer overflow on client_fd 2823
Outbound buffer overflow on client_fd 2827
Outbound buffer overflow on client_fd 2828
Outbound buffer overflow on client_fd 2829
Outbound buffer overflow on client_fd 2819
Outbound buffer overflow on client_fd 2820
Outbound buffer overflow on client_fd 2821
Outbound buffer overflow on client_fd 2822
Outbound buffer overflow on client_fd 2817
Outbound buffer overflow on client_fd 2818
Outbound buffer overflow on client_fd 2815
Outbound buffer overflow on client_fd 2816
Outbound buffer overflow on client_fd 2031
Outbound buffer overflow on client_fd 2032
Outbound buffer overflow on client_fd 2017
Outbound buffer overflow on client_fd 2018
Outbound buffer overflow on client_fd 2019
Outbound buffer overflow on client_fd 2020
Outbound buffer overflow on client_fd 2021
Outbound buffer overflow on client_fd 2022
Outbound buffer overflow on client_fd 2023
Outbound buffer overflow on client_fd 2024
Outbound buffer overflow on client_fd 2025
Outbound buffer overflow on client_fd 2026
Outbound buffer overflow on client_fd 2027
Outbound buffer overflow on client_fd 2028
Outbound buffer overflow on client_fd 2029
Outbound buffer overflow on client_fd 2030
Outbound buffer overflow on client_fd 1099
Outbound buffer overflow on client_fd 2009
Outbound buffer overflow on client_fd 2010
Outbound buffer overflow on client_fd 2011
Outbound buffer overflow on client_fd 2012
Outbound buffer overflow on client_fd 2013
Outbound buffer overflow on client_fd 2014
Outbound buffer overflow on client_fd 2015
Outbound buffer overflow on client_fd 2016
Outbound buffer overflow on client_fd 1953
Outbound buffer overflow on client_fd 1095
Outbound buffer overflow on client_fd 1952
Outbound buffer overflow on client_fd 1096
Outbound buffer overflow on client_fd 1951
Outbound buffer overflow on client_fd 1955
Outbound buffer overflow on client_fd 1092
Outbound buffer overflow on client_fd 1954
Outbound buffer overflow on client_fd 1093
Outbound buffer overflow on client_fd 1091
t_fd = 151
New client connected with client_fd = 152
New client connected with client_fd = 154
New client connected with client_fd = 155
New client connected with client_fd = 156
New client connected with client_fd = 157
New client connected with client_fd = 158
New client connected with client_fd = 159
New client connected with client_fd = 160
New client connected with client_fd = 161
New client connected with client_fd = 162
New client connected with client_fd = 164
New client connected with client_fd = 165
New client connected with client_fd = 166
New client connected with client_fd = 167
New client connected with client_fd = 168
New client connected with client_fd = 172
New client connected with client_fd = 174
New client connected with client_fd = 175
New client connected with client_fd = 178
New client connected with client_fd = 179
New client connected with client_fd = 180
New client connected with client_fd = 181
New client connected with client_fd = 182
New client connected with client_fd = 183
New client connected with client_fd = 184
New client connected with client_fd = 185
New client connected with client_fd = 186
New client connected with client_fd = 187
New client connected with client_fd = 188
New client connected with client_fd = 189
New client connected with client_fd = 190
New client connected with client_fd = 191
New client connected with client_fd = 192
New client connected with client_fd = 193
New client connected with client_fd = 195
New client connected with client_fd = 201
New client connected with client_fd = 202
New client connected with client_fd = 203
New client connected with client_fd = 204
New client connected with client_fd = 205
New client connected with client_fd = 206
New client connected with client_fd = 207
New client connected with client_fd = 208
New client connected with client_fd = 209
New client connected with client_fd = 210
New client connected with client_fd = 211
New client connected with client_fd = 212
New client connected with client_fd = 213
New client connected with client_fd = 214
New client connected with client_fd = 218
New client connected with client_fd = 219
New client connected with client_fd = 220
New client connected with client_fd = 225
New client connected with client_fd = 226
New client connected with client_fd = 227
New client connected with client_fd = 228
New client connected with client_fd = 229
New client connected with client_fd = 230
New client connected with client_fd = 231
New client connected with client_fd = 232
New client connected with client_fd = 233
New client connected with client_fd = 234
New client connected with client_fd = 235
New client connected with client_fd = 236
New client connected with client_fd = 237
New client connected with client_fd = 238
New client connected with client_fd = 242
New client connected with client_fd = 243
New client connected with client_fd = 244
New client connected with client_fd = 245
New client connected with client_fd = 246
New client connected with client_fd = 247
New client connected with client_fd = 248
New client connected with client_fd = 250
New client connected with client_fd = 251
New client connected with client_fd = 252
New client connected with client_fd = 253
New client connected with client_fd = 254
New client connected with client_fd = 256
New client connected with client_fd = 257
New client connected with client_fd = 258
New client connected with client_fd = 259
New client connected with client_fd = 260
New client connected with client_fd = 261
New client connected with client_fd = 262
New client connected with client_fd = 263
New client connected with client_fd = 267
New client connected with client_fd = 270
New client connected with client_fd = 271
New client connected with client_fd = 272
New client connected with client_fd = 273
New client connected with client_fd = 274
New client connected with client_fd = 275
New client connected with client_fd = 276
New client connected with client_fd = 1088
New client connected with client_fd = 1089
New client connected with client_fd = 1090
New clieOutbound buffer overflow on client_fd 1823
Outbound buffer overflow on client_fd 1824
Outbound buffer overflow on client_fd 1825
Outbound buffer overflow on client_fd 1826
Outbound buffer overflow on client_fd 1827
Outbound buffer overflow on client_fd 1830
Outbound buffer overflow on client_fd 1831
Outbound buffer overflow on client_fd 1832
Outbound buffer overflow on client_fd 1837
Outbound buffer overflow on client_fd 1838
Outbound buffer overflow on client_fd 1839
Outbound buffer overflow on client_fd 1840
Outbound buffer overflow on client_fd 1841
Outbound buffer overflow on client_fd 1842
Outbound buffer overflow on client_fd 1807
Outbound buffer overflow on client_fd 1808
Outbound buffer overflow on client_fd 1809
Outbound buffer overflow on client_fd 1810
Outbound buffer overflow on client_fd 1811
Outbound buffer overflow on client_fd 1812
Outbound buffer overflow on client_fd 1813
Outbound buffer overflow on client_fd 1814
Outbound buffer overflow on client_fd 1815
Outbound buffer overflow on client_fd 1816
Outbound buffer overflow on client_fd 1817
Outbound buffer overflow on client_fd 1818
Outbound buffer overflow on client_fd 1819
Outbound buffer overflow on client_fd 1820
Outbound buffer overflow on client_fd 1821
Outbound buffer overflow on client_fd 1822
Outbound buffer overflow on client_fd 174
Outbound buffer overflow on client_fd 175
Outbound buffer overflow on client_fd 178
Outbound buffer overflow on client_fd 119
Outbound buffer overflow on client_fd 137
Outbound buffer overflow on client_fd 138
Outbound buffer overflow on client_fd 139
Outbound buffer overflow on client_fd 158
Outbound buffer overflow on client_fd 159
Outbound buffer overflow on client_fd 165
Outbound buffer overflow on client_fd 166
Outbound buffer overflow on client_fd 167
Outbound buffer overflow on client_fd 83
Outbound buffer overflow on client_fd 106
Outbound buffer overflow on client_fd 107
Outbound buffer overflow on client_fd 108
Outbound buffer overflow on client_fd 30
Outbound buffer overflow on client_fd 54
Outbound buffer overflow on client_fd 71
Outbound buffer overflow on client_fd 120
Outbound buffer overflow on client_fd 121
Outbound buffer overflow on client_fd 160
Outbound buffer overflow on client_fd 161
Outbound buffer overflow on client_fd 162
Outbound buffer overflow on client_fd 164
Outbound buffer overflow on client_fd 168
Outbound buffer overflow on client_fd 172
Outbound buffer overflow on client_fd 140
Outbound buffer overflow on client_fd 122
Outbound buffer overflow on client_fd 123
Outbound buffer overflow on client_fd 141
Outbound buffer overflow on client_fd 146
Outbound buffer overflow on client_fd 147
Outbound buffer overflow on client_fd 150
Outbound buffer overflow on client_fd 151
Outbound buffer overflow on client_fd 152
Outbound buffer overflow on client_fd 181
Outbound buffer overflow on client_fd 142
Outbound buffer overflow on client_fd 143
Outbound buffer overflow on client_fd 144
Outbound buffer overflow on client_fd 145
Outbound buffer overflow on client_fd 88
Outbound buffer overflow on client_fd 89
Outbound buffer overflow on client_fd 109
Outbound buffer overflow on client_fd 55
Outbound buffer overflow on client_fd 110
Outbound buffer overflow on client_fd 117
Outbound buffer overflow on client_fd 39
Outbound buffer overflow on client_fd 124
Outbound buffer overflow on client_fd 72
Outbound buffer overflow on client_fd 73
Outbound buffer overflow on client_fd 204
Outbound buffer overflow on client_fd 205
Outbound buffer overflow on client_fd 206
Outbound buffer overflow on client_fd 154
Outbound buffer overflow on client_fd 56
Outbound buffer overflow on client_fd 74
Outbound buffer overflow on client_fd 135
Outbound buffer overflow on client_fd 90
Outbound buffer overflow on client_fd 155
Outbound buffer overflow on client_fd 91
Outbound buffer overflow on client_fd 92
Outbound buffer overflow on client_fd 156
nt connected with client_fd = 1091
New client connected with client_fd = 1092
New client connected with client_fd = 1093
New client connected with client_fd = 1095
New client connected with client_fd = 1096
New client connected with client_fd = 1097
New client connected with client_fd = 1098
New client connected with client_fd = 1099
New client connected with client_fd = 1951
New client connected with client_fd = 1952
New client connected with client_fd = 1953
New client connected with client_fd = 1954
New client connected with client_fd = 1955
New client connected with client_fd = 1971
New client connected with client_fd = 1972
New client connected with client_fd = 2008
New client connected with client_fd = 2009
New client connected with client_fd = 2010
New client connected with client_fd = 2011
New client connected with client_fd = 2012
New client connected with client_fd = 2013
New client connected with client_fd = 2014
New client connected with client_fd = 2015
New client connected with client_fd = 2016
New client connected with client_fd = 2017
New client connected with client_fd = 2018
New client connected with client_fd = 2019
New client connected with client_fd = 2020
New client connected with client_fd = 2021
New client connected with client_fd = 2022
New client connected with client_fd = 2023
New client connected with client_fd = 2024
New client connected with client_fd = 2025
New client connected with client_fd = 2026
New client connected with client_fd = 2027
New client connected with client_fd = 2028
New client connected with client_fd = 2029
New client connected with client_fd = 2030
New client connected with client_fd = 2031
New client connected with client_fd = 2032
New client connected with client_fd = 2587
New client connected with client_fd = 1807
New client connected with client_fd = 1808
New client connected with client_fd = 1809
New client connected with client_fd = 1810
New client connected with client_fd = 1811
New client connected with client_fd = 1812
New client connected with client_fd = 1813
New client connected with client_fd = 1814
New client connected with client_fd = 1815
New client connected with client_fd = 1816
New client connected with client_fd = 1817
New client connected with client_fd = 1818
New client connected with client_fd = 1819
New client connected with client_fd = 1820
New client connected with client_fd = 1821
New client connected with client_fd = 119
New client connected with client_fd = 137
New client connected with client_fd = 138
New client connected with client_fd = 174
New client connected with client_fd = 175
New client connected with client_fd = 30
New client connected with client_fd = 54
New client connected with client_fd = 71
New client connected with client_fd = 83
New client connected with client_fd = 106
New client connected with client_fd = 107
New client connected with client_fd = 108
New client connected with client_fd = 120
New client connected with client_fd = 121
New client connected with client_fd = 139
New client connected with client_fd = 158
New client connected with client_fd = 122
New client connected with client_fd = 123
New client connected with client_fd = 140
New client connected with client_fd = 141
New client connected with client_fd = 146
New client connected with client_fd = 147
New client connected with client_fd = 150
New client connected with client_fd = 88
New client connected with client_fd = 89
New client connected with client_fd = 55
New client connected with client_fd = 109
New client connected with client_fd = 110
New client connected with client_fd = 117
New client connected with client_fd = 39
New client connected with client_fd = 124
New client connected with client_fd = 142
New client connected with client_fd = 56
New client connected with client_fd = 72
New client connected with client_fd = 73
New client connected with client_fd = 74
New client connected with client_fd = 135
New client connected with client_fd = 90
New client connected with client_fd = 91
New client connected with client_fd = 92
New client connected with clienOutbound buffer overflow on client_fd 40
Outbound buffer overflow on client_fd 57
Outbound buffer overflow on client_fd 118
Outbound buffer overflow on client_fd 157
Outbound buffer overflow on client_fd 28
Outbound buffer overflow on client_fd 51
Outbound buffer overflow on client_fd 65
Outbound buffer overflow on client_fd 82
Outbound buffer overflow on client_fd 93
Outbound buffer overflow on client_fd 136
Outbound buffer overflow on client_fd 2705
Outbound buffer overflow on client_fd 2696
Outbound buffer overflow on client_fd 2697
Outbound buffer overflow on client_fd 2698
Outbound buffer overflow on client_fd 2693
Outbound buffer overflow on client_fd 2694
Outbound buffer overflow on client_fd 2695
Outbound buffer overflow on client_fd 2690
Outbound buffer overflow on client_fd 2691
Outbound buffer overflow on client_fd 2692
Outbound buffer overflow on client_fd 2687
Outbound buffer overflow on client_fd 2688
Outbound buffer overflow on client_fd 2689
Outbound buffer overflow on client_fd 2684
Outbound buffer overflow on client_fd 2685
Outbound buffer overflow on client_fd 2686
Outbound buffer overflow on client_fd 2682
Outbound buffer overflow on client_fd 2683
Outbound buffer overflow on client_fd 2680
Outbound buffer overflow on client_fd 2681
Outbound buffer overflow on client_fd 2679
Outbound buffer overflow on client_fd 3555
Outbound buffer overflow on client_fd 3556
Outbound buffer overflow on client_fd 3557
Outbound buffer overflow on client_fd 3558
Outbound buffer overflow on client_fd 3559
Outbound buffer overflow on client_fd 3560
Outbound buffer overflow on client_fd 3561
Outbound buffer overflow on client_fd 3562
Outbound buffer overflow on client_fd 3563
Outbound buffer overflow on client_fd 3564
Outbound buffer overflow on client_fd 3566
Outbound buffer overflow on client_fd 3567
Outbound buffer overflow on client_fd 3568
Outbound buffer overflow on client_fd 3589
Outbound buffer overflow on client_fd 3588
Outbound buffer overflow on client_fd 3587
Outbound buffer overflow on client_fd 3586
Outbound buffer overflow on client_fd 3585
Outbound buffer overflow on client_fd 3584
Outbound buffer overflow on client_fd 3583
Outbound buffer overflow on client_fd 3582
Outbound buffer overflow on client_fd 3581
Outbound buffer overflow on client_fd 3580
Outbound buffer overflow on client_fd 3579
Outbound buffer overflow on client_fd 3578
Outbound buffer overflow on client_fd 3577
Outbound buffer overflow on client_fd 3554
t_fd = 143
New client connected with client_fd = 40
New client connected with client_fd = 57
New client connected with client_fd = 28
New client connected with client_fd = 51
New client connected with client_fd = 65
New client connected with client_fd = 82
New client connected with client_fd = 93
New client connected with client_fd = 118
New client connected with client_fd = 136
New client connected with client_fd = 144
New client connected with client_fd = 145
New client connected with client_fd = 151
New client connected with client_fd = 152
New client connected with client_fd = 154
New client connected with client_fd = 155
New client connected with client_fd = 156
New client connected with client_fd = 157
New client connected with client_fd = 159
New client connected with client_fd = 160
New client connected with client_fd = 161
New client connected with client_fd = 162
New client connected with client_fd = 164
New client connected with client_fd = 165
New client connected with client_fd = 166
New client connected with client_fd = 167
New client connected with client_fd = 168
New client connected with client_fd = 172
New client connected with client_fd = 178
New client connected with client_fd = 181
New client connected with client_fd = 204
New client connected with client_fd = 205
New client connected with client_fd = 206
New client connected with client_fd = 1822
New client connected with client_fd = 1823
New client connected with client_fd = 1824
New client connected with client_fd = 1825
New client connected with client_fd = 1826
New client connected with client_fd = 1827
New client connected with client_fd = 1830
New client connected with client_fd = 1831
New client connected with client_fd = 1832
New client connected with client_fd = 1837
New client connected with client_fd = 1838
New client connected with client_fd = 1839
New client connected with client_fd = 1840
New client connected with client_fd = 1841
New client connected with client_fd = 1842
New client connected with client_fd = 2588
New client connected with client_fd = 2589
New client connected with client_fd = 2590
New client connected with client_fd = 2591
New client connected with client_fd = 2592
New client connected with client_fd = 2593
New client connected with client_fd = 2594
New client connected with client_fd = 2595
New client connected with client_fd = 2596
New client connected with client_fd = 2597
New client connected with client_fd = 2598
New client connected with client_fd = 2599
New client connected with client_fd = 2600
New client connected with client_fd = 2679
New client connected with client_fd = 2680
New client connected with client_fd = 2681
New client connected with client_fd = 2682
New client connected with client_fd = 2683
New client connected with client_fd = 2684
New client connected with client_fd = 2685
New client connected with client_fd = 2686
New client connected with client_fd = 2687
New client connected with client_fd = 2688
New client connected with client_fd = 2689
New client connected with client_fd = 2690
New client connected with client_fd = 2691
New client connected with client_fd = 2692
New client connected with client_fd = 2693
New client connected with client_fd = 2694
New client connected with client_fd = 2695
New client connected with client_fd = 2696
New client connected with client_fd = 2697
New client connected with client_fd = 2698
New client connected with client_fd = 2705
New client connected with client_fd = 2815
New client connected with client_fd = 2816
New client connected with client_fd = 2817
New client connected with client_fd = 2818
New client connected with client_fd = 2819
New client connected with client_fd = 2820
New client connected with client_fd = 2821
New client connected with client_fd = 2822
New client connected with client_fd = 2823
New client connected with client_fd = 2827
New client connected with client_fd = 2828
New client connected with client_fd = 2829
New client connected with client_fd = 2830
New client connected with client_fd = 2831
New client connected with client_fd = 2Outbound buffer overflow on client_fd 65
Outbound buffer overflow on client_fd 619
Outbound buffer overflow on client_fd 3576
Outbound buffer overflow on client_fd 3575
Outbound buffer overflow on client_fd 3574
Outbound buffer overflow on client_fd 3573
Outbound buffer overflow on client_fd 3572
Outbound buffer overflow on client_fd 3571
Outbound buffer overflow on client_fd 3570
Outbound buffer overflow on client_fd 1408
Outbound buffer overflow on client_fd 1410
Outbound buffer overflow on client_fd 1429
Outbound buffer overflow on client_fd 1430
Outbound buffer overflow on client_fd 1431
Outbound buffer overflow on client_fd 1432
Outbound buffer overflow on client_fd 1440
Outbound buffer overflow on client_fd 1441
Outbound buffer overflow on client_fd 1442
Outbound buffer overflow on client_fd 1443
Outbound buffer overflow on client_fd 1449
Outbound buffer overflow on client_fd 1450
Outbound buffer overflow on client_fd 1451
Outbound buffer overflow on client_fd 1452
Outbound buffer overflow on client_fd 1454
Outbound buffer overflow on client_fd 1455
Outbound buffer overflow on client_fd 1456
Outbound buffer overflow on client_fd 1457
Outbound buffer overflow on client_fd 3540
Outbound buffer overflow on client_fd 3539
Outbound buffer overflow on client_fd 3538
Outbound buffer overflow on client_fd 3537
Outbound buffer overflow on client_fd 3536
Outbound buffer overflow on client_fd 3535
Outbound buffer overflow on client_fd 3534
Outbound buffer overflow on client_fd 3524
Outbound buffer overflow on client_fd 3522
Outbound buffer overflow on client_fd 3521
Outbound buffer overflow on client_fd 3520
Outbound buffer overflow on client_fd 3519
Outbound buffer overflow on client_fd 3518
Outbound buffer overflow on client_fd 3517
Outbound buffer overflow on client_fd 3516
Outbound buffer overflow on client_fd 3515
Outbound buffer overflow on client_fd 3514
Outbound buffer overflow on client_fd 3513
Outbound buffer overflow on client_fd 3512
Outbound buffer overflow on client_fd 3511
Outbound buffer overflow on client_fd 3510
Outbound buffer overflow on client_fd 3509
Outbound buffer overflow on client_fd 3508
Outbound buffer overflow on client_fd 3507
Outbound buffer overflow on client_fd 3506
Outbound buffer overflow on client_fd 3505
Outbound buffer overflow on client_fd 3504
Outbound buffer overflow on client_fd 3503
Outbound buffer overflow on client_fd 3502
Outbound buffer overflow on client_fd 3501
Outbound buffer overflow on client_fd 3496
Outbound buffer overflow on client_fd 3495
Outbound buffer overflow on client_fd 3494
Outbound buffer overflow on client_fd 3493
Outbound buffer overflow on client_fd 3492
Outbound buffer overflow on client_fd 3491
Outbound buffer overflow on client_fd 3490
Outbound buffer overflow on client_fd 90
Outbound buffer overflow on client_fd 91
Outbound buffer overflow on client_fd 162
Outbound buffer overflow on client_fd 136
Outbound buffer overflow on client_fd 164
Outbound buffer overflow on client_fd 144
Outbound buffer overflow on client_fd 165
Outbound buffer overflow on client_fd 56
Outbound buffer overflow on client_fd 72
Outbound buffer overflow on client_fd 73
Outbound buffer overflow on client_fd 74
Outbound buffer overflow on client_fd 28
Outbound buffer overflow on client_fd 51
Outbound buffer overflow on client_fd 166
Outbound buffer overflow on client_fd 135
Outbound buffer overflow on client_fd 145
Outbound buffer overflow on client_fd 151
Outbound buffer overflow on client_fd 82
Outbound buffer overflow on client_fd 167
Outbound buffer overflow on client_fd 152
Outbound buffer overflow on client_fd 154
Outbound buffer overflow on client_fd 155
Outbound buffer overflow on client_fd 156
Outbound buffer overflow on client_fd 157
Outbound buffer overflow on client_fd 159
Outbound buffer overflow on client_fd 160
Outbound buffer overflow on client_fd 93
Outbound buffer overflow on client_fd 161
Outbound buffer overflow on client_fd 28
Outbound buffer overflow on client_fd 51
Outbound buffer overflow on client_fd 56
Outbound buffer overflow on client_fd 72
Outbound buffer overflow on client_fd 73
Outbound buffer overflow on client_fd 74
Outbound buffer overflow on client_fd 159
Outbound buffer overflow on client_fd 157
Outbound buffer overflow on client_fd 2800
Outbound buffer overflow on client_fd 2799
Outbound buffer overflow on client_fd 2798
Outbound buffer overflow on client_fd 2797
Outbound buffer overflow on client_fd 2796
Outbound buffer overflow on client_fd 2795
Outbound buffer overflow on client_fd 2794
Outbound buffer overflow on client_fd 2793
Outbound buffer overflow on client_fd 2779
Outbound buffer overflow on client_fd 2778
Outbound buffer overflow on client_fd 2777
Outbound buffer overflow on client_fd 2656
Outbound buffer overflow on client_fd 2655
Outbound buffer overflow on client_fd 2654
Outbound buffer overflow on client_fd 2653
Outbound buffer overflow on client_fd 2652
Outbound buffer overflow on client_fd 2651
Outbound buffer overflow on client_fd 2647
Outbound buffer overflow on client_fd 2645
Outbound buffer overflow on client_fd 2644
Outbound buffer overflow on client_fd 2643
Outbound buffer overflow on client_fd 151
Outbound buffer overflow on client_fd 2638
Outbound buffer overflow on client_fd 2636
Outbound buffer overflow on client_fd 2622
Outbound buffer overflow on client_fd 2621
Outbound buffer overflow on client_fd 2620
Outbound buffer overflow on client_fd 2619
Outbound buffer overflow on client_fd 2618
Outbound buffer overflow on client_fd 2617
Outbound buffer overflow on client_fd 2616
Outbound buffer overflow on client_fd 2615
Outbound buffer overflow on client_fd 2614
Outbound buffer overflow on client_fd 2613
Outbound buffer overflow on client_fd 2612
Outbound buffer overflow on client_fd 2611
Outbound buffer overflow on client_fd 2610
Outbound buffer overflow on client_fd 2609
Outbound buffer overflow on client_fd 2608
Outbound buffer overflow on client_fd 2607
Outbound buffer overflow on client_fd 2741
Outbound buffer overflow on client_fd 2606
Outbound buffer overflow on client_fd 2605
Outbound buffer overflow on client_fd 2745
Outbound buffer overflow on client_fd 2744
Outbound buffer overflow on client_fd 2743
Outbound buffer overflow on client_fd 2742
Outbound buffer overflow on client_fd 2740
Outbound buffer overflow on client_fd 2739
Outbound buffer overflow on client_fd 2738
Outbound buffer overflow on client_fd 2737
Outbound buffer overflow on client_fd 2736
Outbound buffer overflow on client_fd 2735
Outbound buffer overflow on client_fd 2733
Outbound buffer overflow on client_fd 2732
Outbound buffer overflow on client_fd 2731
Outbound buffer overflow on client_fd 2730
Outbound buffer overflow on client_fd 2729
Outbound buffer overflow on client_fd 2728
Outbound buffer overflow on client_fd 2727
Outbound buffer overflow on client_fd 2726
Outbound buffer overflow on client_fd 2725
Outbound buffer overflow on client_fd 2724
Outbound buffer overflow on client_fd 2723
Outbound buffer overflow on client_fd 2722
Outbound buffer overflow on client_fd 2721
Outbound buffer overflow on client_fd 2720
Outbound buffer overflow on client_fd 2719
Outbound buffer overflow on client_fd 2718
Outbound buffer overflow on client_fd 2717
Outbound buffer overflow on client_fd 2716
Outbound buffer overflow on client_fd 2715
Outbound buffer overflow on client_fd 2714
Outbound buffer overflow on client_fd 2713
Outbound buffer overflow on client_fd 2712
Outbound buffer overflow on client_fd 2704
Outbound buffer overflow on client_fd 2703
Outbound buffer overflow on client_fd 2702
Outbound buffer overflow on client_fd 2701
Outbound buffer overflow on client_fd 2700
Outbound buffer overflow on client_fd 2699
Outbound buffer overflow on client_fd 2711
Outbound buffer overflow on client_fd 2710
Outbound buffer overflow on client_fd 2709
Outbound buffer overflow on client_fd 2708
Outbound buffer overflow on client_fd 2707
Outbound buffer overflow on client_fd 2706
Outbound buffer overflow on client_fd 570
Outbound buffer overflow on client_fd 569
Outbound buffer overflow on client_fd 568
Outbound buffer overflow on client_fd 567
Outbound buffer overflow on client_fd 2635
Outbound buffer overflow on client_fd 2633
Outbound buffer overflow on client_fd 2628
Outbound buffer overflow on client_fd 2627
Outbound buffer overflow on client_fd 2623
Outbound buffer overflow on client_fd 1806
Outbound buffer overflow on client_fd 1805
Outbound buffer overflow on client_fd 1797
Outbound buffer overflow on client_fd 1796
Outbound buffer overflow on client_fd 1794
Outbound buffer overflow on client_fd 1793
Outbound buffer overflow on client_fd 1792
Outbound buffer overflow on client_fd 1804
832
New client connected with client_fd = 2833
New client connected with client_fd = 3554
New client connected with client_fd = 3555
New client connected with client_fd = 3556
New client connected with client_fd = 3557
New client connected with client_fd = 3558
New client connected with client_fd = 3559
New client connected with client_fd = 3560
New client connected with client_fd = 3561
New client connected with client_fd = 3562
New client connected with client_fd = 3563
New client connected with client_fd = 3564
New client connected with client_fd = 3566
New client connected with client_fd = 3567
New client connected with client_fd = 3568
New client connected with client_fd = 3577
New client connected with client_fd = 3578
New client connected with client_fd = 3579
New client connected with client_fd = 3580
New client connected with client_fd = 3581
New client connected with client_fd = 3582
New client connected with client_fd = 3583
New client connected with client_fd = 3584
New client connected with client_fd = 3585
New client connected with client_fd = 3586
New client connected with client_fd = 3587
New client connected with client_fd = 3588
New client connected with client_fd = 3589
New client connected with client_fd = 4513
New client connected with client_fd = 4514
New client connected with client_fd = 4515
New client connected with client_fd = 65
New client connected with client_fd = 619
New client connected with client_fd = 90
New client connected with client_fd = 91
New client connected with client_fd = 1408
New client connected with client_fd = 1410
New client connected with client_fd = 162
New client connected with client_fd = 1429
New client connected with client_fd = 1430
New client connected with client_fd = 136
New client connected with client_fd = 164
New client connected with client_fd = 1431
New client connected with client_fd = 1432
New client connected with client_fd = 1440
New client connected with client_fd = 28
New client connected with client_fd = 51
New client connected with client_fd = 56
New client connected with client_fd = 72
New client connected with client_fd = 73
New client connected with client_fd = 74
New client connected with client_fd = 82
New client connected with client_fd = 135
New client connected with client_fd = 144
New client connected with client_fd = 145
New client connected with client_fd = 151
New client connected with client_fd = 93
New client connected with client_fd = 152
New client connected with client_fd = 154
New client connected with client_fd = 155
New client connected with client_fd = 156
New client connected with client_fd = 157
New client connected with client_fd = 159
New client connected with client_fd = 28
New client connected with client_fd = 51
New client connected with client_fd = 56
New client connected with client_fd = 72
New client connected with client_fd = 73
New client connected with client_fd = 74
New client connected with client_fd = 160
New client connected with client_fd = 157
New client connected with client_fd = 159
New client connected with client_fd = 161
New client connected with client_fd = 165
New client connected with client_fd = 166
New client connected with client_fd = 167
New client connected with client_fd = 1441
New client connected with client_fd = 151
New client connected with client_fd = 1442
New client connected with client_fd = 1443
New client connected with client_fd = 1449
New client connected with client_fd = 1450
New client connected with client_fd = 1451
New client connected with client_fd = 1452
New client connected with client_fd = 567
New client connected with client_fd = 568
New client connected with client_fd = 569
New client connected with client_fd = 570
New client connected with client_fd = 1454
New client connected with client_fd = 1455
New client connected with client_fd = 1456
New client connected with client_fd = 1457
New client connected with client_fd = 1792
New client connected with client_fd = 1793
New client connected with client_fd = 1794
New client connected with client_fd = 1796
New client connected witOutbound buffer overflow on client_fd 152
Outbound buffer overflow on client_fd 569
Outbound buffer overflow on client_fd 568
Outbound buffer overflow on client_fd 567
h client_fd = 1797
New client connected with client_fd = 1804
New client connected with client_fd = 1805
New client connected with client_fd = 1806
New client connected with client_fd = 2605
New client connected with client_fd = 2606
New client connected with client_fd = 2607
New client connected with client_fd = 2608
New client connected with client_fd = 2609
New client connected with client_fd = 2610
New client connected with client_fd = 2611
New client connected with client_fd = 2612
New client connected with client_fd = 2613
New client connected with client_fd = 2614
New client connected with client_fd = 2615
New client connected with client_fd = 152
New client connected with client_fd = 2616
New client connected with client_fd = 2617
New client connected with client_fd = 2618
New client connected with client_fd = 2619
New client connected with client_fd = 2620
New client connected with client_fd = 2621
New client connected with client_fd = 2622
New client connected with client_fd = 2623
New client connected with client_fd = 2627
New client connected with client_fd = 2628
New client connected with client_fd = 2633
New client connected with client_fd = 2635
New client connected with client_fd = 567
New client connected with client_fd = 568
New client connected with client_fd = 569
New client connected with client_fd = 2636
New client connected with client_fd = 2638
New client connected with client_fd = 2643
New client connected with client_fd = 2644
New client connected with client_fd = 2645
New client connected with client_fd = 2647
New client connected with client_fd = 2651
New client connected with client_fd = 2652
New client connected with client_fd = 2653
New client connected with client_fd = 2654
New client connected with client_fd = 2655
New client connected with client_fd = 2656
New client connected with client_fd = 2699
New client connected with client_fd = 2700
New client connected with client_fd = 2701
New client connected with client_fd = 2702
New client connected with client_fd = 2703
New client connected with client_fd = 2704
New client connected with client_fd = 2706
New client connected with client_fd = 2707
New client connected with client_fd = 2708
New client connected with client_fd = 2709
New client connected with client_fd = 2710
New client connected with client_fd = 2711
New client connected with client_fd = 2712
New client connected with client_fd = 2713
New client connected with client_fd = 2714
New client connected with client_fd = 2715
New client connected with client_fd = 2716
New client connected with client_fd = 2717
New client connected with client_fd = 2718
New client connected with client_fd = 2719
New client connected with client_fd = 2720
New client connected with client_fd = 2721
New client connected with client_fd = 2722
New client connected with client_fd = 2723
New client connected with client_fd = 2724
New client connected with client_fd = 2725
New client connected with client_fd = 2726
New client connected with client_fd = 2727
New client connected with client_fd = 2728
New client connected with client_fd = 2729
New client connected with client_fd = 2730
New client connected with client_fd = 2731
New client connected with client_fd = 2732
New client connected with client_fd = 2733
New client connected with client_fd = 2735
New client connected with client_fd = 2736
New client connected with client_fd = 2737
New client connected with client_fd = 2738
New client connected with client_fd = 2739
New client connected with client_fd = 2740
New client connected with client_fd = 2741
New client connected with client_fd = 2742
New client connected with client_fd = 2743
New client connected with client_fd = 2744
New client connected with client_fd = 2745
New client connected with client_fd = 2777
New client connected with client_fd = 2778
New client connected with client_fd = 2779
New client connected with client_fd = 2793
New client connected with client_fd = 2794
New client connected with client_fd = 2795
New client connected with client_fd = 2796
New client connected with client_fd = 2Outbound buffer overflow on client_fd 1838
Outbound buffer overflow on client_fd 158
Outbound buffer overflow on client_fd 139
Outbound buffer overflow on client_fd 121
Outbound buffer overflow on client_fd 120
Outbound buffer overflow on client_fd 2694
Outbound buffer overflow on client_fd 158
Outbound buffer overflow on client_fd 139
Outbound buffer overflow on client_fd 3555
Outbound buffer overflow on client_fd 2831
Outbound buffer overflow on client_fd 2832
Outbound buffer overflow on client_fd 2833
Outbound buffer overflow on client_fd 3554
Outbound buffer overflow on client_fd 2591
Outbound buffer overflow on client_fd 2591
Outbound buffer overflow on client_fd 3554
Outbound buffer overflow on client_fd 2833
Outbound buffer overflow on client_fd 57
Outbound buffer overflow on client_fd 40
Outbound buffer overflow on client_fd 3564
Outbound buffer overflow on client_fd 3562
Outbound buffer overflow on client_fd 3563
Outbound buffer overflow on client_fd 3560
Outbound buffer overflow on client_fd 3561
Outbound buffer overflow on client_fd 3558
Outbound buffer overflow on client_fd 3559
Outbound buffer overflow on client_fd 3555
Outbound buffer overflow on client_fd 40
Outbound buffer overflow on client_fd 3555
Outbound buffer overflow on client_fd 3562
Outbound buffer overflow on client_fd 3584
Outbound buffer overflow on client_fd 19
Outbound buffer overflow on client_fd 3563
Outbound buffer overflow on client_fd 1976
Outbound buffer overflow on client_fd 1977
Outbound buffer overflow on client_fd 1970
Outbound buffer overflow on client_fd 1959
Outbound buffer overflow on client_fd 1960
Outbound buffer overflow on client_fd 1961
Outbound buffer overflow on client_fd 1963
Outbound buffer overflow on client_fd 1964
Outbound buffer overflow on client_fd 1989
Outbound buffer overflow on client_fd 1990
Outbound buffer overflow on client_fd 1991
Outbound buffer overflow on client_fd 1992
Outbound buffer overflow on client_fd 1052
Outbound buffer overflow on client_fd 1956
Outbound buffer overflow on client_fd 1957
Outbound buffer overflow on client_fd 1982
Outbound buffer overflow on client_fd 1983
Outbound buffer overflow on client_fd 1984
Outbound buffer overflow on client_fd 1985
Outbound buffer overflow on client_fd 1986
Outbound buffer overflow on client_fd 1973
Outbound buffer overflow on client_fd 1799
Outbound buffer overflow on client_fd 1800
Outbound buffer overflow on client_fd 1801
Outbound buffer overflow on client_fd 1802
Outbound buffer overflow on client_fd 1803
Outbound buffer overflow on client_fd 595
Outbound buffer overflow on client_fd 596
Outbound buffer overflow on client_fd 1966
Outbound buffer overflow on client_fd 1967
Outbound buffer overflow on client_fd 1968
Outbound buffer overflow on client_fd 1969
Outbound buffer overflow on client_fd 1965
Outbound buffer overflow on client_fd 1803
Outbound buffer overflow on client_fd 1959
797
New client connected with client_fd = 2798
New client connected with client_fd = 2799
New client connected with client_fd = 2800
New client connected with client_fd = 3490
New client connected with client_fd = 3491
New client connected with client_fd = 3492
New client connected with client_fd = 3493
New client connected with client_fd = 3494
New client connected with client_fd = 3495
New client connected with client_fd = 3496
New client connected with client_fd = 3501
New client connected with client_fd = 3502
New client connected with client_fd = 3503
New client connected with client_fd = 3504
New client connected with client_fd = 3505
New client connected with client_fd = 3506
New client connected with client_fd = 3507
New client connected with client_fd = 3508
New client connected with client_fd = 3509
New client connected with client_fd = 3510
New client connected with client_fd = 3511
New client connected with client_fd = 3512
New client connected with client_fd = 3513
New client connected with client_fd = 3514
New client connected with client_fd = 3515
New client connected with client_fd = 3516
New client connected with client_fd = 3517
New client connected with client_fd = 3518
New client connected with client_fd = 3519
New client connected with client_fd = 3520
New client connected with client_fd = 3521
New client connected with client_fd = 3522
New client connected with client_fd = 3524
New client connected with client_fd = 3534
New client connected with client_fd = 3535
New client connected with client_fd = 3536
New client connected with client_fd = 3537
New client connected with client_fd = 3538
New client connected with client_fd = 3539
New client connected with client_fd = 3540
New client connected with client_fd = 3570
New client connected with client_fd = 3571
New client connected with client_fd = 3572
New client connected with client_fd = 3573
New client connected with client_fd = 1838
New client connected with client_fd = 120
New client connected with client_fd = 121
New client connected with client_fd = 139
New client connected with client_fd = 158
New client connected with client_fd = 2694
New client connected with client_fd = 139
New client connected with client_fd = 158
New client connected with client_fd = 2591
New client connected with client_fd = 2831
New client connected with client_fd = 2832
New client connected with client_fd = 2833
New client connected with client_fd = 3554
New client connected with client_fd = 2591
New client connected with client_fd = 2833
New client connected with client_fd = 3554
New client connected with client_fd = 3555
New client connected with client_fd = 40
New client connected with client_fd = 57
New client connected with client_fd = 3558
New client connected with client_fd = 3559
New client connected with client_fd = 3555
New client connected with client_fd = 3560
New client connected with client_fd = 3561
New client connected with client_fd = 3562
New client connected with client_fd = 3563
New client connected with client_fd = 40
New client connected with client_fd = 3564
New client connected with client_fd = 3555
New client connected with client_fd = 19
New client connected with client_fd = 3562
New client connected with client_fd = 595
New client connected with client_fd = 596
New client connected with client_fd = 1052
New client connected with client_fd = 1799
New client connected with client_fd = 1800
New client connected with client_fd = 1801
New client connected with client_fd = 1802
New client connected with client_fd = 1803
New client connected with client_fd = 1956
New client connected with client_fd = 1957
New client connected with client_fd = 1959
New client connected with client_fd = 1960
New client connected with client_fd = 1961
New client connected with client_fd = 1963
New client connected with client_fd = 1964
New client connected with client_fd = 1965
New client connected with client_fd = 1966
New client connected with client_fd = 1967
New client connected with client_fd = 1803
New client connected with client_fd = 1959
New client connected wiOutbound buffer overflow on client_fd 57
Outbound buffer overflow on client_fd 1961
Outbound buffer overflow on client_fd 2829
Outbound buffer overflow on client_fd 2830
Outbound buffer overflow on client_fd 2819
Outbound buffer overflow on client_fd 2820
Outbound buffer overflow on client_fd 1982
Outbound buffer overflow on client_fd 1989
Outbound buffer overflow on client_fd 105
Outbound buffer overflow on client_fd 81
Outbound buffer overflow on client_fd 98
Outbound buffer overflow on client_fd 97
Outbound buffer overflow on client_fd 143
Outbound buffer overflow on client_fd 92
Outbound buffer overflow on client_fd 1803
Outbound buffer overflow on client_fd 1959
Outbound buffer overflow on client_fd 169
Outbound buffer overflow on client_fd 3574
Outbound buffer overflow on client_fd 70
Outbound buffer overflow on client_fd 17
Outbound buffer overflow on client_fd 3574
Outbound buffer overflow on client_fd 2820
Outbound buffer overflow on client_fd 3589
Outbound buffer overflow on client_fd 4513
Outbound buffer overflow on client_fd 4514
Outbound buffer overflow on client_fd 4515
Outbound buffer overflow on client_fd 3556
Outbound buffer overflow on client_fd 3566
Outbound buffer overflow on client_fd 3567
Outbound buffer overflow on client_fd 3568
Outbound buffer overflow on client_fd 3577
Outbound buffer overflow on client_fd 3578
Outbound buffer overflow on client_fd 3579
Outbound buffer overflow on client_fd 3580
Outbound buffer overflow on client_fd 3581
Outbound buffer overflow on client_fd 3582
Outbound buffer overflow on client_fd 3583
Outbound buffer overflow on client_fd 3585
Outbound buffer overflow on client_fd 3586
Outbound buffer overflow on client_fd 3587
Outbound buffer overflow on client_fd 3588
Outbound buffer overflow on client_fd 3557
Outbound buffer overflow on client_fd 70
Outbound buffer overflow on client_fd 3567
Outbound buffer overflow on client_fd 3576
Outbound buffer overflow on client_fd 1991
Outbound buffer overflow on client_fd 3583
Outbound buffer overflow on client_fd 61
Outbound buffer overflow on client_fd 3557
Outbound buffer overflow on client_fd 3584
Outbound buffer overflow on client_fd 3576
Outbound buffer overflow on client_fd 3577
Outbound buffer overflow on client_fd 3567
Outbound buffer overflow on client_fd 3577
Outbound buffer overflow on client_fd 1431
Outbound buffer overflow on client_fd 61
Outbound buffer overflow on client_fd 3577
Outbound buffer overflow on client_fd 3557
Outbound buffer overflow on client_fd 118
Outbound buffer overflow on client_fd 3557
Outbound buffer overflow on client_fd 3589
Outbound buffer overflow on client_fd 3577
Outbound buffer overflow on client_fd 551
Outbound buffer overflow on client_fd 61
Outbound buffer overflow on client_fd 1429
Outbound buffer overflow on client_fd 1430
Outbound buffer overflow on client_fd 162
Outbound buffer overflow on client_fd 3557
Outbound buffer overflow on client_fd 118
Outbound buffer overflow on client_fd 160
Outbound buffer overflow on client_fd 74
Outbound buffer overflow on client_fd 1431
Outbound buffer overflow on client_fd 1430
Outbound buffer overflow on client_fd 3583
Outbound buffer overflow on client_fd 145
Outbound buffer overflow on client_fd 56
Outbound buffer overflow on client_fd 152
Outbound buffer overflow on client_fd 2616
Outbound buffer overflow on client_fd 2617
Outbound buffer overflow on client_fd 2618
Outbound buffer overflow on client_fd 2620
Outbound buffer overflow on client_fd 2621
Outbound buffer overflow on client_fd 3966
Outbound buffer overflow on client_fd 1811
Outbound buffer overflow on client_fd 2027
Outbound buffer overflow on client_fd 2026
Outbound buffer overflow on client_fd 1815
Outbound buffer overflow on client_fd 1814
th client_fd = 1968
New client connected with client_fd = 1969
New client connected with client_fd = 57
New client connected with client_fd = 1970
New client connected with client_fd = 1973
New client connected with client_fd = 1961
New client connected with client_fd = 1976
New client connected with client_fd = 1977
New client connected with client_fd = 1982
New client connected with client_fd = 1983
New client connected with client_fd = 1984
New client connected with client_fd = 1985
New client connected with client_fd = 1986
New client connected with client_fd = 1989
New client connected with client_fd = 1990
New client connected with client_fd = 1991
New client connected with client_fd = 1992
New client connected with client_fd = 2819
New client connected with client_fd = 2820
New client connected with client_fd = 2829
New client connected with client_fd = 2830
New client connected with client_fd = 1982
New client connected with client_fd = 1989
New client connected with client_fd = 81
New client connected with client_fd = 105
New client connected with client_fd = 97
New client connected with client_fd = 98
New client connected with client_fd = 3563
New client connected with client_fd = 3574
New client connected with client_fd = 92
New client connected with client_fd = 143
New client connected with client_fd = 169
New client connected with client_fd = 1803
New client connected with client_fd = 1959
New client connected with client_fd = 17
New client connected with client_fd = 70
New client connected with client_fd = 3574
New client connected with client_fd = 3574
New client connected with client_fd = 2820
New client connected with client_fd = 3556
New client connected with client_fd = 3557
New client connected with client_fd = 3566
New client connected with client_fd = 3567
New client connected with client_fd = 3568
New client connected with client_fd = 70
New client connected with client_fd = 3575
New client connected with client_fd = 3576
New client connected with client_fd = 3577
New client connected with client_fd = 3578
New client connected with client_fd = 3579
New client connected with client_fd = 3580
New client connected with client_fd = 3567
New client connected with client_fd = 3581
New client connected with client_fd = 3582
New client connected with client_fd = 3583
New client connected with client_fd = 3576
New client connected with client_fd = 3584
New client connected with client_fd = 3585
New client connected with client_fd = 3586
New client connected with client_fd = 3587
New client connected with client_fd = 3588
New client connected with client_fd = 3589
New client connected with client_fd = 61
New client connected with client_fd = 1991
New client connected with client_fd = 3557
New client connected with client_fd = 3576
New client connected with client_fd = 3577
New client connected with client_fd = 3567
New client connected with client_fd = 3577
New client connected with client_fd = 1431
New client connected with client_fd = 3583
New client connected with client_fd = 61
New client connected with client_fd = 3557
New client connected with client_fd = 3577
New client connected with client_fd = 118
New client connected with client_fd = 3557
New client connected with client_fd = 3577
New client connected with client_fd = 3584
New client connected with client_fd = 61
New client connected with client_fd = 162
New client connected with client_fd = 118
New client connected with client_fd = 551
New client connected with client_fd = 1429
New client connected with client_fd = 1430
New client connected with client_fd = 74
New client connected with client_fd = 160
New client connected with client_fd = 1430
New client connected with client_fd = 1431
New client connected with client_fd = 3557
New client connected with client_fd = 3583
New client connected with client_fd = 3589
New client connected with client_fd = 145
New client connected with client_fd = 56
New client connected with client_fd = 152
New client connected with client_fd = 1811
New client connected with client_fd = 1814
New client connected with cOutbound buffer overflow on client_fd 152
Outbound buffer overflow on client_fd 1815
Outbound buffer overflow on client_fd 1792
Outbound buffer overflow on client_fd 1456
Outbound buffer overflow on client_fd 2029
Outbound buffer overflow on client_fd 2028
Outbound buffer overflow on client_fd 1808
Outbound buffer overflow on client_fd 2032
Outbound buffer overflow on client_fd 2031
Outbound buffer overflow on client_fd 2030
Outbound buffer overflow on client_fd 1809
Outbound buffer overflow on client_fd 1807
Outbound buffer overflow on client_fd 1810
Outbound buffer overflow on client_fd 2708
Outbound buffer overflow on client_fd 2707
Outbound buffer overflow on client_fd 2706
Outbound buffer overflow on client_fd 2704
Outbound buffer overflow on client_fd 2030
Outbound buffer overflow on client_fd 2029
Outbound buffer overflow on client_fd 207
Outbound buffer overflow on client_fd 1820
Outbound buffer overflow on client_fd 1813
Outbound buffer overflow on client_fd 1812
Outbound buffer overflow on client_fd 1816
Outbound buffer overflow on client_fd 1817
Outbound buffer overflow on client_fd 1819
Outbound buffer overflow on client_fd 1818
Outbound buffer overflow on client_fd 175
Outbound buffer overflow on client_fd 174
Outbound buffer overflow on client_fd 1821
Outbound buffer overflow on client_fd 2721
Outbound buffer overflow on client_fd 2720
Outbound buffer overflow on client_fd 2717
Outbound buffer overflow on client_fd 2718
Outbound buffer overflow on client_fd 1808
Outbound buffer overflow on client_fd 1807
Outbound buffer overflow on client_fd 2715
Outbound buffer overflow on client_fd 2716
Outbound buffer overflow on client_fd 2713
Outbound buffer overflow on client_fd 2714
Outbound buffer overflow on client_fd 2710
Outbound buffer overflow on client_fd 2711
Outbound buffer overflow on client_fd 2712
Outbound buffer overflow on client_fd 2618
Outbound buffer overflow on client_fd 2613
Outbound buffer overflow on client_fd 2614
Outbound buffer overflow on client_fd 2615
Outbound buffer overflow on client_fd 2606
Outbound buffer overflow on client_fd 2607
Outbound buffer overflow on client_fd 2608
Outbound buffer overflow on client_fd 2609
Outbound buffer overflow on client_fd 2610
Outbound buffer overflow on client_fd 2611
Outbound buffer overflow on client_fd 2612
Outbound buffer overflow on client_fd 146
Outbound buffer overflow on client_fd 106
Outbound buffer overflow on client_fd 88
Outbound buffer overflow on client_fd 89
Outbound buffer overflow on client_fd 141
Outbound buffer overflow on client_fd 2620
Outbound buffer overflow on client_fd 2643
Outbound buffer overflow on client_fd 2644
Outbound buffer overflow on client_fd 2647
Outbound buffer overflow on client_fd 2651
Outbound buffer overflow on client_fd 2652
Outbound buffer overflow on client_fd 2653
Outbound buffer overflow on client_fd 2654
Outbound buffer overflow on client_fd 567
Outbound buffer overflow on client_fd 568
Outbound buffer overflow on client_fd 2636
Outbound buffer overflow on client_fd 2638
Outbound buffer overflow on client_fd 2622
Outbound buffer overflow on client_fd 2623
Outbound buffer overflow on client_fd 2627
Outbound buffer overflow on client_fd 2628
Outbound buffer overflow on client_fd 2633
Outbound buffer overflow on client_fd 2635
Outbound buffer overflow on client_fd 2709
Outbound buffer overflow on client_fd 119
Outbound buffer overflow on client_fd 137
Outbound buffer overflow on client_fd 3573
Outbound buffer overflow on client_fd 3572
Outbound buffer overflow on client_fd 3571
Outbound buffer overflow on client_fd 3540
Outbound buffer overflow on client_fd 2709
Outbound buffer overflow on client_fd 2633
Outbound buffer overflow on client_fd 2721
Outbound buffer overflow on client_fd 2638
Outbound buffer overflow on client_fd 3540
lient_fd = 1815
New client connected with client_fd = 2026
New client connected with client_fd = 2027
New client connected with client_fd = 152
New client connected with client_fd = 1815
New client connected with client_fd = 1456
New client connected with client_fd = 1792
New client connected with client_fd = 1807
New client connected with client_fd = 1808
New client connected with client_fd = 1809
New client connected with client_fd = 1810
New client connected with client_fd = 2028
New client connected with client_fd = 2029
New client connected with client_fd = 2030
New client connected with client_fd = 2031
New client connected with client_fd = 2032
New client connected with client_fd = 2616
New client connected with client_fd = 2617
New client connected with client_fd = 2618
New client connected with client_fd = 2620
New client connected with client_fd = 2029
New client connected with client_fd = 174
New client connected with client_fd = 175
New client connected with client_fd = 207
New client connected with client_fd = 1807
New client connected with client_fd = 1808
New client connected with client_fd = 1812
New client connected with client_fd = 1813
New client connected with client_fd = 1816
New client connected with client_fd = 1817
New client connected with client_fd = 1818
New client connected with client_fd = 1819
New client connected with client_fd = 1820
New client connected with client_fd = 1821
New client connected with client_fd = 2030
New client connected with client_fd = 2618
New client connected with client_fd = 2621
New client connected with client_fd = 2704
New client connected with client_fd = 2706
New client connected with client_fd = 2707
New client connected with client_fd = 2708
New client connected with client_fd = 106
New client connected with client_fd = 146
New client connected with client_fd = 2606
New client connected with client_fd = 2607
New client connected with client_fd = 88
New client connected with client_fd = 89
New client connected with client_fd = 141
New client connected with client_fd = 2608
New client connected with client_fd = 2609
New client connected with client_fd = 2610
New client connected with client_fd = 2611
New client connected with client_fd = 2612
New client connected with client_fd = 2613
New client connected with client_fd = 2614
New client connected with client_fd = 2615
New client connected with client_fd = 2620
New client connected with client_fd = 2710
New client connected with client_fd = 2711
New client connected with client_fd = 2712
New client connected with client_fd = 2713
New client connected with client_fd = 2714
New client connected with client_fd = 2715
New client connected with client_fd = 2716
New client connected with client_fd = 2717
New client connected with client_fd = 2718
New client connected with client_fd = 2720
New client connected with client_fd = 2643
New client connected with client_fd = 2644
New client connected with client_fd = 567
New client connected with client_fd = 568
New client connected with client_fd = 2622
New client connected with client_fd = 119
New client connected with client_fd = 137
New client connected with client_fd = 2623
New client connected with client_fd = 2627
New client connected with client_fd = 2628
New client connected with client_fd = 2633
New client connected with client_fd = 2635
New client connected with client_fd = 2636
New client connected with client_fd = 2638
New client connected with client_fd = 2647
New client connected with client_fd = 2651
New client connected with client_fd = 2652
New client connected with client_fd = 2653
New client connected with client_fd = 2654
New client connected with client_fd = 2709
New client connected with client_fd = 2721
New client connected with client_fd = 3540
New client connected with client_fd = 3571
New client connected with client_fd = 3572
New client connected with client_fd = 3573
New client connected with client_fd = 3966
New client connected with client_fd = 2633
New client connected with client_fd = 2709
New client connected with client_fd = 2638
New clientOutbound buffer overflow on client_fd 2735
Outbound buffer overflow on client_fd 2722
Outbound buffer overflow on client_fd 2723
Outbound buffer overflow on client_fd 3966
Outbound buffer overflow on client_fd 3573
Outbound buffer overflow on client_fd 2718
Outbound buffer overflow on client_fd 2627
Outbound buffer overflow on client_fd 2623
Outbound buffer overflow on client_fd 2720
Outbound buffer overflow on client_fd 2643
Outbound buffer overflow on client_fd 2644
Outbound buffer overflow on client_fd 2740
Outbound buffer overflow on client_fd 2741
Outbound buffer overflow on client_fd 2742
Outbound buffer overflow on client_fd 2743
Outbound buffer overflow on client_fd 2744
Outbound buffer overflow on client_fd 2745
Outbound buffer overflow on client_fd 2777
Outbound buffer overflow on client_fd 2736
Outbound buffer overflow on client_fd 3571
Outbound buffer overflow on client_fd 2737
Outbound buffer overflow on client_fd 2738
Outbound buffer overflow on client_fd 2739
Outbound buffer overflow on client_fd 2724
Outbound buffer overflow on client_fd 2725
Outbound buffer overflow on client_fd 2726
Outbound buffer overflow on client_fd 2727
Outbound buffer overflow on client_fd 2728
Outbound buffer overflow on client_fd 2729
Outbound buffer overflow on client_fd 2730
Outbound buffer overflow on client_fd 2731
Outbound buffer overflow on client_fd 2732
Outbound buffer overflow on client_fd 2733
Outbound buffer overflow on client_fd 2635
Outbound buffer overflow on client_fd 2683
Outbound buffer overflow on client_fd 2681
Outbound buffer overflow on client_fd 2636
Outbound buffer overflow on client_fd 2709
Outbound buffer overflow on client_fd 2636
Outbound buffer overflow on client_fd 2718
Outbound buffer overflow on client_fd 3493
Outbound buffer overflow on client_fd 3494
Outbound buffer overflow on client_fd 3495
Outbound buffer overflow on client_fd 3496
Outbound buffer overflow on client_fd 3501
Outbound buffer overflow on client_fd 2797
Outbound buffer overflow on client_fd 2798
Outbound buffer overflow on client_fd 2799
Outbound buffer overflow on client_fd 2800
Outbound buffer overflow on client_fd 3490
Outbound buffer overflow on client_fd 3491
Outbound buffer overflow on client_fd 3492
Outbound buffer overflow on client_fd 2778
Outbound buffer overflow on client_fd 2779
Outbound buffer overflow on client_fd 2793
Outbound buffer overflow on client_fd 2794
Outbound buffer overflow on client_fd 2795
Outbound buffer overflow on client_fd 2796
Outbound buffer overflow on client_fd 2822
Outbound buffer overflow on client_fd 2823
Outbound buffer overflow on client_fd 2828
Outbound buffer overflow on client_fd 2731
Outbound buffer overflow on client_fd 2730
Outbound buffer overflow on client_fd 2733
Outbound buffer overflow on client_fd 2622
Outbound buffer overflow on client_fd 568
Outbound buffer overflow on client_fd 179
Outbound buffer overflow on client_fd 2744
Outbound buffer overflow on client_fd 2733
Outbound buffer overflow on client_fd 3512
Outbound buffer overflow on client_fd 2745
Outbound buffer overflow on client_fd 3561
Outbound buffer overflow on client_fd 1838
Outbound buffer overflow on client_fd 2643
Outbound buffer overflow on client_fd 3559
Outbound buffer overflow on client_fd 3558
Outbound buffer overflow on client_fd 2779
Outbound buffer overflow on client_fd 63
Outbound buffer overflow on client_fd 2633
Outbound buffer overflow on client_fd 3555
Outbound buffer overflow on client_fd 595
Outbound buffer overflow on client_fd 1800
Outbound buffer overflow on client_fd 1799
Outbound buffer overflow on client_fd 1052
Outbound buffer overflow on client_fd 2591
Outbound buffer overflow on client_fd 24
Outbound buffer overflow on client_fd 26
Outbound buffer overflow on client_fd 63
Outbound buffer overflow on client_fd 1967
Outbound buffer overflow on client_fd 1966
Outbound buffer overflow on client_fd 1965
Outbound buffer overflow on client_fd 1969
Outbound buffer overflow on client_fd 1968
Outbound buffer overflow on client_fd 2647
Outbound buffer overflow on client_fd 2735
Outbound buffer overflow on client_fd 2722
Outbound buffer overflow on client_fd 2651
Outbound buffer overflow on client_fd 1832
Outbound buffer overflow on client_fd 86
Outbound buffer overflow on client_fd 31
Outbound buffer overflow on client_fd 128
Outbound buffer overflow on client_fd 2648
 connected with client_fd = 2721
New client connected with client_fd = 2722
New client connected with client_fd = 2723
New client connected with client_fd = 2735
New client connected with client_fd = 2623
New client connected with client_fd = 2627
New client connected with client_fd = 2718
New client connected with client_fd = 2720
New client connected with client_fd = 2635
New client connected with client_fd = 2643
New client connected with client_fd = 2644
New client connected with client_fd = 2636
New client connected with client_fd = 2681
New client connected with client_fd = 2683
New client connected with client_fd = 2724
New client connected with client_fd = 2725
New client connected with client_fd = 2726
New client connected with client_fd = 2727
New client connected with client_fd = 2728
New client connected with client_fd = 2729
New client connected with client_fd = 2730
New client connected with client_fd = 2731
New client connected with client_fd = 2636
New client connected with client_fd = 2709
New client connected with client_fd = 2718
New client connected with client_fd = 2732
New client connected with client_fd = 2733
New client connected with client_fd = 2736
New client connected with client_fd = 2737
New client connected with client_fd = 2738
New client connected with client_fd = 2730
New client connected with client_fd = 2731
New client connected with client_fd = 2739
New client connected with client_fd = 2740
New client connected with client_fd = 2741
New client connected with client_fd = 2742
New client connected with client_fd = 2743
New client connected with client_fd = 2733
New client connected with client_fd = 2744
New client connected with client_fd = 2745
New client connected with client_fd = 568
New client connected with client_fd = 2622
New client connected with client_fd = 179
New client connected with client_fd = 2777
New client connected with client_fd = 2778
New client connected with client_fd = 2779
New client connected with client_fd = 2733
New client connected with client_fd = 2744
New client connected with client_fd = 2793
New client connected with client_fd = 2794
New client connected with client_fd = 2795
New client connected with client_fd = 2745
New client connected with client_fd = 2796
New client connected with client_fd = 2797
New client connected with client_fd = 2798
New client connected with client_fd = 2799
New client connected with client_fd = 2800
New client connected with client_fd = 2822
New client connected with client_fd = 2823
New client connected with client_fd = 2828
New client connected with client_fd = 3490
New client connected with client_fd = 3491
New client connected with client_fd = 3492
New client connected with client_fd = 3493
New client connected with client_fd = 1838
New client connected with client_fd = 3494
New client connected with client_fd = 3495
New client connected with client_fd = 3496
New client connected with client_fd = 3501
New client connected with client_fd = 3512
New client connected with client_fd = 3540
New client connected with client_fd = 3561
New client connected with client_fd = 3571
New client connected with client_fd = 3573
New client connected with client_fd = 3966
New client connected with client_fd = 2643
New client connected with client_fd = 2779
New client connected with client_fd = 3558
New client connected with client_fd = 3559
New client connected with client_fd = 63
New client connected with client_fd = 2633
New client connected with client_fd = 595
New client connected with client_fd = 24
New client connected with client_fd = 26
New client connected with client_fd = 1052
New client connected with client_fd = 1799
New client connected with client_fd = 63
New client connected with client_fd = 1800
New client connected with client_fd = 1965
New client connected with client_fd = 1832
New client connected with client_fd = 1966
New client connected with client_fd = 1967
New client connected with client_fd = 1968
New client connected with client_fd = 1969
New client connected with client_fd = 31
New client connected with client_fOutbound buffer overflow on client_fd 1832
Outbound buffer overflow on client_fd 595
Outbound buffer overflow on client_fd 1977
Outbound buffer overflow on client_fd 1976
Outbound buffer overflow on client_fd 1961
Outbound buffer overflow on client_fd 1983
Outbound buffer overflow on client_fd 26
Outbound buffer overflow on client_fd 3562
Outbound buffer overflow on client_fd 105
Outbound buffer overflow on client_fd 81
Outbound buffer overflow on client_fd 1964
Outbound buffer overflow on client_fd 1802
Outbound buffer overflow on client_fd 596
Outbound buffer overflow on client_fd 3556
Outbound buffer overflow on client_fd 2820
Outbound buffer overflow on client_fd 98
Outbound buffer overflow on client_fd 3587
Outbound buffer overflow on client_fd 157
Outbound buffer overflow on client_fd 1959
Outbound buffer overflow on client_fd 3563
Outbound buffer overflow on client_fd 1986
Outbound buffer overflow on client_fd 27
Outbound buffer overflow on client_fd 35
Outbound buffer overflow on client_fd 3580
Outbound buffer overflow on client_fd 227
Outbound buffer overflow on client_fd 3566
Outbound buffer overflow on client_fd 1429
Outbound buffer overflow on client_fd 1815
Outbound buffer overflow on client_fd 152
Outbound buffer overflow on client_fd 3577
Outbound buffer overflow on client_fd 3502
Outbound buffer overflow on client_fd 3503
Outbound buffer overflow on client_fd 3538
Outbound buffer overflow on client_fd 3539
Outbound buffer overflow on client_fd 187
Outbound buffer overflow on client_fd 180
Outbound buffer overflow on client_fd 174
Outbound buffer overflow on client_fd 2617
Outbound buffer overflow on client_fd 3521
Outbound buffer overflow on client_fd 3522
Outbound buffer overflow on client_fd 3524
Outbound buffer overflow on client_fd 3534
Outbound buffer overflow on client_fd 120
Outbound buffer overflow on client_fd 121
Outbound buffer overflow on client_fd 180
Outbound buffer overflow on client_fd 3534
Outbound buffer overflow on client_fd 2716
Outbound buffer overflow on client_fd 2715
Outbound buffer overflow on client_fd 3534
Outbound buffer overflow on client_fd 120
Outbound buffer overflow on client_fd 121
Outbound buffer overflow on client_fd 183
Outbound buffer overflow on client_fd 182
Outbound buffer overflow on client_fd 174
Outbound buffer overflow on client_fd 55
Outbound buffer overflow on client_fd 174
Outbound buffer overflow on client_fd 55
Outbound buffer overflow on client_fd 180
Outbound buffer overflow on client_fd 2716
Outbound buffer overflow on client_fd 110
Outbound buffer overflow on client_fd 117
Outbound buffer overflow on client_fd 39
Outbound buffer overflow on client_fd 124
Outbound buffer overflow on client_fd 142
Outbound buffer overflow on client_fd 109
Outbound buffer overflow on client_fd 2716
Outbound buffer overflow on client_fd 180
Outbound buffer overflow on client_fd 174
Outbound buffer overflow on client_fd 1801
Outbound buffer overflow on client_fd 1960
Outbound buffer overflow on client_fd 3561
Outbound buffer overflow on client_fd 3571
Outbound buffer overflow on client_fd 2742
Outbound buffer overflow on client_fd 172
Outbound buffer overflow on client_fd 2683
Outbound buffer overflow on client_fd 205
Outbound buffer overflow on client_fd 1830
Outbound buffer overflow on client_fd 1963
Outbound buffer overflow on client_fd 178
Outbound buffer overflow on client_fd 181
Outbound buffer overflow on client_fd 204
Outbound buffer overflow on client_fd 3554
Outbound buffer overflow on client_fd 2833
Outbound buffer overflow on client_fd 2627
Outbound buffer overflow on client_fd 568
Outbound buffer overflow on client_fd 2622
Outbound buffer overflow on client_fd 2778
Outbound buffer overflow on client_fd 80
Outbound buffer overflow on client_fd 2633
d = 86
New client connected with client_fd = 128
New client connected with client_fd = 595
New client connected with client_fd = 1832
New client connected with client_fd = 2591
New client connected with client_fd = 2647
New client connected with client_fd = 2648
New client connected with client_fd = 2651
New client connected with client_fd = 1961
New client connected with client_fd = 1976
New client connected with client_fd = 26
New client connected with client_fd = 1977
New client connected with client_fd = 1983
New client connected with client_fd = 2722
New client connected with client_fd = 2735
New client connected with client_fd = 3555
New client connected with client_fd = 3562
New client connected with client_fd = 81
New client connected with client_fd = 105
New client connected with client_fd = 596
New client connected with client_fd = 1802
New client connected with client_fd = 1964
New client connected with client_fd = 2820
New client connected with client_fd = 98
New client connected with client_fd = 157
New client connected with client_fd = 3556
New client connected with client_fd = 3587
New client connected with client_fd = 1959
New client connected with client_fd = 3563
New client connected with client_fd = 1986
New client connected with client_fd = 27
New client connected with client_fd = 35
New client connected with client_fd = 3580
New client connected with client_fd = 227
New client connected with client_fd = 3566
New client connected with client_fd = 1429
New client connected with client_fd = 1815
New client connected with client_fd = 152
New client connected with client_fd = 3577
New client connected with client_fd = 3502
New client connected with client_fd = 3503
New client connected with client_fd = 187
New client connected with client_fd = 3538
New client connected with client_fd = 3539
New client connected with client_fd = 180
New client connected with client_fd = 174
New client connected with client_fd = 2617
New client connected with client_fd = 3521
New client connected with client_fd = 3522
New client connected with client_fd = 3524
New client connected with client_fd = 3534
New client connected with client_fd = 120
New client connected with client_fd = 121
New client connected with client_fd = 180
New client connected with client_fd = 2716
New client connected with client_fd = 3534
New client connected with client_fd = 2715
New client connected with client_fd = 3534
New client connected with client_fd = 120
New client connected with client_fd = 121
New client connected with client_fd = 182
New client connected with client_fd = 183
New client connected with client_fd = 174
New client connected with client_fd = 55
New client connected with client_fd = 174
New client connected with client_fd = 55
New client connected with client_fd = 180
New client connected with client_fd = 2716
New client connected with client_fd = 39
New client connected with client_fd = 109
New client connected with client_fd = 110
New client connected with client_fd = 117
New client connected with client_fd = 124
New client connected with client_fd = 142
New client connected with client_fd = 174
New client connected with client_fd = 180
New client connected with client_fd = 1801
New client connected with client_fd = 1960
New client connected with client_fd = 2716
New client connected with client_fd = 4513
New client connected with client_fd = 172
New client connected with client_fd = 178
New client connected with client_fd = 181
New client connected with client_fd = 204
New client connected with client_fd = 205
New client connected with client_fd = 1830
New client connected with client_fd = 1963
New client connected with client_fd = 2683
New client connected with client_fd = 2742
New client connected with client_fd = 2833
New client connected with client_fd = 3554
New client connected with client_fd = 3561
New client connected with client_fd = 568
New client connected with client_fd = 2622
New client connected with client_fd = 2627
New client connected with client_fd = 80
New client connected with client_fd = 2778
New client cOutbound buffer overflow on client_fd 1858
Outbound buffer overflow on client_fd 1859
Outbound buffer overflow on client_fd 1857
Outbound buffer overflow on client_fd 1855
Outbound buffer overflow on client_fd 1856
Outbound buffer overflow on client_fd 2644
Outbound buffer overflow on client_fd 2794
Outbound buffer overflow on client_fd 2795
Outbound buffer overflow on client_fd 2062
Outbound buffer overflow on client_fd 40
Outbound buffer overflow on client_fd 3564
Outbound buffer overflow on client_fd 5
Outbound buffer overflow on client_fd 10
Outbound buffer overflow on client_fd 2827
Outbound buffer overflow on client_fd 87
Outbound buffer overflow on client_fd 196
Outbound buffer overflow on client_fd 2821
Outbound buffer overflow on client_fd 1681
Outbound buffer overflow on client_fd 1682
Outbound buffer overflow on client_fd 1683
Outbound buffer overflow on client_fd 1684
Outbound buffer overflow on client_fd 1685
Outbound buffer overflow on client_fd 1686
Outbound buffer overflow on client_fd 1453
Outbound buffer overflow on client_fd 2779
Outbound buffer overflow on client_fd 97
Outbound buffer overflow on client_fd 1968
Outbound buffer overflow on client_fd 126
Outbound buffer overflow on client_fd 62
Outbound buffer overflow on client_fd 171
Outbound buffer overflow on client_fd 1826
Outbound buffer overflow on client_fd 96
Outbound buffer overflow on client_fd 99
Outbound buffer overflow on client_fd 76
Outbound buffer overflow on client_fd 77
Outbound buffer overflow on client_fd 127
Outbound buffer overflow on client_fd 121
Outbound buffer overflow on client_fd 1969
Outbound buffer overflow on client_fd 120
Outbound buffer overflow on client_fd 3580
Outbound buffer overflow on client_fd 27
Outbound buffer overflow on client_fd 1965
Outbound buffer overflow on client_fd 183
Outbound buffer overflow on client_fd 3379
Outbound buffer overflow on client_fd 3381
Outbound buffer overflow on client_fd 3382
Outbound buffer overflow on client_fd 3384
Outbound buffer overflow on client_fd 3385
Outbound buffer overflow on client_fd 3312
Outbound buffer overflow on client_fd 3313
Outbound buffer overflow on client_fd 3314
Outbound buffer overflow on client_fd 3315
Outbound buffer overflow on client_fd 3316
Outbound buffer overflow on client_fd 3317
Outbound buffer overflow on client_fd 3318
Outbound buffer overflow on client_fd 3319
Outbound buffer overflow on client_fd 3320
Outbound buffer overflow on client_fd 3321
Outbound buffer overflow on client_fd 3322
Outbound buffer overflow on client_fd 3324
Outbound buffer overflow on client_fd 3326
Outbound buffer overflow on client_fd 3328
Outbound buffer overflow on client_fd 3329
Outbound buffer overflow on client_fd 3330
Outbound buffer overflow on client_fd 3331
Outbound buffer overflow on client_fd 3332
Outbound buffer overflow on client_fd 3333
Outbound buffer overflow on client_fd 3335
Outbound buffer overflow on client_fd 3337
Outbound buffer overflow on client_fd 3338
Outbound buffer overflow on client_fd 3339
Outbound buffer overflow on client_fd 3350
Outbound buffer overflow on client_fd 3351
Outbound buffer overflow on client_fd 3352
Outbound buffer overflow on client_fd 3353
Outbound buffer overflow on client_fd 3354
Outbound buffer overflow on client_fd 2736
Outbound buffer overflow on client_fd 680
Outbound buffer overflow on client_fd 3582
Outbound buffer overflow on client_fd 1982
Outbound buffer overflow on client_fd 1992
Outbound buffer overflow on client_fd 1957
Outbound buffer overflow on client_fd 2742
Outbound buffer overflow on client_fd 2833
Outbound buffer overflow on client_fd 3554
Outbound buffer overflow on client_fd 174
Outbound buffer overflow on client_fd 172
Outbound buffer overflow on client_fd 178
Outbound buffer overflow on client_fd 181
Outbound buffer overflow on client_fd 3561
Outbound buffer overflow on client_fd 187
Outbound buffer overflow on client_fd 3538
Outbound buffer overflow on client_fd 180
Outbound buffer overflow on client_fd 1801
Outbound buffer overflow on client_fd 1960
Outbound buffer overflow on client_fd 2716
Outbound buffer overflow on client_fd 2738
Outbound buffer overflow on client_fd 204
Outbound buffer overflow on client_fd 205
Outbound buffer overflow on client_fd 1830
onnected with client_fd = 2633
New client connected with client_fd = 1855
New client connected with client_fd = 1856
New client connected with client_fd = 1857
New client connected with client_fd = 1858
New client connected with client_fd = 1859
New client connected with client_fd = 2062
New client connected with client_fd = 2644
New client connected with client_fd = 2794
New client connected with client_fd = 2795
New client connected with client_fd = 40
New client connected with client_fd = 3564
New client connected with client_fd = 5
New client connected with client_fd = 10
New client connected with client_fd = 87
New client connected with client_fd = 97
New client connected with client_fd = 196
New client connected with client_fd = 1453
New client connected with client_fd = 62
New client connected with client_fd = 76
New client connected with client_fd = 77
New client connected with client_fd = 96
New client connected with client_fd = 99
New client connected with client_fd = 121
New client connected with client_fd = 126
New client connected with client_fd = 127
New client connected with client_fd = 171
New client connected with client_fd = 1681
New client connected with client_fd = 1682
New client connected with client_fd = 1683
New client connected with client_fd = 1684
New client connected with client_fd = 1685
New client connected with client_fd = 1686
New client connected with client_fd = 1826
New client connected with client_fd = 1968
New client connected with client_fd = 1969
New client connected with client_fd = 2779
New client connected with client_fd = 2821
New client connected with client_fd = 2827
New client connected with client_fd = 120
New client connected with client_fd = 3571
New client connected with client_fd = 27
New client connected with client_fd = 183
New client connected with client_fd = 1965
New client connected with client_fd = 3312
New client connected with client_fd = 3313
New client connected with client_fd = 3314
New client connected with client_fd = 3315
New client connected with client_fd = 3316
New client connected with client_fd = 3317
New client connected with client_fd = 3318
New client connected with client_fd = 3319
New client connected with client_fd = 3320
New client connected with client_fd = 3321
New client connected with client_fd = 3322
New client connected with client_fd = 3324
New client connected with client_fd = 3326
New client connected with client_fd = 3328
New client connected with client_fd = 3329
New client connected with client_fd = 3330
New client connected with client_fd = 3331
New client connected with client_fd = 3332
New client connected with client_fd = 3333
New client connected with client_fd = 3335
New client connected with client_fd = 3337
New client connected with client_fd = 3338
New client connected with client_fd = 3339
New client connected with client_fd = 2736
New client connected with client_fd = 3350
New client connected with client_fd = 3351
New client connected with client_fd = 3352
New client connected with client_fd = 3353
New client connected with client_fd = 3354
New client connected with client_fd = 3379
New client connected with client_fd = 3381
New client connected with client_fd = 3382
New client connected with client_fd = 3384
New client connected with client_fd = 3385
New client connected with client_fd = 3580
New client connected with client_fd = 4514
New client connected with client_fd = 4515
New client connected with client_fd = 680
New client connected with client_fd = 1957
New client connected with client_fd = 172
New client connected with client_fd = 174
New client connected with client_fd = 178
New client connected with client_fd = 180
New client connected with client_fd = 181
New client connected with client_fd = 187
New client connected with client_fd = 1801
New client connected with client_fd = 1960
New client connected with client_fd = 1982
New client connected with client_fd = 1992
New client connected with client_fd = 2716
New client connected with client_fd = 2738
New client connected with client_fd = 204
New client connectOutbound buffer overflow on client_fd 1963
Outbound buffer overflow on client_fd 2683
Outbound buffer overflow on client_fd 1963
Outbound buffer overflow on client_fd 1830
Outbound buffer overflow on client_fd 3578
Outbound buffer overflow on client_fd 3581
Outbound buffer overflow on client_fd 3538
Outbound buffer overflow on client_fd 5
Outbound buffer overflow on client_fd 10
Outbound buffer overflow on client_fd 87
Outbound buffer overflow on client_fd 62
Outbound buffer overflow on client_fd 76
Outbound buffer overflow on client_fd 77
Outbound buffer overflow on client_fd 96
Outbound buffer overflow on client_fd 99
Outbound buffer overflow on client_fd 196
Outbound buffer overflow on client_fd 10
Outbound buffer overflow on client_fd 1681
Outbound buffer overflow on client_fd 1682
Outbound buffer overflow on client_fd 1683
Outbound buffer overflow on client_fd 1684
Outbound buffer overflow on client_fd 1685
Outbound buffer overflow on client_fd 126
Outbound buffer overflow on client_fd 171
Outbound buffer overflow on client_fd 97
Outbound buffer overflow on client_fd 26
Outbound buffer overflow on client_fd 1959
Outbound buffer overflow on client_fd 3563
Outbound buffer overflow on client_fd 127
Outbound buffer overflow on client_fd 1968
Outbound buffer overflow on client_fd 2779
Outbound buffer overflow on client_fd 2821
Outbound buffer overflow on client_fd 2827
Outbound buffer overflow on client_fd 1686
Outbound buffer overflow on client_fd 1826
Outbound buffer overflow on client_fd 1453
Outbound buffer overflow on client_fd 121
Outbound buffer overflow on client_fd 1967
Outbound buffer overflow on client_fd 87
Outbound buffer overflow on client_fd 1453
Outbound buffer overflow on client_fd 121
Outbound buffer overflow on client_fd 126
Outbound buffer overflow on client_fd 196
Outbound buffer overflow on client_fd 3575
Outbound buffer overflow on client_fd 1960
Outbound buffer overflow on client_fd 1982
Outbound buffer overflow on client_fd 2833
Outbound buffer overflow on client_fd 120
Outbound buffer overflow on client_fd 3571
Outbound buffer overflow on client_fd 27
Outbound buffer overflow on client_fd 2730
Outbound buffer overflow on client_fd 1820
Outbound buffer overflow on client_fd 2720
Outbound buffer overflow on client_fd 3521
Outbound buffer overflow on client_fd 1957
Outbound buffer overflow on client_fd 3353
Outbound buffer overflow on client_fd 3352
Outbound buffer overflow on client_fd 3350
Outbound buffer overflow on client_fd 3351
Outbound buffer overflow on client_fd 2736
Outbound buffer overflow on client_fd 1957
Outbound buffer overflow on client_fd 1820
Outbound buffer overflow on client_fd 3313
Outbound buffer overflow on client_fd 3314
Outbound buffer overflow on client_fd 3331
Outbound buffer overflow on client_fd 2796
Outbound buffer overflow on client_fd 1957
Outbound buffer overflow on client_fd 3313
Outbound buffer overflow on client_fd 2796
Outbound buffer overflow on client_fd 3331
Outbound buffer overflow on client_fd 3514
Outbound buffer overflow on client_fd 142
Outbound buffer overflow on client_fd 1820
Outbound buffer overflow on client_fd 187
Outbound buffer overflow on client_fd 2716
Outbound buffer overflow on client_fd 2738
Outbound buffer overflow on client_fd 1801
Outbound buffer overflow on client_fd 22
Outbound buffer overflow on client_fd 4515
Outbound buffer overflow on client_fd 3384
Outbound buffer overflow on client_fd 3381
Outbound buffer overflow on client_fd 1963
Outbound buffer overflow on client_fd 3379
Outbound buffer overflow on client_fd 3322
Outbound buffer overflow on client_fd 1801
Outbound buffer overflow on client_fd 1801
Outbound buffer overflow on client_fd 3317
Outbound buffer overflow on client_fd 3575
Outbound buffer overflow on client_fd 3563
Outbound buffer overflow on client_fd 99
Outbound buffer overflow on client_fd 126
Outbound buffer overflow on client_fd 2779
Outbound buffer overflow on client_fd 685
ed with client_fd = 205
New client connected with client_fd = 1830
New client connected with client_fd = 1963
New client connected with client_fd = 2683
New client connected with client_fd = 2742
New client connected with client_fd = 2833
New client connected with client_fd = 3538
New client connected with client_fd = 1830
New client connected with client_fd = 1963
New client connected with client_fd = 3538
New client connected with client_fd = 5
New client connected with client_fd = 10
New client connected with client_fd = 87
New client connected with client_fd = 10
New client connected with client_fd = 26
New client connected with client_fd = 62
New client connected with client_fd = 76
New client connected with client_fd = 77
New client connected with client_fd = 96
New client connected with client_fd = 97
New client connected with client_fd = 99
New client connected with client_fd = 126
New client connected with client_fd = 171
New client connected with client_fd = 196
New client connected with client_fd = 1681
New client connected with client_fd = 1682
New client connected with client_fd = 1683
New client connected with client_fd = 1684
New client connected with client_fd = 127
New client connected with client_fd = 1685
New client connected with client_fd = 121
New client connected with client_fd = 1453
New client connected with client_fd = 87
New client connected with client_fd = 1686
New client connected with client_fd = 1826
New client connected with client_fd = 1959
New client connected with client_fd = 1967
New client connected with client_fd = 1968
New client connected with client_fd = 2779
New client connected with client_fd = 121
New client connected with client_fd = 126
New client connected with client_fd = 1453
New client connected with client_fd = 2821
New client connected with client_fd = 2827
New client connected with client_fd = 3554
New client connected with client_fd = 196
New client connected with client_fd = 3561
New client connected with client_fd = 3563
New client connected with client_fd = 3575
New client connected with client_fd = 1960
New client connected with client_fd = 1982
New client connected with client_fd = 2833
New client connected with client_fd = 120
New client connected with client_fd = 3571
New client connected with client_fd = 27
New client connected with client_fd = 2730
New client connected with client_fd = 1820
New client connected with client_fd = 1957
New client connected with client_fd = 2720
New client connected with client_fd = 2736
New client connected with client_fd = 3350
New client connected with client_fd = 3351
New client connected with client_fd = 3352
New client connected with client_fd = 3353
New client connected with client_fd = 1820
New client connected with client_fd = 1957
New client connected with client_fd = 3313
New client connected with client_fd = 1957
New client connected with client_fd = 2796
New client connected with client_fd = 3313
New client connected with client_fd = 3314
New client connected with client_fd = 3331
New client connected with client_fd = 2796
New client connected with client_fd = 3331
New client connected with client_fd = 3514
New client connected with client_fd = 142
New client connected with client_fd = 1820
New client connected with client_fd = 187
New client connected with client_fd = 22
New client connected with client_fd = 1801
New client connected with client_fd = 2716
New client connected with client_fd = 2738
New client connected with client_fd = 3381
New client connected with client_fd = 3384
New client connected with client_fd = 1963
New client connected with client_fd = 3521
New client connected with client_fd = 3322
New client connected with client_fd = 3379
New client connected with client_fd = 1801
New client connected with client_fd = 1801
New client connected with client_fd = 3317
New client connected with client_fd = 3563
New client connected with client_fd = 3575
New client connected with client_fd = 99
New client connected with client_fd = 126
New client connected with client_fd = 2779
New client connected with clieOutbound buffer overflow on client_fd 83
Outbound buffer overflow on client_fd 27
Outbound buffer overflow on client_fd 3571
Outbound buffer overflow on client_fd 107
Outbound buffer overflow on client_fd 183
Outbound buffer overflow on client_fd 1965
Outbound buffer overflow on client_fd 183
Outbound buffer overflow on client_fd 2730
Outbound buffer overflow on client_fd 124
Outbound buffer overflow on client_fd 3324
Outbound buffer overflow on client_fd 3326
Outbound buffer overflow on client_fd 3328
Outbound buffer overflow on client_fd 3329
Outbound buffer overflow on client_fd 3335
Outbound buffer overflow on client_fd 3337
Outbound buffer overflow on client_fd 3338
Outbound buffer overflow on client_fd 124
Outbound buffer overflow on client_fd 1827
Outbound buffer overflow on client_fd 3335
Outbound buffer overflow on client_fd 3333
Outbound buffer overflow on client_fd 3332
Outbound buffer overflow on client_fd 3339
Outbound buffer overflow on client_fd 3339
Outbound buffer overflow on client_fd 3329
Outbound buffer overflow on client_fd 3351
Outbound buffer overflow on client_fd 3339
Outbound buffer overflow on client_fd 3332
Outbound buffer overflow on client_fd 3329
Outbound buffer overflow on client_fd 3332
Outbound buffer overflow on client_fd 1957
Outbound buffer overflow on client_fd 3328
Outbound buffer overflow on client_fd 3333
Outbound buffer overflow on client_fd 183
Outbound buffer overflow on client_fd 3353
Outbound buffer overflow on client_fd 39
Outbound buffer overflow on client_fd 109
Outbound buffer overflow on client_fd 5
Outbound buffer overflow on client_fd 3353
Outbound buffer overflow on client_fd 5
Outbound buffer overflow on client_fd 5
Outbound buffer overflow on client_fd 39
Outbound buffer overflow on client_fd 3514
Outbound buffer overflow on client_fd 3353
Outbound buffer overflow on client_fd 2796
Outbound buffer overflow on client_fd 2796
Outbound buffer overflow on client_fd 2796
Outbound buffer overflow on client_fd 2633
Outbound buffer overflow on client_fd 228
Outbound buffer overflow on client_fd 229
Outbound buffer overflow on client_fd 257
Outbound buffer overflow on client_fd 226
Outbound buffer overflow on client_fd 254
Outbound buffer overflow on client_fd 256
Outbound buffer overflow on client_fd 170
Outbound buffer overflow on client_fd 99
Outbound buffer overflow on client_fd 1429
Outbound buffer overflow on client_fd 2027
Outbound buffer overflow on client_fd 2776
Outbound buffer overflow on client_fd 107
Outbound buffer overflow on client_fd 2681
Outbound buffer overflow on client_fd 2726
Outbound buffer overflow on client_fd 2776
Outbound buffer overflow on client_fd 2681
Outbound buffer overflow on client_fd 27
Outbound buffer overflow on client_fd 2736
Outbound buffer overflow on client_fd 2720
Outbound buffer overflow on client_fd 1824
Outbound buffer overflow on client_fd 2721
Outbound buffer overflow on client_fd 2736
Outbound buffer overflow on client_fd 3571
Outbound buffer overflow on client_fd 124
Outbound buffer overflow on client_fd 83
Outbound buffer overflow on client_fd 3329
Outbound buffer overflow on client_fd 3514
Outbound buffer overflow on client_fd 1957
Outbound buffer overflow on client_fd 3332
Outbound buffer overflow on client_fd 1957
Outbound buffer overflow on client_fd 3335
Outbound buffer overflow on client_fd 568
Outbound buffer overflow on client_fd 2622
Outbound buffer overflow on client_fd 2627
Outbound buffer overflow on client_fd 3351
Outbound buffer overflow on client_fd 1813
Outbound buffer overflow on client_fd 1819
Outbound buffer overflow on client_fd 3335
Outbound buffer overflow on client_fd 3337
Outbound buffer overflow on client_fd 2622
Outbound buffer overflow on client_fd 568
Outbound buffer overflow on client_fd 3337
Outbound buffer overflow on client_fd 568
Outbound buffer overflow on client_fd 80
Outbound buffer overflow on client_fd 2778
Outbound buffer overflow on client_fd 3337
Outbound buffer overflow on client_fd 109
Outbound buffer overflow on client_fd 2778
Outbound buffer overflow on client_fd 80
Outbound buffer overflow on client_fd 121
nt_fd = 685
New client connected with client_fd = 27
New client connected with client_fd = 83
New client connected with client_fd = 3571
New client connected with client_fd = 107
New client connected with client_fd = 183
New client connected with client_fd = 1965
New client connected with client_fd = 183
New client connected with client_fd = 2730
New client connected with client_fd = 124
New client connected with client_fd = 3578
New client connected with client_fd = 3324
New client connected with client_fd = 3326
New client connected with client_fd = 3328
New client connected with client_fd = 3329
New client connected with client_fd = 124
New client connected with client_fd = 3335
New client connected with client_fd = 3337
New client connected with client_fd = 3338
New client connected with client_fd = 1827
New client connected with client_fd = 3335
New client connected with client_fd = 3332
New client connected with client_fd = 3333
New client connected with client_fd = 3339
New client connected with client_fd = 3339
New client connected with client_fd = 3329
New client connected with client_fd = 3339
New client connected with client_fd = 3351
New client connected with client_fd = 3332
New client connected with client_fd = 3329
New client connected with client_fd = 3332
New client connected with client_fd = 1957
New client connected with client_fd = 3328
New client connected with client_fd = 3333
New client connected with client_fd = 183
New client connected with client_fd = 39
New client connected with client_fd = 109
New client connected with client_fd = 3353
New client connected with client_fd = 3581
New client connected with client_fd = 5
New client connected with client_fd = 5
New client connected with client_fd = 5
New client connected with client_fd = 39
New client connected with client_fd = 3353
New client connected with client_fd = 2796
New client connected with client_fd = 3353
New client connected with client_fd = 2796
New client connected with client_fd = 2796
New client connected with client_fd = 2633
New client connected with client_fd = 226
New client connected with client_fd = 228
New client connected with client_fd = 229
New client connected with client_fd = 254
New client connected with client_fd = 257
New client connected with client_fd = 170
New client connected with client_fd = 256
New client connected with client_fd = 99
New client connected with client_fd = 1429
New client connected with client_fd = 2027
New client connected with client_fd = 107
New client connected with client_fd = 2681
New client connected with client_fd = 2726
New client connected with client_fd = 2776
New client connected with client_fd = 2681
New client connected with client_fd = 2776
New client connected with client_fd = 27
New client connected with client_fd = 2736
New client connected with client_fd = 2720
New client connected with client_fd = 1824
New client connected with client_fd = 2721
New client connected with client_fd = 2736
New client connected with client_fd = 3514
New client connected with client_fd = 83
New client connected with client_fd = 124
New client connected with client_fd = 3329
New client connected with client_fd = 1957
New client connected with client_fd = 3514
New client connected with client_fd = 3332
New client connected with client_fd = 1957
New client connected with client_fd = 3335
New client connected with client_fd = 568
New client connected with client_fd = 2622
New client connected with client_fd = 2627
New client connected with client_fd = 1813
New client connected with client_fd = 1819
New client connected with client_fd = 3351
New client connected with client_fd = 3335
New client connected with client_fd = 3337
New client connected with client_fd = 568
New client connected with client_fd = 2622
New client connected with client_fd = 568
New client connected with client_fd = 3337
New client connected with client_fd = 80
New client connected with client_fd = 2778
New client connected with client_fd = 3337
New client connected with client_fd = 109
New client connected with client_fd = 2778
NOutbound buffer overflow on client_fd 2025
Outbound buffer overflow on client_fd 2020
Outbound buffer overflow on client_fd 1455
Outbound buffer overflow on client_fd 1953
Outbound buffer overflow on client_fd 2016
Outbound buffer overflow on client_fd 2015
Outbound buffer overflow on client_fd 569
Outbound buffer overflow on client_fd 2023
Outbound buffer overflow on client_fd 2022
Outbound buffer overflow on client_fd 2013
Outbound buffer overflow on client_fd 2017
Outbound buffer overflow on client_fd 2019
Outbound buffer overflow on client_fd 2018
Outbound buffer overflow on client_fd 2021
Outbound buffer overflow on client_fd 649
Outbound buffer overflow on client_fd 650
Outbound buffer overflow on client_fd 651
Outbound buffer overflow on client_fd 652
Outbound buffer overflow on client_fd 653
Outbound buffer overflow on client_fd 654
Outbound buffer overflow on client_fd 655
Outbound buffer overflow on client_fd 645
Outbound buffer overflow on client_fd 649
Outbound buffer overflow on client_fd 645
Outbound buffer overflow on client_fd 1488
Outbound buffer overflow on client_fd 1489
Outbound buffer overflow on client_fd 1490
Outbound buffer overflow on client_fd 1486
Outbound buffer overflow on client_fd 1487
Outbound buffer overflow on client_fd 578
Outbound buffer overflow on client_fd 579
Outbound buffer overflow on client_fd 561
Outbound buffer overflow on client_fd 1388
Outbound buffer overflow on client_fd 1389
Outbound buffer overflow on client_fd 399
Outbound buffer overflow on client_fd 1962
Outbound buffer overflow on client_fd 447
Outbound buffer overflow on client_fd 2027
Outbound buffer overflow on client_fd 2595
Outbound buffer overflow on client_fd 1839
Outbound buffer overflow on client_fd 2818
Outbound buffer overflow on client_fd 2817
Outbound buffer overflow on client_fd 2815
Outbound buffer overflow on client_fd 1841
Outbound buffer overflow on client_fd 1842
Outbound buffer overflow on client_fd 2588
Outbound buffer overflow on client_fd 2589
Outbound buffer overflow on client_fd 2590
Outbound buffer overflow on client_fd 2689
Outbound buffer overflow on client_fd 2690
Outbound buffer overflow on client_fd 2691
Outbound buffer overflow on client_fd 2692
Outbound buffer overflow on client_fd 1840
Outbound buffer overflow on client_fd 2599
Outbound buffer overflow on client_fd 2684
Outbound buffer overflow on client_fd 2685
Outbound buffer overflow on client_fd 2686
Outbound buffer overflow on client_fd 2687
Outbound buffer overflow on client_fd 2688
Outbound buffer overflow on client_fd 2592
Outbound buffer overflow on client_fd 2593
Outbound buffer overflow on client_fd 2594
Outbound buffer overflow on client_fd 2596
Outbound buffer overflow on client_fd 2597
Outbound buffer overflow on client_fd 2598
Outbound buffer overflow on client_fd 2696
Outbound buffer overflow on client_fd 2697
Outbound buffer overflow on client_fd 2600
Outbound buffer overflow on client_fd 2679
Outbound buffer overflow on client_fd 2680
Outbound buffer overflow on client_fd 2693
Outbound buffer overflow on client_fd 3558
Outbound buffer overflow on client_fd 1823
Outbound buffer overflow on client_fd 2726
Outbound buffer overflow on client_fd 1825
Outbound buffer overflow on client_fd 681
Outbound buffer overflow on client_fd 32
Outbound buffer overflow on client_fd 41
Outbound buffer overflow on client_fd 9
Outbound buffer overflow on client_fd 58
Outbound buffer overflow on client_fd 66
Outbound buffer overflow on client_fd 19
Outbound buffer overflow on client_fd 1831
Outbound buffer overflow on client_fd 583
Outbound buffer overflow on client_fd 75
Outbound buffer overflow on client_fd 2638
Outbound buffer overflow on client_fd 3534
Outbound buffer overflow on client_fd 134
Outbound buffer overflow on client_fd 25
Outbound buffer overflow on client_fd 29
Outbound buffer overflow on client_fd 11
Outbound buffer overflow on client_fd 52
Outbound buffer overflow on client_fd 16
Outbound buffer overflow on client_fd 8
Outbound buffer overflow on client_fd 21
Outbound buffer overflow on client_fd 53
Outbound buffer overflow on client_fd 2831
Outbound buffer overflow on client_fd 2832
Outbound buffer overflow on client_fd 2698
Outbound buffer overflow on client_fd 2705
Outbound buffer overflow on client_fd 2695
Outbound buffer overflow on client_fd 2816
Outbound buffer overflow on client_fd 3559
Outbound buffer overflow on client_fd 689
Outbound buffer overflow on client_fd 690
Outbound buffer overflow on client_fd 584
Outbound buffer overflow on client_fd 3518
Outbound buffer overflow on client_fd 1627
Outbound buffer overflow on client_fd 586
Outbound buffer overflow on client_fd 587
Outbound buffer overflow on client_fd 585
Outbound buffer overflow on client_fd 588
Outbound buffer overflow on client_fd 3519
Outbound buffer overflow on client_fd 3520
Outbound buffer overflow on client_fd 3535
Outbound buffer overflow on client_fd 3508
Outbound buffer overflow on client_fd 3509
Outbound buffer overflow on client_fd 3510
Outbound buffer overflow on client_fd 3513
Outbound buffer overflow on client_fd 3515
Outbound buffer overflow on client_fd 2643
Outbound buffer overflow on client_fd 3560
Outbound buffer overflow on client_fd 3537
Outbound buffer overflow on client_fd 3536
Outbound buffer overflow on client_fd 182
Outbound buffer overflow on client_fd 3517
Outbound buffer overflow on client_fd 2819
Outbound buffer overflow on client_fd 3511
Outbound buffer overflow on client_fd 3516
Outbound buffer overflow on client_fd 55
Outbound buffer overflow on client_fd 107
ew client connected with client_fd = 80
New client connected with client_fd = 121
New client connected with client_fd = 569
New client connected with client_fd = 1455
New client connected with client_fd = 1953
New client connected with client_fd = 2013
New client connected with client_fd = 2015
New client connected with client_fd = 2016
New client connected with client_fd = 2017
New client connected with client_fd = 2018
New client connected with client_fd = 2019
New client connected with client_fd = 2020
New client connected with client_fd = 2021
New client connected with client_fd = 2022
New client connected with client_fd = 2023
New client connected with client_fd = 2025
New client connected with client_fd = 645
New client connected with client_fd = 649
New client connected with client_fd = 650
New client connected with client_fd = 651
New client connected with client_fd = 652
New client connected with client_fd = 653
New client connected with client_fd = 654
New client connected with client_fd = 655
New client connected with client_fd = 645
New client connected with client_fd = 649
New client connected with client_fd = 1488
New client connected with client_fd = 1489
New client connected with client_fd = 1486
New client connected with client_fd = 1490
New client connected with client_fd = 1487
New client connected with client_fd = 561
New client connected with client_fd = 578
New client connected with client_fd = 399
New client connected with client_fd = 579
New client connected with client_fd = 1388
New client connected with client_fd = 1389
New client connected with client_fd = 3571
New client connected with client_fd = 447
New client connected with client_fd = 1839
New client connected with client_fd = 1840
New client connected with client_fd = 1841
New client connected with client_fd = 1842
New client connected with client_fd = 1962
New client connected with client_fd = 2027
New client connected with client_fd = 2588
New client connected with client_fd = 2589
New client connected with client_fd = 2590
New client connected with client_fd = 2592
New client connected with client_fd = 2593
New client connected with client_fd = 2594
New client connected with client_fd = 2595
New client connected with client_fd = 2596
New client connected with client_fd = 2597
New client connected with client_fd = 2598
New client connected with client_fd = 2599
New client connected with client_fd = 1823
New client connected with client_fd = 2600
New client connected with client_fd = 2679
New client connected with client_fd = 2680
New client connected with client_fd = 2684
New client connected with client_fd = 2685
New client connected with client_fd = 2686
New client connected with client_fd = 9
New client connected with client_fd = 19
New client connected with client_fd = 32
New client connected with client_fd = 41
New client connected with client_fd = 8
New client connected with client_fd = 11
New client connected with client_fd = 16
New client connected with client_fd = 21
New client connected with client_fd = 25
New client connected with client_fd = 29
New client connected with client_fd = 52
New client connected with client_fd = 53
New client connected with client_fd = 58
New client connected with client_fd = 66
New client connected with client_fd = 75
New client connected with client_fd = 134
New client connected with client_fd = 583
New client connected with client_fd = 681
New client connected with client_fd = 689
New client connected with client_fd = 690
New client connected with client_fd = 1825
New client connected with client_fd = 584
New client connected with client_fd = 1831
New client connected with client_fd = 2638
New client connected with client_fd = 2687
New client connected with client_fd = 2688
New client connected with client_fd = 182
New client connected with client_fd = 585
New client connected with client_fd = 586
New client connected with client_fd = 587
New client connected with client_fd = 588
New client connected with client_fd = 55
New client connected with client_fd = 1627
New client connected with client_Outbound buffer overflow on client_fd 3578
Outbound buffer overflow on client_fd 2725
Outbound buffer overflow on client_fd 2046
Outbound buffer overflow on client_fd 2045
Outbound buffer overflow on client_fd 2044
Outbound buffer overflow on client_fd 2043
Outbound buffer overflow on client_fd 2042
Outbound buffer overflow on client_fd 2041
Outbound buffer overflow on client_fd 2681
Outbound buffer overflow on client_fd 2776
Outbound buffer overflow on client_fd 2724
Outbound buffer overflow on client_fd 2730
Outbound buffer overflow on client_fd 2027
Outbound buffer overflow on client_fd 2590
Outbound buffer overflow on client_fd 2592
Outbound buffer overflow on client_fd 2593
Outbound buffer overflow on client_fd 2594
Outbound buffer overflow on client_fd 2597
Outbound buffer overflow on client_fd 2598
Outbound buffer overflow on client_fd 2599
Outbound buffer overflow on client_fd 645
Outbound buffer overflow on client_fd 2706
Outbound buffer overflow on client_fd 1962
Outbound buffer overflow on client_fd 2588
Outbound buffer overflow on client_fd 2589
Outbound buffer overflow on client_fd 2595
Outbound buffer overflow on client_fd 2596
Outbound buffer overflow on client_fd 2723
Outbound buffer overflow on client_fd 654
Outbound buffer overflow on client_fd 2708
Outbound buffer overflow on client_fd 2707
Outbound buffer overflow on client_fd 2711
Outbound buffer overflow on client_fd 2712
Outbound buffer overflow on client_fd 2611
Outbound buffer overflow on client_fd 2612
Outbound buffer overflow on client_fd 2615
Outbound buffer overflow on client_fd 2613
Outbound buffer overflow on client_fd 2714
Outbound buffer overflow on client_fd 2710
Outbound buffer overflow on client_fd 2614
Outbound buffer overflow on client_fd 146
Outbound buffer overflow on client_fd 106
Outbound buffer overflow on client_fd 2607
Outbound buffer overflow on client_fd 2620
Outbound buffer overflow on client_fd 141
Outbound buffer overflow on client_fd 2608
Outbound buffer overflow on client_fd 2713
Outbound buffer overflow on client_fd 561
Outbound buffer overflow on client_fd 578
Outbound buffer overflow on client_fd 649
Outbound buffer overflow on client_fd 1486
Outbound buffer overflow on client_fd 1490
Outbound buffer overflow on client_fd 655
Outbound buffer overflow on client_fd 168
Outbound buffer overflow on client_fd 1487
Outbound buffer overflow on client_fd 399
Outbound buffer overflow on client_fd 447
Outbound buffer overflow on client_fd 1839
Outbound buffer overflow on client_fd 1488
Outbound buffer overflow on client_fd 579
Outbound buffer overflow on client_fd 1388
Outbound buffer overflow on client_fd 653
Outbound buffer overflow on client_fd 652
Outbound buffer overflow on client_fd 1489
Outbound buffer overflow on client_fd 1389
Outbound buffer overflow on client_fd 1840
Outbound buffer overflow on client_fd 1841
Outbound buffer overflow on client_fd 1842
Outbound buffer overflow on client_fd 3502
Outbound buffer overflow on client_fd 3571
Outbound buffer overflow on client_fd 1816
Outbound buffer overflow on client_fd 2627
fd = 107
New client connected with client_fd = 2643
New client connected with client_fd = 2689
New client connected with client_fd = 2690
New client connected with client_fd = 2691
New client connected with client_fd = 2692
New client connected with client_fd = 2693
New client connected with client_fd = 2695
New client connected with client_fd = 2696
New client connected with client_fd = 2697
New client connected with client_fd = 2698
New client connected with client_fd = 2041
New client connected with client_fd = 2042
New client connected with client_fd = 2043
New client connected with client_fd = 2044
New client connected with client_fd = 2045
New client connected with client_fd = 2046
New client connected with client_fd = 2681
New client connected with client_fd = 2705
New client connected with client_fd = 2724
New client connected with client_fd = 2725
New client connected with client_fd = 645
New client connected with client_fd = 2027
New client connected with client_fd = 2590
New client connected with client_fd = 2592
New client connected with client_fd = 2593
New client connected with client_fd = 654
New client connected with client_fd = 1962
New client connected with client_fd = 2588
New client connected with client_fd = 2589
New client connected with client_fd = 106
New client connected with client_fd = 141
New client connected with client_fd = 146
New client connected with client_fd = 561
New client connected with client_fd = 578
New client connected with client_fd = 168
New client connected with client_fd = 649
New client connected with client_fd = 655
New client connected with client_fd = 1486
New client connected with client_fd = 399
New client connected with client_fd = 447
New client connected with client_fd = 579
New client connected with client_fd = 652
New client connected with client_fd = 653
New client connected with client_fd = 1388
New client connected with client_fd = 1389
New client connected with client_fd = 1487
New client connected with client_fd = 1488
New client connected with client_fd = 1489
New client connected with client_fd = 1490
New client connected with client_fd = 1839
New client connected with client_fd = 1840
New client connected with client_fd = 1841
New client connected with client_fd = 1842
New client connected with client_fd = 2594
New client connected with client_fd = 2595
New client connected with client_fd = 2596
New client connected with client_fd = 2597
New client connected with client_fd = 2598
New client connected with client_fd = 2599
New client connected with client_fd = 2607
New client connected with client_fd = 2608
New client connected with client_fd = 2611
New client connected with client_fd = 2612
New client connected with client_fd = 2613
New client connected with client_fd = 2614
New client connected with client_fd = 2615
New client connected with client_fd = 2620
New client connected with client_fd = 2706
New client connected with client_fd = 2707
New client connected with client_fd = 2708
New client connected with client_fd = 2710
New client connected with client_fd = 2711
New client connected with client_fd = 2712
New client connected with client_fd = 2713
New client connected with client_fd = 2714
New client connected with client_fd = 2723
New client connected with client_fd = 2726
New client connected with client_fd = 2730
New client connected with client_fd = 2776
New client connected with client_fd = 2815
New client connected with client_fd = 2816
New client connected with client_fd = 2817
New client connected with client_fd = 2818
New client connected with client_fd = 2819
New client connected with client_fd = 2831
New client connected with client_fd = 2832
New client connected with client_fd = 3502
New client connected with client_fd = 3508
New client connected with client_fd = 3509
New client connected with client_fd = 1816
New client connected with client_fd = 3510
New client connected with client_fd = 3511
New client connected with client_fd = 3513
New client connected with client_fd = 3515
New client connected with client_fd = 2627
New client connecOutbound buffer overflow on client_fd 3353
Outbound buffer overflow on client_fd 3511
Outbound buffer overflow on client_fd 3329
Outbound buffer overflow on client_fd 3537
Outbound buffer overflow on client_fd 852
Outbound buffer overflow on client_fd 849
Outbound buffer overflow on client_fd 850
Outbound buffer overflow on client_fd 851
Outbound buffer overflow on client_fd 1957
Outbound buffer overflow on client_fd 2622
Outbound buffer overflow on client_fd 3519
Outbound buffer overflow on client_fd 644
Outbound buffer overflow on client_fd 640
Outbound buffer overflow on client_fd 643
Outbound buffer overflow on client_fd 434
Outbound buffer overflow on client_fd 644
Outbound buffer overflow on client_fd 643
Outbound buffer overflow on client_fd 202
Outbound buffer overflow on client_fd 1822
Outbound buffer overflow on client_fd 1017
Outbound buffer overflow on client_fd 335
Outbound buffer overflow on client_fd 336
Outbound buffer overflow on client_fd 337
Outbound buffer overflow on client_fd 100
Outbound buffer overflow on client_fd 101
Outbound buffer overflow on client_fd 102
Outbound buffer overflow on client_fd 104
Outbound buffer overflow on client_fd 111
Outbound buffer overflow on client_fd 239
Outbound buffer overflow on client_fd 240
Outbound buffer overflow on client_fd 1735
Outbound buffer overflow on client_fd 1734
Outbound buffer overflow on client_fd 744
Outbound buffer overflow on client_fd 745
Outbound buffer overflow on client_fd 746
Outbound buffer overflow on client_fd 747
Outbound buffer overflow on client_fd 748
Outbound buffer overflow on client_fd 749
Outbound buffer overflow on client_fd 750
Outbound buffer overflow on client_fd 125
Outbound buffer overflow on client_fd 13
Outbound buffer overflow on client_fd 717
Outbound buffer overflow on client_fd 716
Outbound buffer overflow on client_fd 715
Outbound buffer overflow on client_fd 369
Outbound buffer overflow on client_fd 368
Outbound buffer overflow on client_fd 718
Outbound buffer overflow on client_fd 721
Outbound buffer overflow on client_fd 241
Outbound buffer overflow on client_fd 708
Outbound buffer overflow on client_fd 701
Outbound buffer overflow on client_fd 699
Outbound buffer overflow on client_fd 707
Outbound buffer overflow on client_fd 705
Outbound buffer overflow on client_fd 704
Outbound buffer overflow on client_fd 703
Outbound buffer overflow on client_fd 702
Outbound buffer overflow on client_fd 713
Outbound buffer overflow on client_fd 711
Outbound buffer overflow on client_fd 710
Outbound buffer overflow on client_fd 709
Outbound buffer overflow on client_fd 266
Outbound buffer overflow on client_fd 265
Outbound buffer overflow on client_fd 700
Outbound buffer overflow on client_fd 706
Outbound buffer overflow on client_fd 712
Outbound buffer overflow on client_fd 559
Outbound buffer overflow on client_fd 1012
Outbound buffer overflow on client_fd 1013
Outbound buffer overflow on client_fd 1014
Outbound buffer overflow on client_fd 1015
Outbound buffer overflow on client_fd 1016
Outbound buffer overflow on client_fd 2697
Outbound buffer overflow on client_fd 2698
Outbound buffer overflow on client_fd 2043
Outbound buffer overflow on client_fd 2696
Outbound buffer overflow on client_fd 2041
Outbound buffer overflow on client_fd 2042
Outbound buffer overflow on client_fd 2046
Outbound buffer overflow on client_fd 2045
Outbound buffer overflow on client_fd 2725
Outbound buffer overflow on client_fd 2724
Outbound buffer overflow on client_fd 2705
Outbound buffer overflow on client_fd 2681
Outbound buffer overflow on client_fd 705
Outbound buffer overflow on client_fd 704
Outbound buffer overflow on client_fd 3331
ted with client_fd = 3516
New client connected with client_fd = 3517
New client connected with client_fd = 3518
New client connected with client_fd = 3519
New client connected with client_fd = 3520
New client connected with client_fd = 3534
New client connected with client_fd = 3535
New client connected with client_fd = 3353
New client connected with client_fd = 3536
New client connected with client_fd = 3537
New client connected with client_fd = 3558
New client connected with client_fd = 3559
New client connected with client_fd = 3560
New client connected with client_fd = 3511
New client connected with client_fd = 3571
New client connected with client_fd = 3329
New client connected with client_fd = 3537
New client connected with client_fd = 849
New client connected with client_fd = 850
New client connected with client_fd = 851
New client connected with client_fd = 852
New client connected with client_fd = 1957
New client connected with client_fd = 2622
New client connected with client_fd = 3519
New client connected with client_fd = 434
New client connected with client_fd = 640
New client connected with client_fd = 643
New client connected with client_fd = 644
New client connected with client_fd = 643
New client connected with client_fd = 644
New client connected with client_fd = 202
New client connected with client_fd = 1822
New client connected with client_fd = 335
New client connected with client_fd = 336
New client connected with client_fd = 337
New client connected with client_fd = 1017
New client connected with client_fd = 100
New client connected with client_fd = 101
New client connected with client_fd = 102
New client connected with client_fd = 104
New client connected with client_fd = 111
New client connected with client_fd = 239
New client connected with client_fd = 240
New client connected with client_fd = 744
New client connected with client_fd = 745
New client connected with client_fd = 746
New client connected with client_fd = 747
New client connected with client_fd = 13
New client connected with client_fd = 125
New client connected with client_fd = 241
New client connected with client_fd = 265
New client connected with client_fd = 266
New client connected with client_fd = 368
New client connected with client_fd = 369
New client connected with client_fd = 559
New client connected with client_fd = 699
New client connected with client_fd = 700
New client connected with client_fd = 701
New client connected with client_fd = 702
New client connected with client_fd = 703
New client connected with client_fd = 704
New client connected with client_fd = 705
New client connected with client_fd = 706
New client connected with client_fd = 707
New client connected with client_fd = 708
New client connected with client_fd = 709
New client connected with client_fd = 710
New client connected with client_fd = 711
New client connected with client_fd = 712
New client connected with client_fd = 713
New client connected with client_fd = 715
New client connected with client_fd = 716
New client connected with client_fd = 717
New client connected with client_fd = 718
New client connected with client_fd = 721
New client connected with client_fd = 748
New client connected with client_fd = 749
New client connected with client_fd = 750
New client connected with client_fd = 1012
New client connected with client_fd = 1013
New client connected with client_fd = 1014
New client connected with client_fd = 1015
New client connected with client_fd = 1016
New client connected with client_fd = 1734
New client connected with client_fd = 1735
New client connected with client_fd = 2041
New client connected with client_fd = 2042
New client connected with client_fd = 2043
New client connected with client_fd = 2045
New client connected with client_fd = 2046
New client connected with client_fd = 704
New client connected with client_fd = 705
New client connected with client_fd = 2681
New client connected with client_fd = 2696
New client connected with client_fd = 2697
New client connected with client_fd = 2698
New client connected with client_fd = 2705
NOutbound buffer overflow on client_fd 730
Outbound buffer overflow on client_fd 731
Outbound buffer overflow on client_fd 732
Outbound buffer overflow on client_fd 733
Outbound buffer overflow on client_fd 734
Outbound buffer overflow on client_fd 735
Outbound buffer overflow on client_fd 736
Outbound buffer overflow on client_fd 726
Outbound buffer overflow on client_fd 727
Outbound buffer overflow on client_fd 728
Outbound buffer overflow on client_fd 729
Outbound buffer overflow on client_fd 725
Outbound buffer overflow on client_fd 634
Outbound buffer overflow on client_fd 635
Outbound buffer overflow on client_fd 3516
Outbound buffer overflow on client_fd 302
Outbound buffer overflow on client_fd 643
Outbound buffer overflow on client_fd 644
Outbound buffer overflow on client_fd 1643
Outbound buffer overflow on client_fd 1017
Outbound buffer overflow on client_fd 336
send failed: Connection reset by peer
send failed: Connection reset by peer
send failed: Connection reset by peer
send failed: Connection reset by peer
send failed: Connection reset by peer
send failed: Connection reset by peer
send failed: Connection reset by peer
send failed: Connection reset by peer
send failed: Connection reset by peer
send failed: Connection reset by peer
send failed: Connection reset by peer
send failed: Connection reset by peer
send failed: Connection reset by peer
send failed: Connection reset by peer
send failed: Connection reset by peer
send failed: Connection reset by peer
send failed: Connection reset by peer
send failed: Connection reset by peer
send failed: Connection reset by peer
send failed: Connection reset by peer
send failed: Connection reset by peer
send failed: Connection reset by peer
send failed: Connection reset by peer
send failed: Connection reset by peer
send failed: Connection reset by peer
send failed: Connection reset by peer
send failed: Connection reset by peer
send failed: Connection reset by peer
send failed: Connection reset by peer
send failed: Connection reset by peer
send failed: Connection reset by peer
send failed: Connection reset by peer
send failed: Connection reset by peer
send failed: Connection reset by peer
send failed: Connection reset by peer
send failed: Connection reset by peer
send failed: Connection reset by peer
send failed: Connection reset by peer
send failed: Connection reset by peer
send failed: Connection reset by peer
send failed: Connection reset by peer
send failed: Connection reset by peer
send failed: Connection reset by peer
send failed: Connection reset by peer
send failed: Connection reset by peer
send failed: Connection reset by peer
send failed: Connection reset by peer
send failed: Connection reset by peer
send failed: Connection reset by peer
send failed: Connection reset by peer
send failed: Connection reset by peer
send failed: Connection reset by peer
send failed: Connection reset by peer
send failed: Connection reset by peer
send failed: Connection reset by peer
send failed: Connection reset by peer
send failed: Connection reset by peer
send failed: Connection reset by peer
