epoll server listening on port 8080 with backlog 4096 (server_fd=3, epoll_fd=4)
New client connected with client_fd = 5
Client disconnected (client_fd = 5)
New client connected with client_fd = 5
New client connected with client_fd = 6
New client connected with client_fd = 7
New client connected with client_fd = 8
New client connected with client_fd = 9
New client connected with client_fd = 10
New client connected with client_fd = 11
New client connected with client_fd = 12
New client connected with client_fd = 13
New client connected with client_fd = 14
New client connected with client_fd = 15
New client connected with client_fd = 16
New client connected with client_fd = 17
New client connected with client_fd = 18
New client connected with client_fd = 19
New client connected with client_fd = 20
New client connected with client_fd = 21
New client connected with client_fd = 22
New client connected with client_fd = 23
New client connected with client_fd = 24
New client connected with client_fd = 25
New client connected with client_fd = 26
New client connected with client_fd = 27
New client connected with client_fd = 28
New client connected with client_fd = 29
New client connected with client_fd = 30
New client connected with client_fd = 31
New client connected with client_fd = 32
New client connected with client_fd = 33
New client connected with client_fd = 34
New client connected with client_fd = 35
New client connected with client_fd = 36
New client connected with client_fd = 37
New client connected with client_fd = 38
New client connected with client_fd = 39
New client connected with client_fd = 40
New client connected with client_fd = 41
New client connected with client_fd = 42
New client connected with client_fd = 43
New client connected with client_fd = 44
New client connected with client_fd = 45
New client connected with client_fd = 46
New client connected with client_fd = 47
New client connected with client_fd = 48
New client connected with client_fd = 49
New client connected with client_fd = 50
New client connected with client_fd = 51
New client connected with client_fd = 52
New client connected with client_fd = 53
New client connected with client_fd = 54
New client connected with client_fd = 55
New client connected with client_fd = 56
New client connected with client_fd = 57
New client connected with client_fd = 58
New client connected with client_fd = 59
New client connected with client_fd = 60
New client connected with client_fd = 61
New client connected with client_fd = 62
New client connected with client_fd = 63
New client connected with client_fd = 64
New client connected with client_fd = 65
New client connected with client_fd = 66
New client connected with client_fd = 67
New client connected with client_fd = 68
New client connected with client_fd = 69
New client connected with client_fd = 70
New client connected with client_fd = 71
New client connected with client_fd = 72
New client connected with client_fd = 73
New client connected with client_fd = 74
New client connected with client_fd = 75
New client connected with client_fd = 76
New client connected with client_fd = 77
New client connected with client_fd = 78
New client connected with client_fd = 79
New client connected with client_fd = 80
New client connected with client_fd = 81
New client connected with client_fd = 82
New client connected with client_fd = 83
New client connected with client_fd = 84
New client connected with client_fd = 85
New client connected with client_fd = 86
New client connected with client_fd = 87
New client connected with client_fd = 88
New client connected with client_fd = 89
New client connected with client_fd = 90
New client connected with client_fd = 91
New client connected with client_fd = 92
New client connected with client_fd = 93
New client connected with client_fd = 94
New client connected with client_fd = 95
New client connected with client_fd = 96
New client connected with client_fd = 97
New client connected with client_fd = 98
New client connected with client_fd = 99
New client connected with client_fd = 100
New client connected with client_fd = 101
New client connected with client_fd = 102
New client connected with client_fd = 103
New client connected with client_fd = 104
New client connected with client_fd = 105
New client connected with client_fd = 106
New client connected with client_fd = 107
New client connected with client_fd = 108
New client connected with client_fd = 109
New client connected with client_fd = 110
New client connected with client_fd = 111
New client connected with client_fd = 112
New client connected with client_fd = 113
New client connected with client_fd = 114
New client connected with client_fd = 115
New client connected with client_fd = 116
New client connected with client_fd = 117
New client connected with client_fd = 118
New client connected with client_fd = 119
New client connected with client_fd = 120
New client connected with client_fd = 121
New client connected with client_fd = 122
New client connected with client_fd = 123
New client connected with client_fd = 124
New client connected with client_fd = 125
New client connected with client_fd = 126
New client connected with client_fd = 127
New client connected with client_fd = 128
New client connected with client_fd = 129
New client connected with client_fd = 130
New client connected with client_fd = 131
New client connected with client_fd = 132
New client connected with client_fd = 133
New client connected with client_fd = 134
New client connected with client_fd = 135
New client connected with client_fd = 136
New client connected with client_fd = 137
New client connected with client_fd = 138
New client connected with client_fd = 139
New client connected with client_fd = 140
New client connected with client_fd = 141
New client connected with client_fd = 142
New client connected with client_fd = 143
New client connected with client_fd = 144
New client connected with client_fd = 145
New client connected with client_fd = 146
New client connected with client_fd = 147
New client connected with client_fd = 148
New client connected with client_fd = 149
New client connected with client_fd = 150
New client connected with client_fd = 151
New client connected with client_fd = 152
New client connected with client_fd = 153
New client connected with client_fd = 154
New client connected with client_fd = 155
New client connected with client_fd = 156
New client connected with client_fd = 157
New client connected with client_fd = 158
New client connected with client_fd = 159
New client connected with client_fd = 160
New client connected with client_fd = 161
New client connected with client_fd = 162
New client connected with client_fd = 163
New client connected with client_fd = 164
New client connected with client_fd = 165
New client connected with client_fd = 166
New client connected with client_fd = 167
New client connected with client_fd = 168
New client connected with client_fd = 169
New client connected with client_fd = 170
New client connected with client_fd = 171
New client connected with client_fd = 172
New client connected with client_fd = 173
New client connected with client_fd = 174
New client connected with client_fd = 175
New client connected with client_fd = 176
New client connected with client_fd = 177
New client connected with client_fd = 178
New client connected with client_fd = 179
New client connected with client_fd = 180
New client connected with client_fd = 181
New client connected with client_fd = 182
New client connected with client_fd = 183
New client connected with client_fd = 184
New client connected with client_fd = 185
New client connected with client_fd = 186
New client connected with client_fd = 187
New client connected with client_fd = 188
New client connected with client_fd = 189
New client connected with client_fd = 190
New client connected with client_fd = 191
New client connected with client_fd = 192
New client connected with client_fd = 193
New client connected with client_fd = 194
New client connected with client_fd = 195
New client connected with client_fd = 196
New client connected with client_fd = 197
New client connected with client_fd = 198
New client connected with client_fd = 199
New client connected with client_fd = 200
New client connected with client_fd = 201
New client connected with client_fd = 202
New client connected with client_fd = 203
New client connected with client_fd = 204
New client connected with client_fd = 205
New client connected with client_fd = 206
New client connected with client_fd = 207
New client connected with client_fd = 208
New client connected with client_fd = 209
New client connected with client_fd = 210
New client connected with client_fd = 211
New client connected with client_fd = 212
New client connected with client_fd = 213
New client connected with client_fd = 214
New client connected with client_fd = 215
New client connected with client_fd = 216
New client connected with client_fd = 217
New client connected with client_fd = 218
New client connected with client_fd = 219
New client connected with client_fd = 220
New client connected with client_fd = 221
New client connected with client_fd = 222
New client connected with client_fd = 223
New client connected with client_fd = 224
New client connected with client_fd = 225
New client connected with client_fd = 226
New client connected with client_fd = 227
New client connected with client_fd = 228
New client connected with client_fd = 229
New client connected with client_fd = 230
New client connected with client_fd = 231
New client connected with client_fd = 232
New client connected with client_fd = 233
New client connected with client_fd = 234
New client connected with client_fd = 235
New client connected with client_fd = 236
New client connected with client_fd = 237
New client connected with client_fd = 238
New client connected with client_fd = 239
New client connected with client_fd = 240
New client connected with client_fd = 241
New client connected with client_fd = 242
New client connected with client_fd = 243
New client connected with client_fd = 244
New client connected with client_fd = 245
New client connected with client_fd = 246
New client connected with client_fd = 247
New client connected with client_fd = 248
New client connected with client_fd = 249
New client connected with client_fd = 250
New client connected with client_fd = 251
New client connected with client_fd = 252
New client connected with client_fd = 253
New client connected with client_fd = 254
New client connected with client_fd = 255
New client connected with client_fd = 256
New client connected with client_fd = 257
New client connected with client_fd = 258
New client connected with client_fd = 259
New client connected with client_fd = 260
New client connected with client_fd = 261
New client connected with client_fd = 262
New client connected with client_fd = 263
New client connected with client_fd = 264
New client connected with client_fd = 265
New client connected with client_fd = 266
New client connected with client_fd = 267
New client connected with client_fd = 268
New client connected with client_fd = 269
New client connected with client_fd = 270
New client connected with client_fd = 271
New client connected with client_fd = 272
New client connected with client_fd = 273
New client connected with client_fd = 274
New client connected with client_fd = 275
New client connected with client_fd = 276
New client connected with client_fd = 277
New client connected with client_fd = 278
New client connected with client_fd = 279
New client connected with client_fd = 280
New client connected with client_fd = 281
New client connected with client_fd = 282
New client connected with client_fd = 283
New client connected with client_fd = 284
New client connected with client_fd = 285
New client connected with client_fd = 286
New client connected with client_fd = 287
New client connected with client_fd = 288
New client connected with client_fd = 289
New client connected with client_fd = 290
New client connected with client_fd = 291
New client connected with client_fd = 292
New client connected with client_fd = 293
New client connected with client_fd = 294
New client connected with client_fd = 295
New client connected with client_fd = 296
New client connected with client_fd = 297
New client connected with client_fd = 298
New client connected with client_fd = 299
New client connected with client_fd = 300
New client connected with client_fd = 301
New client connected with client_fd = 302
New client connected with client_fd = 303
New client connected with client_fd = 304
New client connected with client_fd = 305
New client connected with client_fd = 306
New client connected with client_fd = 307
New client connected with client_fd = 308
New client connected with client_fd = 309
New client connected with client_fd = 310
New client connected with client_fd = 311
New client connected with client_fd = 312
New client connected with client_fd = 313
New client connected with client_fd = 314
New client connected with client_fd = 315
New client connected with client_fd = 316
New client connected with client_fd = 317
New client connected with client_fd = 318
New client connected with client_fd = 319
New client connected with client_fd = 320
New client connected with client_fd = 321
New client connected with client_fd = 322
New client connected with client_fd = 323
New client connected with client_fd = 324
New client connected with client_fd = 325
New client connected with client_fd = 326
New client connected with client_fd = 327
New client connected with client_fd = 328
New client connected with client_fd = 329
New client connected with client_fd = 330
New client connected with client_fd = 331
New client connected with client_fd = 332
New client connected with client_fd = 333
New client connected with client_fd = 334
New client connected with client_fd = 335
New client connected with client_fd = 336
New client connected with client_fd = 337
New client connected with client_fd = 338
New client connected with client_fd = 339
New client connected with client_fd = 340
New client connected with client_fd = 341
New client connected with client_fd = 342
New client connected with client_fd = 343
New client connected with client_fd = 344
New client connected with client_fd = 345
New client connected with client_fd = 346
New client connected with client_fd = 347
New client connected with client_fd = 348
New client connected with client_fd = 349
New client connected with client_fd = 350
New client connected with client_fd = 351
New client connected with client_fd = 352
New client connected with client_fd = 353
New client connected with client_fd = 354
New client connected with client_fd = 355
New client connected with client_fd = 356
New client connected with client_fd = 357
New client connected with client_fd = 358
New client connected with client_fd = 359
New client connected with client_fd = 360
New client connected with client_fd = 361
New client connected with client_fd = 362
New client connected with client_fd = 363
New client connected with client_fd = 364
New client connected with client_fd = 365
New client connected with client_fd = 366
New client connected with client_fd = 367
New client connected with client_fd = 368
New client connected with client_fd = 369
New client connected with client_fd = 370
New client connected with client_fd = 371
New client connected with client_fd = 372
New client connected with client_fd = 373
New client connected with client_fd = 374
New client connected with client_fd = 375
New client connected with client_fd = 376
New client connected with client_fd = 377
New client connected with client_fd = 378
New client connected with client_fd = 379
New client connected with client_fd = 380
New client connected with client_fd = 381
New client connected with client_fd = 382
New client connected with client_fd = 383
New client connected with client_fd = 384
New client connected with client_fd = 385
New client connected with client_fd = 386
New client connected with client_fd = 387
New client connected with client_fd = 388
New client connected with client_fd = 389
New client connected with client_fd = 390
New client connected with client_fd = 391
New client connected with client_fd = 392
New client connected with client_fd = 393
New client connected with client_fd = 394
New client connected with client_fd = 395
New client connected with client_fd = 396
New client connected with client_fd = 397
New client connected with client_fd = 398
New client connected with client_fd = 399
New client connected with client_fd = 400
New client connected with client_fd = 401
New client connected with client_fd = 402
New client connected with client_fd = 403
New client connected with client_fd = 404
New client connected with client_fd = 405
New client connected with client_fd = 406
New client connected with client_fd = 407
New client connected with client_fd = 408
New client connected with client_fd = 409
New client connected with client_fd = 410
New client connected with client_fd = 411
New client connected with client_fd = 412
New client connected with client_fd = 413
New client connected with client_fd = 414
New client connected with client_fd = 415
New client connected with client_fd = 416
New client connected with client_fd = 417
New client connected with client_fd = 418
New client connected with client_fd = 419
New client connected with client_fd = 420
New client connected with client_fd = 421
New client connected with client_fd = 422
New client connected with client_fd = 423
New client connected with client_fd = 424
New client connected with client_fd = 425
New client connected with client_fd = 426
New client connected with client_fd = 427
New client connected with client_fd = 428
New client connected with client_fd = 429
New client connected with client_fd = 430
New client connected with client_fd = 431
New client connected with client_fd = 432
New client connected with client_fd = 433
New client connected with client_fd = 434
New client connected with client_fd = 435
New client connected with client_fd = 436
New client connected with client_fd = 437
New client connected with client_fd = 438
New client connected with client_fd = 439
New client connected with client_fd = 440
New client connected with client_fd = 441
New client connected with client_fd = 442
New client connected with client_fd = 443
New client connected with client_fd = 444
New client connected with client_fd = 445
New client connected with client_fd = 446
New client connected with client_fd = 447
New client connected with client_fd = 448
New client connected with client_fd = 449
New client connected with client_fd = 450
New client connected with client_fd = 451
New client connected with client_fd = 452
New client connected with client_fd = 453
New client connected with client_fd = 454
New client connected with client_fd = 455
New client connected with client_fd = 456
New client connected with client_fd = 457
New client connected with client_fd = 458
New client connected with client_fd = 459
New client connected with client_fd = 460
New client connected with client_fd = 461
New client connected with client_fd = 462
New client connected with client_fd = 463
New client connected with client_fd = 464
New client connected with client_fd = 465
New client connected with client_fd = 466
New client connected with client_fd = 467
New client connected with client_fd = 468
New client connected with client_fd = 469
New client connected with client_fd = 470
New client connected with client_fd = 471
New client connected with client_fd = 472
New client connected with client_fd = 473
New client connected with client_fd = 474
New client connected with client_fd = 475
New client connected with client_fd = 476
New client connected with client_fd = 477
New client connected with client_fd = 478
New client connected with client_fd = 479
New client connected with client_fd = 480
New client connected with client_fd = 481
New client connected with client_fd = 482
New client connected with client_fd = 483
New client connected with client_fd = 484
New client connected with client_fd = 485
New client connected with client_fd = 486
New client connected with client_fd = 487
New client connected with client_fd = 488
New client connected with client_fd = 489
New client connected with client_fd = 490
New client connected with client_fd = 491
New client connected with client_fd = 492
New client connected with client_fd = 493
New client connected with client_fd = 494
New client connected with client_fd = 495
New client connected with client_fd = 496
New client connected with client_fd = 497
New client connected with client_fd = 498
New client connected with client_fd = 499
New client connected with client_fd = 500
New client connected with client_fd = 501
New client connected with client_fd = 502
New client connected with client_fd = 503
New client connected with client_fd = 504
New client connected with client_fd = 505
New client connected with client_fd = 506
New client connected with client_fd = 507
New client connected with client_fd = 508
New client connected with client_fd = 509
New client connected with client_fd = 510
New client connected with client_fd = 511
New client connected with client_fd = 512
New client connected with client_fd = 513
New client connected with client_fd = 514
New client connected with client_fd = 515
New client connected with client_fd = 516
New client connected with client_fd = 517
New client connected with client_fd = 518
New client connected with client_fd = 519
New client connected with client_fd = 520
New client connected with client_fd = 521
New client connected with client_fd = 522
New client connected with client_fd = 523
New client connected with client_fd = 524
New client connected with client_fd = 525
New client connected with client_fd = 526
New client connected with client_fd = 527
New client connected with client_fd = 528
New client connected with client_fd = 529
New client connected with client_fd = 530
New client connected with client_fd = 531
New client connected with client_fd = 532
New client connected with client_fd = 533
New client connected with client_fd = 534
New client connected with client_fd = 535
New client connected with client_fd = 536
New client connected with client_fd = 537
New client connected with client_fd = 538
New client connected with client_fd = 539
New client connected with client_fd = 540
New client connected with client_fd = 541
New client connected with client_fd = 542
New client connected with client_fd = 543
New client connected with client_fd = 544
New client connected with client_fd = 545
New client connected with client_fd = 546
New client connected with client_fd = 547
New client connected with client_fd = 548
New client connected with client_fd = 549
New client connected with client_fd = 550
New client connected with client_fd = 551
New client connected with client_fd = 552
New client connected with client_fd = 553
New client connected with client_fd = 554
New client connected with client_fd = 555
New client connected with client_fd = 556
New client connected with client_fd = 557
New client connected with client_fd = 558
New client connected with client_fd = 559
New client connected with client_fd = 560
New client connected with client_fd = 561
New client connected with client_fd = 562
New client connected with client_fd = 563
New client connected with client_fd = 564
New client connected with client_fd = 565
New client connected with client_fd = 566
New client connected with client_fd = 567
New client connected with client_fd = 568
New client connected with client_fd = 569
New client connected with client_fd = 570
New client connected with client_fd = 571
New client connected with client_fd = 572
New client connected with client_fd = 573
New client connected with client_fd = 574
New client connected with client_fd = 575
New client connected with client_fd = 576
New client connected with client_fd = 577
New client connected with client_fd = 578
New client connected with client_fd = 579
New client connected with client_fd = 580
New client connected with client_fd = 581
New client connected with client_fd = 582
New client connected with client_fd = 583
New client connected with client_fd = 584
New client connected with client_fd = 585
New client connected with client_fd = 586
New client connected with client_fd = 587
New client connected with client_fOutbound buffer overflow on client_fd 213
Outbound buffer overflow on client_fd 214
Outbound buffer overflow on client_fd 109
Outbound buffer overflow on client_fd 110
Outbound buffer overflow on client_fd 249
Outbound buffer overflow on client_fd 16
Outbound buffer overflow on client_fd 24
Outbound buffer overflow on client_fd 33
Outbound buffer overflow on client_fd 347
Outbound buffer overflow on client_fd 348
Outbound buffer overflow on client_fd 171
Outbound buffer overflow on client_fd 172
Outbound buffer overflow on client_fd 310
Outbound buffer overflow on client_fd 311
Outbound buffer overflow on client_fd 312
Outbound buffer overflow on client_fd 313
Outbound buffer overflow on client_fd 173
Outbound buffer overflow on client_fd 174
Outbound buffer overflow on client_fd 327
Outbound buffer overflow on client_fd 59
Outbound buffer overflow on client_fd 60
Outbound buffer overflow on client_fd 61
Outbound buffer overflow on client_fd 250
Outbound buffer overflow on client_fd 252
Outbound buffer overflow on client_fd 253
Outbound buffer overflow on client_fd 254
Outbound buffer overflow on client_fd 255
Outbound buffer overflow on client_fd 256
Outbound buffer overflow on client_fd 257
Outbound buffer overflow on client_fd 258
Outbound buffer overflow on client_fd 259
Outbound buffer overflow on client_fd 260
Outbound buffer overflow on client_fd 261
Outbound buffer overflow on client_fd 72
Outbound buffer overflow on client_fd 135
Outbound buffer overflow on client_fd 136
Outbound buffer overflow on client_fd 111
Outbound buffer overflow on client_fd 112
Outbound buffer overflow on client_fd 210
Outbound buffer overflow on client_fd 211
Outbound buffer overflow on client_fd 212
Outbound buffer overflow on client_fd 137
Outbound buffer overflow on client_fd 138
Outbound buffer overflow on client_fd 34
Outbound buffer overflow on client_fd 317
Outbound buffer overflow on client_fd 318
Outbound buffer overflow on client_fd 319
Outbound buffer overflow on client_fd 320
Outbound buffer overflow on client_fd 314
Outbound buffer overflow on client_fd 315
Outbound buffer overflow on client_fd 316
Outbound buffer overflow on client_fd 332
Outbound buffer overflow on client_fd 366
Outbound buffer overflow on client_fd 367
Outbound buffer overflow on client_fd 368
Outbound buffer overflow on client_fd 369
Outbound buffer overflow on client_fd 170
Outbound buffer overflow on client_fd 133
Outbound buffer overflow on client_fd 134
Outbound buffer overflow on client_fd 17
Outbound buffer overflow on client_fd 321
Outbound buffer overflow on client_fd 322
Outbound buffer overflow on client_fd 323
Outbound buffer overflow on client_fd 336
Outbound buffer overflow on client_fd 337
d = 588
New client connected with client_fd = 589
New client connected with client_fd = 590
New client connected with client_fd = 591
New client connected with client_fd = 592
New client connected with client_fd = 593
New client connected with client_fd = 594
New client connected with client_fd = 595
New client connected with client_fd = 596
New client connected with client_fd = 597
New client connected with client_fd = 598
New client connected with client_fd = 599
New client connected with client_fd = 600
New client connected with client_fd = 601
New client connected with client_fd = 602
New client connected with client_fd = 603
New client connected with client_fd = 604
New client connected with client_fd = 605
New client connected with client_fd = 606
New client connected with client_fd = 607
New client connected with client_fd = 608
New client connected with client_fd = 609
New client connected with client_fd = 610
New client connected with client_fd = 611
New client connected with client_fd = 612
New client connected with client_fd = 613
New client connected with client_fd = 614
New client connected with client_fd = 615
New client connected with client_fd = 616
New client connected with client_fd = 617
New client connected with client_fd = 618
New client connected with client_fd = 619
New client connected with client_fd = 620
New client connected with client_fd = 621
New client connected with client_fd = 622
New client connected with client_fd = 623
New client connected with client_fd = 624
New client connected with client_fd = 625
New client connected with client_fd = 626
New client connected with client_fd = 627
New client connected with client_fd = 628
New client connected with client_fd = 629
New client connected with client_fd = 630
New client connected with client_fd = 631
New client connected with client_fd = 632
New client connected with client_fd = 633
New client connected with client_fd = 634
New client connected with client_fd = 635
New client connected with client_fd = 636
New client connected with client_fd = 637
New client connected with client_fd = 638
New client connected with client_fd = 639
New client connected with client_fd = 640
New client connected with client_fd = 641
New client connected with client_fd = 642
New client connected with client_fd = 643
New client connected with client_fd = 644
New client connected with client_fd = 645
New client connected with client_fd = 646
New client connected with client_fd = 647
New client connected with client_fd = 648
New client connected with client_fd = 649
New client connected with client_fd = 650
New client connected with client_fd = 651
New client connected with client_fd = 652
New client connected with client_fd = 653
New client connected with client_fd = 654
New client connected with client_fd = 655
New client connected with client_fd = 656
New client connected with client_fd = 657
New client connected with client_fd = 658
New client connected with client_fd = 659
New client connected with client_fd = 660
New client connected with client_fd = 661
New client connected with client_fd = 662
New client connected with client_fd = 663
New client connected with client_fd = 664
New client connected with client_fd = 665
New client connected with client_fd = 666
New client connected with client_fd = 667
New client connected with client_fd = 668
New client connected with client_fd = 669
New client connected with client_fd = 670
New client connected with client_fd = 671
New client connected with client_fd = 672
New client connected with client_fd = 16
New client connected with client_fd = 24
New client connected with client_fd = 33
New client connected with client_fd = 109
New client connected with client_fd = 34
New client connected with client_fd = 59
New client connected with client_fd = 60
New client connected with client_fd = 61
New client connected with client_fd = 72
New client connected with client_fd = 110
New client connected with client_fd = 111
New client connected with client_fd = 112
New client connected with client_fd = 135
New client connected wOutbound buffer overflow on client_fd 39
Outbound buffer overflow on client_fd 238
Outbound buffer overflow on client_fd 239
Outbound buffer overflow on client_fd 191
Outbound buffer overflow on client_fd 192
Outbound buffer overflow on client_fd 122
Outbound buffer overflow on client_fd 123
Outbound buffer overflow on client_fd 324
Outbound buffer overflow on client_fd 325
Outbound buffer overflow on client_fd 326
Outbound buffer overflow on client_fd 243
Outbound buffer overflow on client_fd 244
Outbound buffer overflow on client_fd 100
Outbound buffer overflow on client_fd 101
Outbound buffer overflow on client_fd 102
Outbound buffer overflow on client_fd 124
Outbound buffer overflow on client_fd 125
Outbound buffer overflow on client_fd 193
Outbound buffer overflow on client_fd 194
Outbound buffer overflow on client_fd 195
Outbound buffer overflow on client_fd 196
Outbound buffer overflow on client_fd 426
Outbound buffer overflow on client_fd 427
Outbound buffer overflow on client_fd 428
Outbound buffer overflow on client_fd 429
Outbound buffer overflow on client_fd 430
Outbound buffer overflow on client_fd 431
Outbound buffer overflow on client_fd 432
Outbound buffer overflow on client_fd 433
Outbound buffer overflow on client_fd 434
Outbound buffer overflow on client_fd 435
Outbound buffer overflow on client_fd 436
Outbound buffer overflow on client_fd 328
Outbound buffer overflow on client_fd 329
Outbound buffer overflow on client_fd 330
Outbound buffer overflow on client_fd 331
Outbound buffer overflow on client_fd 53
Outbound buffer overflow on client_fd 154
Outbound buffer overflow on client_fd 155
Outbound buffer overflow on client_fd 156
Outbound buffer overflow on client_fd 157
Outbound buffer overflow on client_fd 245
Outbound buffer overflow on client_fd 246
Outbound buffer overflow on client_fd 198
Outbound buffer overflow on client_fd 333
Outbound buffer overflow on client_fd 334
Outbound buffer overflow on client_fd 335
Outbound buffer overflow on client_fd 302
Outbound buffer overflow on client_fd 303
Outbound buffer overflow on client_fd 54
Outbound buffer overflow on client_fd 73
Outbound buffer overflow on client_fd 74
Outbound buffer overflow on client_fd 247
Outbound buffer overflow on client_fd 248
Outbound buffer overflow on client_fd 90
Outbound buffer overflow on client_fd 91
Outbound buffer overflow on client_fd 103
Outbound buffer overflow on client_fd 104
Outbound buffer overflow on client_fd 12
Outbound buffer overflow on client_fd 27
Outbound buffer overflow on client_fd 197
Outbound buffer overflow on client_fd 199
Outbound buffer overflow on client_fd 126
Outbound buffer overflow on client_fd 127
Outbound buffer overflow on client_fd 66
Outbound buffer overflow on client_fd 67
Outbound buffer overflow on client_fd 81
Outbound buffer overflow on client_fd 82
Outbound buffer overflow on client_fd 13
Outbound buffer overflow on client_fd 20
Outbound buffer overflow on client_fd 116
Outbound buffer overflow on client_fd 117
Outbound buffer overflow on client_fd 28
Outbound buffer overflow on client_fd 158
Outbound buffer overflow on client_fd 159
Outbound buffer overflow on client_fd 200
Outbound buffer overflow on client_fd 201
Outbound buffer overflow on client_fd 291
Outbound buffer overflow on client_fd 292
Outbound buffer overflow on client_fd 388
Outbound buffer overflow on client_fd 389
Outbound buffer overflow on client_fd 390
Outbound buffer overflow on client_fd 391
Outbound buffer overflow on client_fd 362
Outbound buffer overflow on client_fd 392
Outbound buffer overflow on client_fd 393
Outbound buffer overflow on client_fd 394
Outbound buffer overflow on client_fd 395
Outbound buffer overflow on client_fd 363
Outbound buffer overflow on client_fd 364
Outbound buffer overflow on client_fd 365
Outbound buffer overflow on client_fd 355
Outbound buffer overflow on client_fd 396
Outbound buffer overflow on client_fd 397
Outbound buffer overflow on client_fd 398
Outbound buffer overflow on client_fd 399
Outbound buffer overflow on client_fd 400
Outbound buffer overflow on client_fd 356
Outbound buffer overflow on client_fd 401
Outbound buffer overflow on client_fd 411
Outbound buffer overflow on client_fd 412
Outbound buffer overflow on client_fd 402
Outbound buffer overflow on client_fd 403
Outbound buffer overflow on client_fd 406
Outbound buffer overflow on client_fd 407
Outbound buffer overflow on client_fd 408
Outbound buffer overflow on client_fd 409
Outbound buffer overflow on client_fd 410
Outbound buffer overflow on client_fd 404
Outbound buffer overflow on client_fd 405
Outbound buffer overflow on client_fd 375
Outbound buffer overflow on client_fd 376
Outbound buffer overflow on client_fd 377
Outbound buffer overflow on client_fd 378
Outbound buffer overflow on client_fd 293
Outbound buffer overflow on client_fd 294
Outbound buffer overflow on client_fd 295
Outbound buffer overflow on client_fd 296
Outbound buffer overflow on client_fd 338
Outbound buffer overflow on client_fd 339
Outbound buffer overflow on client_fd 340
Outbound buffer overflow on client_fd 341
Outbound buffer overflow on client_fd 44
Outbound buffer overflow on client_fd 45
Outbound buffer overflow on client_fd 68
Outbound buffer overflow on client_fd 202
Outbound buffer overflow on client_fd 203
Outbound buffer overflow on client_fd 56
Outbound buffer overflow on client_fd 160
Outbound buffer overflow on client_fd 161
Outbound buffer overflow on client_fd 162
Outbound buffer overflow on client_fd 128
Outbound buffer overflow on client_fd 129
Outbound buffer overflow on client_fd 130
Outbound buffer overflow on client_fd 163
Outbound buffer overflow on client_fd 164
Outbound buffer overflow on client_fd 36
Outbound buffer overflow on client_fd 37
Outbound buffer overflow on client_fd 204
Outbound buffer overflow on client_fd 205
Outbound buffer overflow on client_fd 55
Outbound buffer overflow on client_fd 83
Outbound buffer overflow on client_fd 84
Outbound buffer overflow on client_fd 131
Outbound buffer overflow on client_fd 132
Outbound buffer overflow on client_fd 7
Outbound buffer overflow on client_fd 21
Outbound buffer overflow on client_fd 206
Outbound buffer overflow on client_fd 207
Outbound buffer overflow on client_fd 165
Outbound buffer overflow on client_fd 166
Outbound buffer overflow on client_fd 69
Outbound buffer overflow on client_fd 105
Outbound buffer overflow on client_fd 106
Outbound buffer overflow on client_fd 22
Outbound buffer overflow on client_fd 30
Outbound buffer overflow on client_fd 35
Outbound buffer overflow on client_fd 208
Outbound buffer overflow on client_fd 209
Outbound buffer overflow on client_fd 86
Outbound buffer overflow on client_fd 107
Outbound buffer overflow on client_fd 108
Outbound buffer overflow on client_fd 6
Outbound buffer overflow on client_fd 8
Outbound buffer overflow on client_fd 29
Outbound buffer overflow on client_fd 46
Outbound buffer overflow on client_fd 85
Outbound buffer overflow on client_fd 88
Outbound buffer overflow on client_fd 5
Outbound buffer overflow on client_fd 251
Outbound buffer overflow on client_fd 47
Outbound buffer overflow on client_fd 48
Outbound buffer overflow on client_fd 58
Outbound buffer overflow on client_fd 215
Outbound buffer overflow on client_fd 216
Outbound buffer overflow on client_fd 57
Outbound buffer overflow on client_fd 70
Outbound buffer overflow on client_fd 71
Outbound buffer overflow on client_fd 87
Outbound buffer overflow on client_fd 89
Outbound buffer overflow on client_fd 38
Outbound buffer overflow on client_fd 413
Outbound buffer overflow on client_fd 414
Outbound buffer overflow on client_fd 415
Outbound buffer overflow on client_fd 289
Outbound buffer overflow on client_fd 290
Outbound buffer overflow on client_fd 416
Outbound buffer overflow on client_fd 418
Outbound buffer overflow on client_fd 419
ith client_fd = 17
New client connected with client_fd = 133
New client connected with client_fd = 134
New client connected with client_fd = 136
New client connected with client_fd = 137
New client connected with client_fd = 138
New client connected with client_fd = 39
New client connected with client_fd = 122
New client connected with client_fd = 123
New client connected with client_fd = 170
New client connected with client_fd = 171
New client connected with client_fd = 172
New client connected with client_fd = 100
New client connected with client_fd = 101
New client connected with client_fd = 102
New client connected with client_fd = 124
New client connected with client_fd = 125
New client connected with client_fd = 173
New client connected with client_fd = 174
New client connected with client_fd = 53
New client connected with client_fd = 154
New client connected with client_fd = 155
New client connected with client_fd = 156
New client connected with client_fd = 157
New client connected with client_fd = 191
New client connected with client_fd = 192
New client connected with client_fd = 193
New client connected with client_fd = 12
New client connected with client_fd = 27
New client connected with client_fd = 54
New client connected with client_fd = 73
New client connected with client_fd = 74
New client connected with client_fd = 90
New client connected with client_fd = 91
New client connected with client_fd = 13
New client connected with client_fd = 20
New client connected with client_fd = 28
New client connected with client_fd = 66
New client connected with client_fd = 67
New client connected with client_fd = 81
New client connected with client_fd = 82
New client connected with client_fd = 103
New client connected with client_fd = 104
New client connected with client_fd = 44
New client connected with client_fd = 45
New client connected with client_fd = 68
New client connected with client_fd = 116
New client connected with client_fd = 117
New client connected with client_fd = 126
New client connected with client_fd = 36
New client connected with client_fd = 37
New client connected with client_fd = 56
New client connected with client_fd = 127
New client connected with client_fd = 128
New client connected with client_fd = 129
New client connected with client_fd = 130
New client connected with client_fd = 158
New client connected with client_fd = 159
New client connected with client_fd = 7
New client connected with client_fd = 21
New client connected with client_fd = 55
New client connected with client_fd = 83
New client connected with client_fd = 84
New client connected with client_fd = 131
New client connected with client_fd = 132
New client connected with client_fd = 22
New client connected with client_fd = 30
New client connected with client_fd = 35
New client connected with client_fd = 69
New client connected with client_fd = 6
New client connected with client_fd = 8
New client connected with client_fd = 29
New client connected with client_fd = 86
New client connected with client_fd = 105
New client connected with client_fd = 106
New client connected with client_fd = 107
New client connected with client_fd = 5
New client connected with client_fd = 46
New client connected with client_fd = 85
New client connected with client_fd = 88
New client connected with client_fd = 108
New client connected with client_fd = 160
New client connected with client_fd = 47
New client connected with client_fd = 48
New client connected with client_fd = 58
New client connected with client_fd = 161
New client connected with client_fd = 57
New client connected with client_fd = 70
New client connected with client_fd = 71
New client connected with client_fd = 87
New client connected with client_fd = 89
New client connected with client_fd = 162
New client connected with client_fd = 163
New client connected with client_fd = 38
New client connected with client_fd = 164
New client connected with client_fd = 165
New client connected with client_fd = 166
New client connected with client_fd = 194
New client connected with client_fd = 195
New client coOutbound buffer overflow on client_fd 420
Outbound buffer overflow on client_fd 421
Outbound buffer overflow on client_fd 422
Outbound buffer overflow on client_fd 423
Outbound buffer overflow on client_fd 424
Outbound buffer overflow on client_fd 425
Outbound buffer overflow on client_fd 510
Outbound buffer overflow on client_fd 304
Outbound buffer overflow on client_fd 306
Outbound buffer overflow on client_fd 513
Outbound buffer overflow on client_fd 178
Outbound buffer overflow on client_fd 179
Outbound buffer overflow on client_fd 180
Outbound buffer overflow on client_fd 181
Outbound buffer overflow on client_fd 113
Outbound buffer overflow on client_fd 114
Outbound buffer overflow on client_fd 115
Outbound buffer overflow on client_fd 182
Outbound buffer overflow on client_fd 183
Outbound buffer overflow on client_fd 491
Outbound buffer overflow on client_fd 534
Outbound buffer overflow on client_fd 144
Outbound buffer overflow on client_fd 77
Outbound buffer overflow on client_fd 78
Outbound buffer overflow on client_fd 227
Outbound buffer overflow on client_fd 228
Outbound buffer overflow on client_fd 229
Outbound buffer overflow on client_fd 467
Outbound buffer overflow on client_fd 276
Outbound buffer overflow on client_fd 277
Outbound buffer overflow on client_fd 167
Outbound buffer overflow on client_fd 152
Outbound buffer overflow on client_fd 153
Outbound buffer overflow on client_fd 240
Outbound buffer overflow on client_fd 241
Outbound buffer overflow on client_fd 242
Outbound buffer overflow on client_fd 273
Outbound buffer overflow on client_fd 9
Outbound buffer overflow on client_fd 26
Outbound buffer overflow on client_fd 19
Outbound buffer overflow on client_fd 148
Outbound buffer overflow on client_fd 149
nnected with client_fd = 196
New client connected with client_fd = 197
New client connected with client_fd = 198
New client connected with client_fd = 199
New client connected with client_fd = 200
New client connected with client_fd = 201
New client connected with client_fd = 202
New client connected with client_fd = 203
New client connected with client_fd = 204
New client connected with client_fd = 205
New client connected with client_fd = 206
New client connected with client_fd = 207
New client connected with client_fd = 208
New client connected with client_fd = 209
New client connected with client_fd = 210
New client connected with client_fd = 211
New client connected with client_fd = 212
New client connected with client_fd = 213
New client connected with client_fd = 214
New client connected with client_fd = 215
New client connected with client_fd = 113
New client connected with client_fd = 114
New client connected with client_fd = 115
New client connected with client_fd = 178
New client connected with client_fd = 179
New client connected with client_fd = 180
New client connected with client_fd = 77
New client connected with client_fd = 78
New client connected with client_fd = 144
New client connected with client_fd = 181
New client connected with client_fd = 182
New client connected with client_fd = 183
New client connected with client_fd = 216
New client connected with client_fd = 227
New client connected with client_fd = 228
New client connected with client_fd = 229
New client connected with client_fd = 238
New client connected with client_fd = 239
New client connected with client_fd = 167
New client connected with client_fd = 243
New client connected with client_fd = 244
New client connected with client_fd = 245
New client connected with client_fd = 246
New client connected with client_fd = 247
New client connected with client_fd = 248
New client connected with client_fd = 249
New client connected with client_fd = 250
New client connected with client_fd = 251
New client connected with client_fd = 252
New client connected with client_fd = 253
New client connected with client_fd = 152
New client connected with client_fd = 153
New client connected with client_fd = 240
New client connected with client_fd = 241
New client connected with client_fd = 242
New client connected with client_fd = 254
New client connected with client_fd = 255
New client connected with client_fd = 256
New client connected with client_fd = 257
New client connected with client_fd = 258
New client connected with client_fd = 259
New client connected with client_fd = 260
New client connected with client_fd = 261
New client connected with client_fd = 273
New client connected with client_fd = 276
New client connected with client_fd = 277
New client connected with client_fd = 289
New client connected with client_fd = 290
New client connected with client_fd = 291
New client connected with client_fd = 292
New client connected with client_fd = 293
New client connected with client_fd = 294
New client connected with client_fd = 295
New client connected with client_fd = 296
New client connected with client_fd = 302
New client connected with client_fd = 9
New client connected with client_fd = 26
New client connected with client_fd = 303
New client connected with client_fd = 304
New client connected with client_fd = 306
New client connected with client_fd = 310
New client connected with client_fd = 311
New client connected with client_fd = 312
New client connected with client_fd = 19
New client connected with client_fd = 313
New client connected with client_fd = 314
New client connected with client_fd = 315
New client connected with client_fd = 316
New client connected with client_fd = 317
New client connected with client_fd = 148
New client connected with client_fd = 149
New client connected with client_fd = 318
New client connected with client_fd = 319
New client connected with client_fd = 320
New client connected with client_fd = 321
New client connected with client_fd = 322
New client connected with client_fd = 323
New client connected with client_fd = 324Outbound buffer overflow on client_fd 267
Outbound buffer overflow on client_fd 269
Outbound buffer overflow on client_fd 270
Outbound buffer overflow on client_fd 271
Outbound buffer overflow on client_fd 272
Outbound buffer overflow on client_fd 75
Outbound buffer overflow on client_fd 93
Outbound buffer overflow on client_fd 297
Outbound buffer overflow on client_fd 300
Outbound buffer overflow on client_fd 301

New client connected with client_fd = 325
New client connected with client_fd = 326
New client connected with client_fd = 327
New client connected with client_fd = 328
New client connected with client_fd = 329
New client connected with client_fd = 330
New client connected with client_fd = 331
New client connected with client_fd = 332
New client connected with client_fd = 333
New client connected with client_fd = 334
New client connected with client_fd = 335
New client connected with client_fd = 336
New client connected with client_fd = 337
New client connected with client_fd = 338
New client connected with client_fd = 339
New client connected with client_fd = 267
New client connected with client_fd = 269
New client connected with client_fd = 270
New client connected with client_fd = 340
New client connected with client_fd = 341
New client connected with client_fd = 347
New client connected with client_fd = 348
New client connected with client_fd = 355
New client connected with client_fd = 356
New client connected with client_fd = 362
New client connected with client_fd = 363
New client connected with client_fd = 364
New client connected with client_fd = 365
New client connected with client_fd = 366
New client connected with client_fd = 367
New client connected with client_fd = 368
New client connected with client_fd = 369
New client connected with client_fd = 375
New client connected with client_fd = 376
New client connected with client_fd = 377
New client connected with client_fd = 378
New client connected with client_fd = 388
New client connected with client_fd = 389
New client connected with client_fd = 390
New client connected with client_fd = 391
New client connected with client_fd = 392
New client connected with client_fd = 393
New client connected with client_fd = 394
New client connected with client_fd = 271
New client connected with client_fd = 272
New client connected with client_fd = 395
New client connected with client_fd = 396
New client connected with client_fd = 397
New client connected with client_fd = 398
New client connected with client_fd = 399
New client connected with client_fd = 400
New client connected with client_fd = 401
New client connected with client_fd = 402
New client connected with client_fd = 403
New client connected with client_fd = 404
New client connected with client_fd = 405
New client connected with client_fd = 406
New client connected with client_fd = 407
New client connected with client_fd = 408
New client connected with client_fd = 409
New client connected with client_fd = 410
New client connected with client_fd = 411
New client connected with client_fd = 412
New client connected with client_fd = 413
New client connected with client_fd = 414
New client connected with client_fd = 415
New client connected with client_fd = 416
New client connected with client_fd = 418
New client connected with client_fd = 419
New client connected with client_fd = 420
New client connected with client_fd = 421
New client connected with client_fd = 422
New client connected with client_fd = 423
New client connected with client_fd = 424
New client connected with client_fd = 425
New client connected with client_fd = 426
New client connected with client_fd = 427
New client connected with client_fd = 75
New client connected with client_fd = 428
New client connected with client_fd = 429
New client connected with client_fd = 430
New client connected with client_fd = 431
New client connected with client_fd = 432
New client connected with client_fd = 433
New client connected with client_fd = 93
New client connected with client_fd = 434
New client connected with client_fd = 435
New client connected with client_fd = 436
New client connected with client_fd = 467
New client connected with client_fd = 491
New client connected with client_fd = 510
New client connected with client_fd = 513
New client connected with client_fd = 534
New client connected with client_fd = 297
New client connected with client_fd = 300
New client connected with client_fd = 301
New client connected with client_fd = 673
New client connected wiOutbound buffer overflow on client_fd 62
Outbound buffer overflow on client_fd 63
Outbound buffer overflow on client_fd 94
Outbound buffer overflow on client_fd 52
th client_fd = 674
New client connected with client_fd = 675
New client connected with client_fd = 676
New client connected with client_fd = 677
New client connected with client_fd = 678
New client connected with client_fd = 679
New client connected with client_fd = 680
New client connected with client_fd = 62
New client connected with client_fd = 63
New client connected with client_fd = 94
New client connected with client_fd = 681
New client connected with client_fd = 682
New client connected with client_fd = 683
New client connected with client_fd = 684
New client connected with client_fd = 685
New client connected with client_fd = 52
New client connected with client_fd = 686
New client connected with client_fd = 687
New client connected with client_fd = 688
New client connected with client_fd = 689
New client connected with client_fd = 690
New client connected with client_fd = 691
New client connected with client_fd = 692
New client connected with client_fd = 693
New client connected with client_fd = 694
New client connected with client_fd = 695
New client connected with client_fd = 696
New client connected with client_fd = 697
New client connected with client_fd = 698
New client connected with client_fd = 699
New client connected with client_fd = 700
New client connected with client_fd = 701
New client connected with client_fd = 702
New client connected with client_fd = 703
New client connected with client_fd = 704
New client connected with client_fd = 705
New client connected with client_fd = 706
New client connected with client_fd = 707
New client connected with client_fd = 708
New client connected with client_fd = 709
New client connected with client_fd = 710
New client connected with client_fd = 711
New client connected with client_fd = 712
New client connected with client_fd = 713
New client connected with client_fd = 714
New client connected with client_fd = 715
New client connected with client_fd = 716
New client connected with client_fd = 717
New client connected with client_fd = 718
New client connected with client_fd = 719
New client connected with client_fd = 720
New client connected with client_fd = 721
New client connected with client_fd = 722
New client connected with client_fd = 723
New client connected with client_fd = 724
New client connected with client_fd = 725
New client connected with client_fd = 726
New client connected with client_fd = 727
New client connected with client_fd = 728
New client connected with client_fd = 729
New client connected with client_fd = 730
New client connected with client_fd = 731
New client connected with client_fd = 732
New client connected with client_fd = 733
New client connected with client_fd = 734
New client connected with client_fd = 735
New client connected with client_fd = 736
New client connected with client_fd = 737
New client connected with client_fd = 738
New client connected with client_fd = 739
New client connected with client_fd = 740
New client connected with client_fd = 741
New client connected with client_fd = 742
New client connected with client_fd = 743
New client connected with client_fd = 744
New client connected with client_fd = 745
New client connected with client_fd = 746
New client connected with client_fd = 747
New client connected with client_fd = 748
New client connected with client_fd = 749
New client connected with client_fd = 750
New client connected with client_fd = 751
New client connected with client_fd = 752
New client connected with client_fd = 753
New client connected with client_fd = 754
New client connected with client_fd = 755
New client connected with client_fd = 756
New client connected with client_fd = 757
New client connected with client_fd = 758
New client connected with client_fd = 759
New client connected with client_fd = 760
New client connected with client_fd = 761
New client connected with client_fd = 762
New client connected with client_fd = 763
New client connected with client_fd = 764
New client connected with client_fd = 765
New client connected with client_fd = 766
New client connected with client_fd = 767
New cliOutbound buffer overflow on client_fd 342
Outbound buffer overflow on client_fd 343
Outbound buffer overflow on client_fd 344
Outbound buffer overflow on client_fd 346
Outbound buffer overflow on client_fd 288
Outbound buffer overflow on client_fd 49
Outbound buffer overflow on client_fd 50
ent connected with client_fd = 768
New client connected with client_fd = 769
New client connected with client_fd = 770
New client connected with client_fd = 771
New client connected with client_fd = 342
New client connected with client_fd = 343
New client connected with client_fd = 344
New client connected with client_fd = 346
New client connected with client_fd = 772
New client connected with client_fd = 773
New client connected with client_fd = 774
New client connected with client_fd = 775
New client connected with client_fd = 288
New client connected with client_fd = 776
New client connected with client_fd = 777
New client connected with client_fd = 778
New client connected with client_fd = 779
New client connected with client_fd = 780
New client connected with client_fd = 781
New client connected with client_fd = 782
New client connected with client_fd = 783
New client connected with client_fd = 784
New client connected with client_fd = 785
New client connected with client_fd = 786
New client connected with client_fd = 787
New client connected with client_fd = 788
New client connected with client_fd = 789
New client connected with client_fd = 790
New client connected with client_fd = 791
New client connected with client_fd = 792
New client connected with client_fd = 793
New client connected with client_fd = 794
New client connected with client_fd = 795
New client connected with client_fd = 796
New client connected with client_fd = 797
New client connected with client_fd = 798
New client connected with client_fd = 799
New client connected with client_fd = 800
New client connected with client_fd = 801
New client connected with client_fd = 802
New client connected with client_fd = 803
New client connected with client_fd = 804
New client connected with client_fd = 805
New client connected with client_fd = 806
New client connected with client_fd = 807
New client connected with client_fd = 808
New client connected with client_fd = 809
New client connected with client_fd = 810
New client connected with client_fd = 811
New client connected with client_fd = 812
New client connected with client_fd = 813
New client connected with client_fd = 814
New client connected with client_fd = 815
New client connected with client_fd = 816
New client connected with client_fd = 817
New client connected with client_fd = 818
New client connected with client_fd = 819
New client connected with client_fd = 820
New client connected with client_fd = 821
New client connected with client_fd = 822
New client connected with client_fd = 823
New client connected with client_fd = 824
New client connected with client_fd = 825
New client connected with client_fd = 826
New client connected with client_fd = 827
New client connected with client_fd = 828
New client connected with client_fd = 829
New client connected with client_fd = 830
New client connected with client_fd = 831
New client connected with client_fd = 832
New client connected with client_fd = 833
New client connected with client_fd = 49
New client connected with client_fd = 50
New client connected with client_fd = 834
New client connected with client_fd = 835
New client connected with client_fd = 836
New client connected with client_fd = 837
New client connected with client_fd = 838
New client connected with client_fd = 839
New client connected with client_fd = 840
New client connected with client_fd = 841
New client connected with client_fd = 842
New client connected with client_fd = 843
New client connected with client_fd = 844
New client connected with client_fd = 845
New client connected with client_fd = 846
New client connected with client_fd = 847
New client connected with client_fd = 848
New client connected with client_fd = 849
New client connected with client_fd = 850
New client connected with client_fd = 851
New client connected with client_fd = 852
New client connected with client_fd = 853
New client connected with client_fd = 854
New client connected with client_fd = 855
New client connected with client_fd = 856
New client connected with client_fd = 857
New client connected with client_fd = 858
New client connected with client_fd = 859
New client connected with client_fd = 860
New client connected with client_fd = 861
New client connected with client_fd = 862
New client connected with client_fd = 863
New client connected with client_fd = 864
New client connected with client_fd = 865
New client connected with client_fd = 866
New client connected with client_fd = 867
New client connected with client_fd = 868
New client connected with client_fd = 869
New client connected with client_fd = 870
New client connected with client_fd = 871
New client connected with client_fd = 872
New client connected with client_fd = 873
New client connected with client_fd = 874
New client connected with client_fd = 875
New client connected with client_fd = 876
New client connected with client_fd = 877
New client connected with client_fd = 878
New client connected with client_fd = 879
New client connected with client_fd = 880
New client connected with client_fd = 881
New client connected with client_fd = 882
New client connected with client_fd = 883
New client connected with client_fd = 884
New client connected with client_fd = 885
New client connected with client_fd = 886
New client connected with client_fd = 887
New client connected with client_fd = 888
New client connected with client_fd = 889
New client connected with client_fd = 890
New client connected with client_fd = 891
New client connected with client_fd = 892
New client connected with client_fd = 893
New client connected with client_fd = 894
New client connected with client_fd = 895
New client connected with client_fd = 896
New client connected with client_fd = 897
New client connected with client_fd = 898
New client connected with client_fd = 899
New client connected with client_fd = 900
New client connected with client_fd = 901
New client connected with client_fd = 902
New client connected with client_fd = 903
New client connected with client_fd = 904
New client connected with client_fd = 905
New client connected with client_fd = 906
New client connected with client_fd = 907
New client connected with client_fd = 908
New client connected with client_fd = 909
New client connected with client_fd = 910
New client connected with client_fd = 911
New client connected with client_fd = 912
New client connected with client_fd = 913
New client connected with client_fd = 914
New client connected with client_fd = 915
New client connected with client_fd = 916
New client connected with client_fd = 917
New client connected with client_fd = 918
New client connected with client_fd = 919
New client connected with client_fd = 920
New client connected with client_fd = 921
New client connected with client_fd = 922
New client connected with client_fd = 923
New client connected with client_fd = 924
New client connected with client_fd = 925
New client connected with client_fd = 926
New client connected with client_fd = 927
New client connected with client_fd = 928
New client connected with client_fd = 929
New client connected with client_fd = 930
New client connected with client_fd = 931
New client connected with client_fd = 932
New client connected with client_fd = 933
New client connected with client_fd = 934
New client connected with client_fd = 935
New client connected with client_fd = 936
New client connected with client_fd = 937
New client connected with client_fd = 938
New client connected with client_fd = 939
New client connected with client_fd = 940
New client connected with client_fd = 941
New client connected with client_fd = 942
New client connected with client_fd = 943
New client connected with client_fd = 944
New client connected with client_fd = 945
New client connected with client_fd = 946
New client connected with client_fd = 947
New client connected with client_fd = 948
New client connected with client_fd = 949
New client connected with client_fd = 950
New client connected with client_fd = 951
New client connected with client_fd = 952
New client connected with client_fd = 953
New client connected with client_fd = 954
New client connected with client_fd = 955
New client Outbound buffer overflow on client_fd 580
Outbound buffer overflow on client_fd 581
connected with client_fd = 956
New client connected with client_fd = 957
New client connected with client_fd = 958
New client connected with client_fd = 959
New client connected with client_fd = 960
New client connected with client_fd = 961
New client connected with client_fd = 962
New client connected with client_fd = 963
New client connected with client_fd = 964
New client connected with client_fd = 965
New client connected with client_fd = 966
New client connected with client_fd = 967
New client connected with client_fd = 968
New client connected with client_fd = 969
New client connected with client_fd = 970
New client connected with client_fd = 971
New client connected with client_fd = 972
New client connected with client_fd = 973
New client connected with client_fd = 974
New client connected with client_fd = 975
New client connected with client_fd = 976
New client connected with client_fd = 977
New client connected with client_fd = 978
New client connected with client_fd = 979
New client connected with client_fd = 580
New client connected with client_fd = 581
New client connected with client_fd = 980
New client connected with client_fd = 981
New client connected with client_fd = 982
New client connected with client_fd = 983
New client connected with client_fd = 984
New client connected with client_fd = 985
New client connected with client_fd = 986
New client connected with client_fd = 987
New client connected with client_fd = 988
New client connected with client_fd = 989
New client connected with client_fd = 990
New client connected with client_fd = 991
New client connected with client_fd = 992
New client connected with client_fd = 993
New client connected with client_fd = 994
New client connected with client_fd = 995
New client connected with client_fd = 996
New client connected with client_fd = 997
New client connected with client_fd = 998
New client connected with client_fd = 999
New client connected with client_fd = 1000
New client connected with client_fd = 1001
New client connected with client_fd = 1002
New client connected with client_fd = 1003
New client connected with client_fd = 1004
New client connected with client_fd = 1005
New client connected with client_fd = 1006
New client connected with client_fd = 1007
New client connected with client_fd = 1008
New client connected with client_fd = 1009
New client connected with client_fd = 1010
New client connected with client_fd = 1011
New client connected with client_fd = 1012
New client connected with client_fd = 1013
New client connected with client_fd = 1014
New client connected with client_fd = 1015
New client connected with client_fd = 1016
New client connected with client_fd = 1017
New client connected with client_fd = 1018
New client connected with client_fd = 1019
New client connected with client_fd = 1020
New client connected with client_fd = 1021
New client connected with client_fd = 1022
New client connected with client_fd = 1023
New client connected with client_fd = 1024
New client connected with client_fd = 1025
New client connected with client_fd = 1026
New client connected with client_fd = 1027
New client connected with client_fd = 1028
New client connected with client_fd = 1029
New client connected with client_fd = 1030
New client connected with client_fd = 1031
New client connected with client_fd = 1032
New client connected with client_fd = 1033
New client connected with client_fd = 1034
New client connected with client_fd = 1035
New client connected with client_fd = 1036
New client connected with client_fd = 1037
New client connected with client_fd = 1038
New client connected with client_fd = 1039
New client connected with client_fd = 1040
New client connected with client_fd = 1041
New client connected with client_fd = 1042
New client connected with client_fd = 1043
New client connected with client_fd = 1044
New client connected with client_fd = 1045
New client connected with client_fd = 1046
New client connected with client_fd = 1047
New client connected with client_fd = 1048
New client connected with client_fd = 1049
New client connected with client_fd = 1050
New client connected with client_fd = 1051
New client connected with client_fd = 1052
New client connected with client_fd = 1053
New client connected with client_fd = 1054
New client connected with client_fd = 1055
New client connected with client_fd = 1056
New client connected with client_fd = 1057
New client connected with client_fd = 1058
New client connected with client_fd = 1059
New client connected with client_fd = 1060
New client connected with client_fd = 1061
New client connected with client_fd = 1062
New client connected with client_fd = 1063
New client connected with client_fd = 1064
New client connected with client_fd = 1065
New client connected with client_fd = 1066
New client connected with client_fd = 1067
New client connected with client_fd = 1068
New client connected with client_fd = 1069
New client connected with client_fd = 1070
New client connected with client_fd = 1071
New client connected with client_fd = 1072
New client connected with client_fd = 1073
New client connected with client_fd = 1074
New client connected with client_fd = 1075
New client connected with client_fd = 1076
New client connected with client_fd = 1077
New client connected with client_fd = 1078
New client connected with client_fd = 1079
New client connected with client_fd = 1080
New client connected with client_fd = 1081
New client connected with client_fd = 1082
New client connected with client_fd = 1083
New client connected with client_fd = 1084
New client connected with client_fd = 1085
New client connected with client_fd = 1086
New client connected with client_fd = 1087
New client connected with client_fd = 1088
New client connected with client_fd = 1089
New client connected with client_fd = 1090
New client connected with client_fd = 1091
New client connected with client_fd = 1092
New client connected with client_fd = 1093
New client connected with client_fd = 1094
New client connected with client_fd = 1095
New client connected with client_fd = 1096
New client connected with client_fd = 1097
New client connected with client_fd = 1098
New client connected with client_fd = 1099
New client connected with client_fd = 1100
New client connected with client_fd = 1101
New client connected with client_fd = 1102
New client connected with client_fd = 1103
New client connected with client_fd = 1104
New client connected with client_fd = 1105
New client connected with client_fd = 1106
New client connected with client_fd = 1107
New client connected with client_fd = 1108
New client connected with client_fd = 1109
New client connected with client_fd = 1110
New client connected with client_fd = 1111
New client connected with client_fd = 1112
New client connected with client_fd = 1113
New client connected with client_fd = 1114
New client connected with client_fd = 1115
New client connected with client_fd = 1116
New client connected with client_fd = 1117
New client connected with client_fd = 1118
New client connected with client_fd = 1119
New client connected with client_fd = 1120
New client connected with client_fd = 1121
New client connected with client_fd = 1122
New client connected with client_fd = 1123
New client connected with client_fd = 1124
New client connected with client_fd = 1125
New client connected with client_fd = 1126
New client connected with client_fd = 1127
New client connected with client_fd = 1128
New client connected with client_fd = 1129
New client connected with client_fd = 1130
New client connected with client_fd = 1131
New client connected with client_fd = 1132
New client connected with client_fd = 1133
New client connected with client_fd = 1134
New client connected with client_fd = 1135
New client connected with client_fd = 1136
New client connected with client_fd = 1137
New client connected with client_fd = 1138
New client connected with client_fd = 1139
New client connected with client_fd = 1140
New client connected with client_fd = 1141
New client connected with client_fd = 1142
New client connected with client_fd = 1143
New client connected with client_fd = 1144
New client connected with client_fd = 1145
New client connected with client_fd = 1146
New client connected with client_fd = 1147
New client connected with client_fd = 1148
New client connected with client_fd = 1149
New client connected with client_fd = 1150
New client connected with client_fd = 1151
New client connected with client_fd = 1152
New client connected with client_fd = 1153
New client connected with client_fd = 1154
New client connected with client_fd = 1155
New client connected with client_fd = 1156
New client connected with client_fd = 1157
New client connected with client_fd = 1158
New client connected with client_fd = 1159
New client connected with client_fd = 1160
New client connected with client_fd = 1161
New client connected with client_fd = 1162
New client connected with client_fd = 1163
New client connected with client_fd = 1164
New client connected with client_fd = 1165
New client connected with client_fd = 1166
New client connected with client_fd = 1167
New client connected with client_fd = 1168
New client connected with client_fd = 1169
New client connected with client_fd = 1170
New client connected with client_fd = 1171
New client connected with client_fd = 1172
New client connected with client_fd = 1173
New client connected with client_fd = 1174
New client connected with client_fd = 1175
New client connected with client_fd = 1176
New client connected with client_fd = 1177
New client connected with client_fd = 1178
New client connected with client_fd = 1179
New client connected with client_fd = 1180
New client connected with client_fd = 1181
New client connected with client_fd = 1182
New client connected with client_fd = 1183
New client connected with client_fd = 1184
New client connected with client_fd = 1185
New client connected with client_fd = 1186
New client connected with client_fd = 1187
New client connected with client_fd = 1188
New client connected with client_fd = 1189
New client connected with client_fd = 1190
New client connected with client_fd = 1191
New client connected with client_fd = 1192
New client connected with client_fd = 1193
New client connected with client_fd = 1194
New client connected with client_fd = 1195
New client connected with client_fd = 1196
New client connected with client_fd = 1197
New client connected with client_fd = 1198
New client connected with client_fd = 1199
New client connected with client_fd = 1200
New client connected with client_fd = 1201
New client connected with client_fd = 1202
New client connected with client_fd = 1203
New client connected with client_fd = 1204
New client connected with client_fd = 1205
New client connected with client_fd = 1206
New client connected with client_fd = 1207
New client connected with client_fd = 1208
New client connected with client_fd = 1209
New client connected with client_fd = 1210
New client connected with client_fd = 1211
New client connected with client_fd = 1212
New client connected with client_fd = 1213
New client connected with client_fd = 1214
New client connected with client_fd = 1215
New client connected with client_fd = 1216
New client connected with client_fd = 1217
New client connected with client_fd = 1218
New client connected with client_fd = 1219
New client connected with client_fd = 1220
New client connected with client_fd = 1221
New client connected with client_fd = 1222
New client connected with client_fd = 1223
New client connected with client_fd = 1224
New client connected with client_fd = 1225
New client connected with client_fd = 1226
New client connected with client_fd = 1227
New client connected with client_fd = 1228
New client connected with client_fd = 1229
New client connected with client_fd = 1230
New client connected with client_fd = 1231
New client connected with client_fd = 1232
New client connected with client_fd = 1233
New client connected with client_fd = 1234
New client connected with client_fd = 1235
New client connected with client_fd = 1236
New client connected with client_fd = 1237
New client connected with client_fd = 1238
New client connected with client_fd = 1239
New client connected with client_fd = 1240
New client connected with client_fd = 1241
New client connected with client_fd = 1242
New client connected with client_fd = 1243
New client connected with client_fd = 1244
New client connected with client_fd = 1245
New client connected with client_fd = 1246
New client connected with client_fd = 1247
New client connected with client_fd = 1248
New client connected with client_fd = 1249
New client connected with client_fd = 1250
New client connected with client_fd = 1251
New client connected with client_fd = 1252
New client connected with client_fd = 1253
New client connected with client_fd = 1254
New client connected with client_fd = 1255
New client connected with client_fd = 1256
New client connected with client_fd = 1257
New client connected with client_fd = 1258
New client connected with client_fd = 1259
New client connected with client_fd = 1260
New client connected with client_fd = 1261
New client connected with client_fd = 1262
New client connected with client_fd = 1263
New client connected with client_fd = 1264
New client connected with client_fd = 1265
New client connected with client_fd = 1266
New client connected with client_fd = 1267
New client connected with client_fd = 1268
New client connected with client_fd = 1269
New client connected with client_fd = 1270
New client connected with client_fd = 1271
New client connected with client_fd = 1272
New client connected with client_fd = 1273
New client connected with client_fd = 1274
New client connected with client_fd = 1275
New client connected with client_fd = 1276
New client connected with client_fd = 1277
New client connected with client_fd = 1278
New client connected with client_fd = 1279
New client connected with client_fd = 1280
New client connected with client_fd = 1281
New client connected with client_fd = 1282
New client connected with client_fd = 1283
New client connected with client_fd = 1284
New client connected with client_fd = 1285
New client connected with client_fd = 1286
New client connected with client_fd = 1287
New client connected with client_fd = 1288
New client connected with client_fd = 1289
New client connected with client_fd = 1290
New client connected with client_fd = 1291
New client connected with client_fd = 1292
New client connected with client_fd = 1293
New client connected with client_fd = 1294
New client connected with client_fd = 1295
New client connected with client_fd = 1296
New client connected with client_fd = 1297
New client connected with client_fd = 1298
New client connected with client_fd = 1299
New client connected with client_fd = 1300
New client connected with client_fd = 1301
New client connected with client_fd = 1302
New client connected with client_fd = 1303
New client connected with client_fd = 1304
New client connected with client_fd = 1305
New client connected with client_fd = 1306
New client connected with client_fd = 1307
New client connected with client_fd = 1308
New client connected with client_fd = 1309
New client connected with client_fd = 1310
New client connected with client_fd = 1311
New client connected with client_fd = 1312
New client connected with client_fd = 1313
New client connected with client_fd = 1314
New client connected with client_fd = 1315
New client connected with client_fd = 1316
New client connected with client_fd = 1317
New client connected with client_fd = 1318
New client connected with client_fd = 1319
New client connected with client_fd = 1320
New client connected with client_fd = 1321
New client connected with client_fd = 1322
New client connected with client_fd = 1323
New client connected with client_fd = 1324
New client connected with client_fd = 1325
New client connected with client_fd = 1326
New client connected with client_fd = 1327
New client connected with client_fd = 1328
New client connected with client_fd = 1329
New client connected with client_fd = 1330
New client connected with client_fd = 1331
New client connected with client_fd = 1332
New client connected with client_fd = 1333
New client connected with client_fd = 1334
New client connected with client_fd = 1335
New client connected with client_fd = 1336
New client connected with client_fd = 1337
New client connected with client_fd = 1338
New client connected with client_fd = 1339
New client connected with client_fd = 1340
New client connected with client_fd = 1341
New client connected with client_fd = 1342
New client connected with client_fd = 1343
New client connected with client_fd = 1344
New client connected with client_fd = 1345
New client connected with client_fd = 1346
New client connected with client_fd = 1347
New client connected with client_fd = 1348
New client connected with client_fd = 1349
New client connected with client_fd = 1350
New client connected with client_fd = 1351
New client connected with client_fd = 1352
New client connected with client_fd = 1353
New client connected with client_fd = 1354
New client connected with client_fd = 1355
New client connected with client_fd = 1356
New client connected with client_fd = 1357
New client connected with client_fd = 1358
New client connected with client_fd = 1359
New client connected with client_fd = 1360
New client connected with client_fd = 1361
New client connected with client_fd = 1362
New client connected with client_fd = 1363
New client connected with client_fd = 1364
New client connected with client_fd = 1365
New client connected with client_fd = 1366
New client connected with client_fd = 1367
New client connected with client_fd = 1368
New client connected with client_fd = 1369
New client connected with client_fd = 1370
New client connected with client_fd = 1371
New client connected with client_fd = 1372
New client connected with client_fd = 1373
New client connected with client_fd = 1374
New client connected with client_fd = 1375
New client connected with client_fd = 1376
New client connected with client_fd = 1377
New client connected with client_fd = 1378
New client connected with client_fd = 1379
New client connected with client_fd = 1380
New client connected with client_fd = 1381
New client connected with client_fd = 1382
New client connected with client_fd = 1383
New client connected with client_fd = 1384
New client connected with client_fd = 1385
New client connected with client_fd = 1386
New client connected with client_fd = 1387
New client connected with client_fd = 1388
New client connected with client_fd = 1389
New client connected with client_fd = 1390
New client connected with client_fd = 1391
New client connected with client_fd = 1392
New client connected with client_fd = 1393
New client connected with client_fd = 1394
New client connected with client_fd = 1395
New client connected with client_fd = 1396
New client connected with client_fd = 1397
New client connected with client_fd = 1398
New client connected with client_fd = 1399
New client connected with client_fd = 1400
New client connected with client_fd = 1401
New client connected with client_fd = 1402
New client connected with client_fd = 1403
New client connected with client_fd = 1404
New client connected with client_fd = 1405
New client connected with client_fd = 1406
New client connected with client_fd = 1407
New client connected with client_fd = 1408
New client connected with client_fd = 1409
New client connected with client_fd = 1410
New client connected with client_fd = 1411
New client connected with client_fd = 1412
New client connected with client_fd = 1413
New client connected with client_fd = 1414
New client connected with client_fd = 1415
New client connected with client_fd = 1416
New client connected with client_fd = 1417
New client connected with client_fd = 1418
New client connected with client_fd = 1419
New client connected with client_fd = 1420
New client connected with client_fd = 1421
New client connected with client_fd = 1422
New client connected with client_fd = 1423
New client connected with client_fd = 1424
New client connected with client_fd = 1425
New client connected with client_fd = 1426
New client connected with client_fd = 1427
New client connected with client_fd = 1428
New client connected with client_fd = 1429
New client connected with client_fd = 1430
New client connected with client_fd = 1431
New client connected with client_fd = 1432
New client connected with client_fd = 1433
New client connected with client_fd = 1434
New client connected with client_fd = 1435
New client connected with client_fd = 1436
New client connected with client_fd = 1437
New client connected with client_fd = 1438
New client connected with client_fd = 1439
New client connected with client_fd = 1440
New client connected with client_fd = 1441
New client connected with client_fd = 1442
New client connected with client_fd = 1443
New client connected with client_fd = 1444
New client connected with client_fd = 1445
New client connected with client_fd = 1446
New client connected with client_fd = 1447
New client connected with client_fd = 1448
New client connected with client_fd = 1449
New client connected with client_fd = 1450
New client connected with client_fd = 1451
New client connected with client_fd = 1452
New client connected with client_fd = 1453
New client connected with client_fd = 1454
New client connected with client_fd = 1455
New client connected with client_fd = 1456
New client connected with client_fd = 1457
New client connected with client_fd = 1458
New client connected with client_fd = 1459
New client connected with client_fd = 1460
New client connected with client_fd = 1461
New client connected with client_fd = 1462
New client connected with client_fd = 1463
New client connected with client_fd = 1464
New client connected with client_fd = 1465
New client connected with client_fd = 1466
New client connected with client_fd = 1467
New client connected with client_fd = 1468
New client connected with client_fd = 1469
New client connected with client_fd = 1470
New client connected with client_fd = 1471
New client connected with client_fd = 1472
New client connected with client_fd = 1473
New client connected with client_fd = 1474
New client connected with client_fd = 1475
New client connected with client_fd = 1476
New client connected with client_fd = 1477
New client connected with client_fd = 1478
New client connected with client_fd = 1479
New client connected with client_fd = 1480
New client connected with client_fd = 1481
New client connected with client_fd = 1482
New client connected with client_fd = 1483
New client connected with client_fd = 1484
New client connected with client_fd = 1485
New client connected with client_fd = 1486
New client connected with client_fd = 1487
New client connected with client_fd = 1488
New client connected with client_fd = 1489
New client connected with client_fd = 1490
New client connected with client_fd = 1491
New client connected with client_fd = 1492
New client connected with client_fd = 1493
New client connected with client_fd = 1494
New client connected with client_fd = 1495
New client connected with client_fd = 1496
New client connected with client_fd = 1497
New client connected with client_fd = 1498
New client connected with client_fd = 1499
New client connected with client_fd = 1500
New client connected with client_fd = 1501
New client connected with client_fd = 1502
New client connected with client_fd = 1503
New client connected with client_fd = 1504
New client connected with client_fd = 1505
New client connected with client_fd = 1506
New client connected with client_fd = 1507
New client connected with client_fd = 1508
New client connected with client_fd = 1509
New client connected with client_fd = 1510
New client connected with client_fd = 1511
New client connected with client_fd = 1512
New client connected with client_fd = 1513
New client connected with client_fd = 1514
New client connected with client_fd = 1515
New client connected with client_fd = 1516
New client connected with client_fd = 1517
New client connected with client_fd = 1518
New client connected with client_fd = 1519
New client connected with client_fd = 1520
New client connected with client_fd = 1521
New client connected with client_fd = 1522
New client connected with client_fd = 1523
New client connected with client_fd = 1524
New client connected with client_fd = 1525
New client connected with client_fd = 1526
New client connected with client_fd = 1527
New client connected with client_fd = 1528
New client connected with client_fd = 1529
New client connected with client_fd = 1530
New client connected with client_fd = 1531
New client connected with client_fd = 1532
New client connected with client_fd = 1533
New client connected with client_fd = 1534
New client connected with client_fd = 1535
New client connected with client_fd = 1536
New client connected with client_fd = 1537
New client connected with client_fd = 1538
New client connected with client_fd = 1539
New client connected with client_fd = 1540
New client connected with client_fd = 1541
New client connected with client_fd = 1542
New client connected with client_fd = 1543
New client connected with client_fd = 1544
New client connected with client_fd = 1545
New client connected with client_fd = 1546
New client connected with client_fd = 1547
New client connected with client_fd = 1548
New client connected with client_fd = 1549
New client connected with client_fd = 1550
New client connected with client_fd = 1551
New client connected with client_fd = 1552
New client connected with client_fd = 1553
New client connected with client_fd = 1554
New client connected with client_fd = 1555
New client connected with client_fd = 1556
New client connected with client_fd = 1557
New client connected with client_fd = 1558
New client connected with client_fd = 1559
New client connected with client_fd = 1560
New client connected with client_fd = 1561
New client connected with client_fd = 1562
New client connected with client_fd = 1563
New client connected with client_fd = 1564
New client connected with client_fd = 1565
New client connected with client_fd = 1566
New client connected with client_fd = 1567
New client connected with client_fd = 1568
New client connected with client_fd = 1569
New client connected with client_fd = 1570
New client connected with client_fd = 1571
New client connected with client_fd = 1572
New client connected with client_fd = 1573
New client connected with client_fd = 1574
New client connected with client_fd = 1575
New client connected with client_fd = 1576
New client connected with client_fd = 1577
New client connected with client_fd = 1578
New client connected with client_fd = 1579
New client connected with client_fd = 1580
New client connected with client_fd = 1581
New client connected with client_fd = 1582
New client connected with client_fd = 1583
New client connected with client_fd = 1584
New client connected with client_fd = 1585
New client connected with client_fd = 1586
New client connected with client_fd = 1587
New client connected with client_fd = 1588
New client connected with client_fd = 1589
New client connected with client_fd = 1590
New client connected with client_fd = 1591
New client connected with client_fd = 1592
New client connected with client_fd = 1593
New client connected with client_fd = 1594
New client connected with client_fd = 1595
New client connected with client_fd = 1596
New client connected with client_fd = 1597
New client connected with client_fd = 1598
New client connected with client_fd = 1599
New client connected with client_fd = 1600
New client connected with client_fd = 1601
New client connected with client_fd = 1602
New client connected with client_fd = 1603
New client connected with client_fd = 1604
New client connected with client_fd = 1605
New client connected with client_fd = 1606
New client connected with client_fd = 1607
New client connected with client_fd = 1608
New client connected with client_fd = 1609
New client connected with client_fd = 1610
New client connected with client_fd = 1611
New client connected with client_fd = 1612
New client connected with client_fd = 1613
New client connected with client_fd = 1614
New client connected with client_fd = 1615
New client connected with client_fd = 1616
New client connected with client_fd = 1617
New client connected with client_fd = 1618
New client connected with client_fd = 1619
New client connected with client_fd = 1620
New client connected with client_fd = 1621
New client connected with client_fd = 1622
New client connected with client_fd = 1623
New client connected with client_fd = 1624
New client connected with client_fd = 1625
New client connected with client_fd = 1626
New client connected with client_fd = 1627
New client connected with client_fd = 1628
New client connected with client_fd = 1629
New client connected with client_fd = 1630
New client connected with client_fd = 1631
New client connected with client_fd = 1632
New client connected with client_fd = 1633
New client connected with client_fd = 1634
New client connected with client_fd = 1635
New client connected with client_fd = 1636
New client connected with client_fd = 1637
New client connected with client_fd = 1638
New client connected with client_fd = 1639
New client connected with client_fd = 1640
New client connected with client_fd = 1641
New client connected with client_fd = 1642
New client connected with client_fd = 1643
New client connected with client_fd = 1644
New client connected with client_fd = 1645
New client connected with client_fd = 1646
New client connected with client_fd = 1647
New client connected with client_fd = 1648
New client connected with client_fd = 1649
New client connected with client_fd = 1650
New client connected with client_fd = 1651
New client connected with client_fd = 1652
New client connected with client_fd = 1653
New client connected with client_fd = 1654
New client connected with client_fd = 1655
New client connected with client_fd = 1656
New client connected with client_fd = 1657
New client connected with client_fd = 1658
New client connected with client_fd = 1659
New client connected with client_fd = 1660
New client connected with client_fd = 1661
New client connected with client_fd = 1662
New client connected with client_fd = 1663
New client connected with client_fd = 1664
New client connected with client_fd = 1665
New client connected with client_fd = 1666
New client connected with client_fd = 1667
New client connected with client_fd = 1668
New client connected with client_fd = 1669
New client connected with client_fd = 1670
New client connected with client_fd = 1671
New client connected with client_fd = 1672
New client connected with client_fd = 1673
New client connected with client_fd = 1674
New client connected with client_fd = 1675
New client connected with client_fd = 1676
New client connected with client_fd = 1677
New client connected with client_fd = 1678
New client connected with client_fd = 1679
New client connected with client_fd = 1680
New client connected with client_fd = 1681
New client connected with client_fd = 1682
New client connected with client_fd = 1683
New client connected with client_fd = 1684
New client connected with client_fd = 1685
New client connected with client_fd = 1686
New client connected with client_fd = 1687
New client connected with client_fd = 1688
New client connected with client_fd = 1689
New client connected with client_fd = 1690
New client connected with client_fd = 1691
New client connected with client_fd = 1692
New client connected with client_fd = 1693
New client connected with client_fd = 1694
New client connected with client_fd = 1695
New client connected with client_fd = 1696
New client connected with client_fd = 1697
New client connected with client_fd = 1698
New client connected with client_fd = 1699
New client connected with client_fd = 1700
New client connected with client_fd = 1701
New client connected with client_fd = 1702
New client connected with client_fd = 1703
New client connected with client_fd = 1704
New client connected with client_fd = 1705
New client connected with client_fd = 1706
New client connected with client_fd = 1707
New client connected with client_fd = 1708
New client connected with client_fd = 1709
New client connected with client_fd = 1710
New client connected with client_fd = 1711
New client connected with client_fd = 1712
New client connected with client_fd = 1713
New client connected with client_fd = 1714
New client connected with client_fd = 1715
New client connected with client_fd = 1716
New client connected with client_fd = 1717
New client connected with client_fd = 1718
New client connected with client_fd = 1719
New client connected with client_fd = 1720
New client connected with client_fd = 1721
New client connected with client_fd = 1722
New client connected with client_fd = 1723
New client connected with client_fd = 1724
New client connected with client_fd = 1725
New client connected with client_fd = 1726
New client connected with client_fd = 1727
New client connected with client_fd = 1728
New client connected with client_fd = 1729
New client connected with client_fd = 1730
New client connected with client_fd = 1731
New client connected with client_fd = 1732
New client connected with client_fd = 1733
New client connected with client_fd = 1734
New client connected with client_fd = 1735
New client connected with client_fd = 1736
New client connected with client_fd = 1737
New client connected with client_fd = 1738
New client connected with client_fd = 1739
New client connected with client_fd = 1740
New client connected with client_fd = 1741
New client connected with client_fd = 1742
New client connected with client_fd = 1743
New client connected with client_fd = 1744
New client connected with client_fd = 1745
New client connected with client_fd = 1746
New client connected with client_fd = 1747
New client connected with client_fd = 1748
New client connected with client_fd = 1749
New client connected with client_fd = 1750
New client connected with client_fd = 1751
New client connected with client_fd = 1752
New client connected with client_fd = 1753
New client connected with client_fd = 1754
New client connected with client_fd = 1755
New client connected with client_fd = 1756
New client connected with client_fd = 1757
New client connected with client_fd = 1758
New client connected with client_fd = 1759
New client connected with client_fd = 1760
New client connected with client_fd = 1761
New client connected with client_fd = 1762
New client connected with client_fd = 1763
New client connected with client_fd = 1764
New client connected with client_fd = 1765
New client connected with client_fd = 1766
New client connected with client_fd = 1767
New client connected with client_fd = 1768
New client connected with client_fd = 1769
New client connected with client_fd = 1770
New client connected with client_fd = 1771
New client connected with client_fd = 1772
New client connected with client_fd = 1773
New client connected with client_fd = 1774
New client connected with client_fd = 1775
New client connected with client_fd = 1776
New client connected with client_fd = 1777
New client connected with client_fd = 1778
New client connected with client_fd = 1779
New client connected with client_fd = 1780
New client connected with client_fd = 1781
New client connected with client_fd = 1782
New client connected with client_fd = 1783
New client connected with client_fd = 1784
New client connected with client_fd = 1785
New client connected with client_fd = 1786
New client connected with client_fd = 1787
New client connected with client_fd = 1788
New client connected with client_fd = 1789
New client connected with client_fd = 1790
New client connected with client_fd = 1791
New client connected with client_fd = 1792
New client connected with client_fd = 1793
New client connected with client_fd = 1794
New client connected with client_fd = 1795
New client connected with client_fd = 1796
New client connected with client_fd = 1797
New client connected with client_fd = 1798
New client connected with client_fd = 1799
New client connected with client_fd = 1800
New client connected with client_fd = 1801
New client connected with client_fd = 1802
New client connected with client_fd = 1803
New client connected with client_fd = 1804
New client connected with client_fd = 1805
New client connected with client_fd = 1806
New client connected with client_fd = 1807
New client connected with client_fd = 1808
New client connected with client_fd = 1809
New client connected with client_fd = 1810
New client connected with client_fd = 1811
New client connected with client_fd = 1812
New client connected with client_fd = 1813
New client connected with client_fd = 1814
New client connected with client_fd = 1815
New client connected with client_fd = 1816
New client connected with client_fd = 1817
New client connected with client_fd = 1818
New client connected with client_fd = 1819
New client connected with client_fd = 1820
New client connected with client_fd = 1821
New client connected with client_fd = 1822
New client connected with client_fd = 1823
New client connected with client_fd = 1824
New client connected with client_fd = 1825
New client connected with client_fd = 1826
New client connected with client_fd = 1827
New client connected with client_fd = 1828
New client connected with client_fd = 1829
New client connected with client_fd = 1830
New client connected with client_fd = 1831
New client connected with client_fd = 1832
New client connected with client_fd = 1833
New client connected with client_fd = 1834
New client connected with client_fd = 1835
New client connected with client_fd = 1836
New client connected with client_fd = 1837
New client connected with client_fd = 1838
New client connected with client_fd = 1839
New client connected with client_fd = 1840
New client connected with client_fd = 1841
New client connected with client_fd = 1842
New client connected with client_fd = 1843
New client connected with client_fd = 1844
New client connected with client_fd = 1845
New client connected with client_fd = 1846
New client connected with client_fd = 1847
New client connected with client_fd = 1848
New client connected with client_fd = 1849
New client connected with client_fd = 1850
New client connected with client_fd = 1851
New client connected with client_fd = 1852
New client connected with client_fd = 1853
New client connected with client_fd = 1854
New client connected with client_fd = 1855
New client connected with client_fd = 1856
New client connected with client_fd = 1857
New client connected with client_fd = 1858
New client connected with client_fd = 1859
New client connected with client_fd = 1860
New client connected with client_fd = 1861
New client connected with client_fd = 1862
New client connected with client_fd = 1863
New client connected with client_fd = 1864
New client connected with client_fd = 1865
New client connected with client_fd = 1866
New client connected with client_fd = 1867
New client connected with client_fd = 1868
New client connected with client_fd = 1869
New client connected with client_fd = 1870
New client connected with client_fd = 1871
New client connected with client_fd = 1872
New client connected with client_fd = 1873
New client connected with client_fd = 1874
New client connected with client_fd = 1875
New client connected with client_fd = 1876
New client connected with client_fd = 1877
New client connected with client_fd = 1878
New client connected with client_fd = 1879
New client connected with client_fd = 1880
New client connected with client_fd = 1881
New client connected with client_fd = 1882
New client connected with client_fd = 1883
New client connected with client_fd = 1884
New client connected with client_fd = 1885
New client connected with client_fd = 1886
New client connected with client_fd = 1887
New client connected with client_fd = 1888
New client connected with client_fd = 1889
New client connected with client_fd = 1890
New client connected with client_fd = 1891
New client connected with client_fd = 1892
New client connected with client_fd = 1893
New client connected with client_fd = 1894
New client connected with client_fd = 1895
New client connected with client_fd = 1896
New client connected with client_fd = 1897
New client connected with client_fd = 1898
New client connected with client_fd = 1899
New client connected with client_fd = 1900
New client connected with client_fd = 1901
New client connected with client_fd = 1902
New client connected with client_fd = 1903
New client connected with client_fd = 1904
New client connected with client_fd = 1905
New client connected with client_fd = 1906
New client connected with client_fd = 1907
New client connected with client_fd = 1908
New client connected with client_fd = 1909
New client connected with client_fd = 1910
New client connected with client_fd = 1911
New client connected with client_fd = 1912
New client connected with client_fd = 1913
New client connected with client_fd = 1914
New client connected with client_fd = 1915
New client connected with client_fd = 1916
New client connected with client_fd = 1917
New client connected with client_fd = 1918
New client connected with client_fd = 1919
New client connected with client_fd = 1920
New client connected with client_fd = 1921
New client connected with client_fd = 1922
New client connected with client_fd = 1923
New client connected with client_fd = 1924
New client connected with client_fd = 1925
New client connected with client_fd = 1926
New client connected with client_fd = 1927
New client connected with client_fd = 1928
New client connected with client_fd = 1929
New client connected with client_fd = 1930
New client connected with client_fd = 1931
New client connected with client_fd = 1932
New client connected with client_fd = 1933
New client connected with client_fd = 1934
New client connected with client_fd = 1935
New client connected with client_fd = 1936
New client connected with client_fd = 1937
New client connected with client_fd = 1938
New client connected with client_fd = 1939
New client connected with client_fd = 1940
New client connected with client_fd = 1941
New client connected with client_fd = 1942
New client connected with client_fd = 1943
New client connected with client_fd = 1944
New client connected with client_fd = 1945
New client connected with client_fd = 1946
New client connected with client_fd = 1947
New client connected with client_fd = 1948
New client connected with client_fd = 1949
New client connected with client_fd = 1950
New client connected with client_fd = 1951
New client connected with client_fd = 1952
New client connected with client_fd = 1953
New client connected with client_fd = 1954
New client connected with client_fd = 1955
New client connected with client_fd = 1956
New client connected with client_fd = 1957
New client connected with client_fd = 1958
New client connected with client_fd = 1959
New client connected with client_fd = 1960
New client connected with client_fd = 1961
New client connected with client_fd = 1962
New client connected with client_fd = 1963
New client connected with client_fd = 1964
New client connected with client_fd = 1965
New client connected with client_fd = 1966
New client connected with client_fd = 1967
New client connected with client_fd = 1968
New client connected with client_fd = 1969
New client connected with client_fd = 1970
New client connected with client_fd = 1971
New client connected with client_fd = 1972
New client connected with client_fd = 1973
New client connected with client_fd = 1974
New client connected with client_fd = 1975
New client connected with client_fd = 1976
New client connected with client_fd = 1977
New client connected with client_fd = 1978
New client connected with client_fd = 1979
New client connected with client_fd = 1980
New client connected with client_fd = 1981
New client connected with client_fd = 1982
New client connected with client_fd = 1983
New client connected with client_fd = 1984
New client connected with client_fd = 1985
New client connected with client_fd = 1986
New client connected with client_fd = 1987
New client connected with client_fd = 1988
New client connected with client_fd = 1989
New client connected with client_fd = 1990
New client connected with client_fd = 1991
New client connected with client_fd = 1992
New client connected with client_fd = 1993
New client connected with client_fd = 1994
New client connected with client_fd = 1995
New client connected with client_fd = 1996
New client connected with client_fd = 1997
New client connected with client_fd = 1998
New client connected with client_fd = 1999
New client connected with client_fd = 2000
New client connected with client_fd = 2001
New client connected with client_fd = 2002
New clsend failed: Connection reset by peer
send failed: Connection reset by peer
send failed: Connection reset by peer
send failed: Connection reset by peer
send failed: Connection reset by peer
send failed: Connection reset by peer
send failed: Connection reset by peer
send failed: Connection reset by peer
send failed: Connection reset by peer
send failed: Connection reset by peer
send failed: Connection reset by peer
send failed: Connection reset by peer
send failed: Connection reset by peer
send failed: Connection reset by peer
send failed: Connection reset by peer
send failed: Connection reset by peer
send failed: Connection reset by peer
send failed: Connection reset by peer
send failed: Connection reset by peer
send failed: Connection reset by peer
send failed: Connection reset by peer
send failed: Connection reset by peer
send failed: Connection reset by peer
send failed: Connection reset by peer
send failed: Connection reset by peer
send failed: Connection reset by peer
send failed: Connection reset by peer
send failed: Connection reset by peer
send failed: Connection reset by peer
send failed: Connection reset by peer
send failed: Connection reset by peer
send failed: Connection reset by peer
send failed: Connection reset by peer
send failed: Connection reset by peer
send failed: Connection reset by peer
send failed: Connection reset by peer
send failed: Connection reset by peer
send failed: Connection reset by peer
send failed: Connection reset by peer
send failed: Connection reset by peer
send failed: Connection reset by peer
send failed: Connection reset by peer
send failed: Connection reset by peer
send failed: Connection reset by peer
send failed: Connection reset by peer
send failed: Connection reset by peer
send failed: Connection reset by peer
send failed: Connection reset by peer
send failed: Connection reset by peer
send failed: Connection reset by peer
send failed: Connection reset by peer
send failed: Connection reset by peer
send failed: Connection reset by peer
send failed: Connection reset by peer
send failed: Connection reset by peer
send failed: Connection reset by peer
send failed: Connection reset by peer
send failed: Connection reset by peer
send failed: Connection reset by peer
send failed: Connection reset by peer
send failed: Connection reset by peer
send failed: Connection reset by peer
send failed: Connection reset by peer
send failed: Connection reset by peer
send failed: Connection reset by peer
send failed: Connection reset by peer
send failed: Connection reset by peer
send failed: Connection reset by peer
send failed: Connection reset by peer
send failed: Connection reset by peer
send failed: Connection reset by peer
send failed: Connection reset by peer
send failed: Connection reset by peer
send failed: Connection reset by peer
send failed: Connection reset by peer
