poll server listening on port 8080 with backlog 4096 (server_fd=3, max_clients=10000)
New client connected with client_fd = 4 (active=1)
Client disconnected (client_fd = 4)
New client connected with client_fd = 4 (active=1)
New client connected with client_fd = 5 (active=2)
New client connected with client_fd = 6 (active=3)
New client connected with client_fd = 7 (active=4)
New client connected with client_fd = 8 (active=5)
New client connected with client_fd = 9 (active=6)
New client connected with client_fd = 10 (active=7)
New client connected with client_fd = 11 (active=8)
New client connected with client_fd = 12 (active=9)
New client connected with client_fd = 13 (active=10)
New client connected with client_fd = 14 (active=11)
New client connected with client_fd = 15 (active=12)
New client connected with client_fd = 16 (active=13)
New client connected with client_fd = 17 (active=14)
New client connected with client_fd = 18 (active=15)
New client connected with client_fd = 19 (active=16)
New client connected with client_fd = 20 (active=17)
New client connected with client_fd = 21 (active=18)
New client connected with client_fd = 22 (active=19)
New client connected with client_fd = 23 (active=20)
New client connected with client_fd = 24 (active=21)
New client connected with client_fd = 25 (active=22)
New client connected with client_fd = 26 (active=23)
New client connected with client_fd = 27 (active=24)
New client connected with client_fd = 28 (active=25)
New client connected with client_fd = 29 (active=26)
New client connected with client_fd = 30 (active=27)
New client connected with client_fd = 31 (active=28)
New client connected with client_fd = 32 (active=29)
New client connected with client_fd = 33 (active=30)
New client connected with client_fd = 34 (active=31)
New client connected with client_fd = 35 (active=32)
New client connected with client_fd = 36 (active=33)
New client connected with client_fd = 37 (active=34)
New client connected with client_fd = 38 (active=35)
New client connected with client_fd = 39 (active=36)
New client connected with client_fd = 40 (active=37)
New client connected with client_fd = 41 (active=38)
New client connected with client_fd = 42 (active=39)
New client connected with client_fd = 43 (active=40)
New client connected with client_fd = 44 (active=41)
New client connected with client_fd = 45 (active=42)
New client connected with client_fd = 46 (active=43)
New client connected with client_fd = 47 (active=44)
New client connected with client_fd = 48 (active=45)
New client connected with client_fd = 49 (active=46)
New client connected with client_fd = 50 (active=47)
New client connected with client_fd = 51 (active=48)
New client connected with client_fd = 52 (active=49)
New client connected with client_fd = 53 (active=50)
New client connected with client_fd = 54 (active=51)
New client connected with client_fd = 55 (active=52)
New client connected with client_fd = 56 (active=53)
New client connected with client_fd = 57 (active=54)
New client connected with client_fd = 58 (active=55)
New client connected with client_fd = 59 (active=56)
New client connected with client_fd = 60 (active=57)
New client connected with client_fd = 61 (active=58)
New client connected with client_fd = 62 (active=59)
New client connected with client_fd = 63 (active=60)
New client connected with client_fd = 64 (active=61)
New client connected with client_fd = 65 (active=62)
New client connected with client_fd = 66 (active=63)
New client connected with client_fd = 67 (active=64)
New client connected with client_fd = 68 (active=65)
New client connected with client_fd = 69 (active=66)
New client connected with client_fd = 70 (active=67)
New client connected with client_fd = 71 (active=68)
New client connected with client_fd = 72 (active=69)
New client connected with client_fd = 73 (active=70)
New client connected with client_fd = 74 (active=71)
New client connected with client_fd = 75 (active=72)
New client connected with client_fd = 76 (active=73)
New client connected with client_fd = 77 (active=74)
New client connected with client_fd = 78 (active=75)
New client connected with client_fd = 79 (active=76)
New client connected with client_fd = 80 (active=77)
New client connected with client_fd = 81 (active=78)
New client connected with client_fd = 82 (active=79)
New client connected with client_fd = 83 (active=80)
New client connected with client_fd = 84 (active=81)
New client connected with client_fd = 85 (active=82)
New client connected with client_fd = 86 (active=83)
New client connected with client_fd = 87 (active=84)
New client connected with client_fd = 88 (active=85)
New client connected with client_fd = 89 (active=86)
New client connected with client_fd = 90 (active=87)
New client connected with client_fd = 91 (active=88)
New client connected with client_fd = 92 (active=89)
New client connected with client_fd = 93 (active=90)
New client connected with client_fd = 94 (active=91)
New client connected with client_fd = 95 (active=92)
New client connected with client_fd = 96 (active=93)
New client connected with client_fd = 97 (active=94)
New client connected with client_fd = 98 (active=95)
New client connected with client_fd = 99 (active=96)
New client connected with client_fd = 100 (active=97)
New client connected with client_fd = 101 (active=98)
New client connected with client_fd = 102 (active=99)
New client connected with client_fd = 103 (active=100)
New client connected with client_fd = 104 (active=101)
New client connected with client_fd = 105 (active=102)
New client connected with client_fd = 106 (active=103)
New client connected with client_fd = 107 (active=104)
New client connected with client_fd = 108 (active=105)
New client connected with client_fd = 109 (active=106)
New client connected with client_fd = 110 (active=107)
New client connected with client_fd = 111 (active=108)
New client connected with client_fd = 112 (active=109)
New client connected with client_fd = 113 (active=110)
New client connected with client_fd = 114 (active=111)
New client connected with client_fd = 115 (active=112)
New client connected with client_fd = 116 (active=113)
New client connected with client_fd = 117 (active=114)
New client connected with client_fd = 118 (active=115)
New client connected with client_fd = 119 (active=116)
New client connected with client_fd = 120 (active=117)
New client connected with client_fd = 121 (active=118)
New client connected with client_fd = 122 (active=119)
New client connected with client_fd = 123 (active=120)
New client connected with client_fd = 124 (active=121)
New client connected with client_fd = 125 (active=122)
New client connected with client_fd = 126 (active=123)
New client connected with client_fd = 127 (active=124)
New client connected with client_fd = 128 (active=125)
New client connected with client_fd = 129 (active=126)
New client connected with client_fd = 130 (active=127)
New client connected with client_fd = 131 (active=128)
New client connected with client_fd = 132 (active=129)
New client connected with client_fd = 133 (active=130)
New client connected with client_fd = 134 (active=131)
New client connected with client_fd = 135 (active=132)
New client connected with client_fd = 136 (active=133)
New client connected with client_fd = 137 (active=134)
New client connected with client_fd = 138 (active=135)
New client connected with client_fd = 139 (active=136)
New client connected with client_fd = 140 (active=137)
New client connected with client_fd = 141 (active=138)
New client connected with client_fd = 142 (active=139)
New client connected with client_fd = 143 (active=140)
New client connected with client_fd = 144 (active=141)
New client connected with client_fd = 145 (active=142)
New client connected with client_fd = 146 (active=143)
New client connected with client_fd = 147 (active=144)
New client connected with client_fd = 148 (active=145)
New client connected with client_fd = 149 (active=146)
New client connected with client_fd = 150 (active=147)
New client connected with client_fd = 151 (active=148)
New client connected with client_fd = 152 (active=149)
New client connected with client_fd = 153 (active=150)
New client connected with client_fd = 154 (active=151)
New client connected with client_fd = 155 (active=152)
New client connected with client_fd = 156 (active=153)
New client connected with client_fd = 157 (active=154)
New client connected with client_fd = 158 (active=155)
New client connected with client_fd = 159 (active=156)
New client connected with client_fd = 160 (active=157)
New client connected with client_fd = 161 (active=158)
New client connected with client_fd = 162 (active=159)
New client connected with client_fd = 163 (active=160)
New client connected with client_fd = 164 (active=161)
New client connected with client_fd = 165 (active=162)
New client connected with client_fd = 166 (active=163)
New client connected with client_fd = 167 (active=164)
New client connected with client_fd = 168 (active=165)
New client connected with client_fd = 169 (active=166)
New client connected with client_fd = 170 (active=167)
New client connected with client_fd = 171 (active=168)
New client connected with client_fd = 172 (active=169)
New client connected with client_fd = 173 (active=170)
New client connected with client_fd = 174 (active=171)
New client connected with client_fd = 175 (active=172)
New client connected with client_fd = 176 (active=173)
New client connected with client_fd = 177 (active=174)
New client connected with client_fd = 178 (active=175)
New client connected with client_fd = 179 (active=176)
New client connected with client_fd = 180 (active=177)
New client connected with client_fd = 181 (active=178)
New client connected with client_fd = 182 (active=179)
New client connected with client_fd = 183 (active=180)
New client connected with client_fd = 184 (active=181)
New client connected with client_fd = 185 (active=182)
New client connected with client_fd = 186 (active=183)
New client connected with client_fd = 187 (active=184)
New client connected with client_fd = 188 (active=185)
New client connected with client_fd = 189 (active=186)
New client connected with client_fd = 190 (active=187)
New client connected with client_fd = 191 (active=188)
New client connected with client_fd = 192 (active=189)
New client connected with client_fd = 193 (active=190)
New client connected with client_fd = 194 (active=191)
New client connected with client_fd = 195 (active=192)
New client connected with client_fd = 196 (active=193)
New client connected with client_fd = 197 (active=194)
New client connected with client_fd = 198 (active=195)
New client connected with client_fd = 199 (active=196)
New client connected with client_fd = 200 (active=197)
New client connected with client_fd = 201 (active=198)
New client connected with client_fd = 202 (active=199)
New client connected with client_fd = 203 (active=200)
New client connected with client_fd = 204 (active=201)
New client connected with client_fd = 205 (active=202)
New client connected with client_fd = 206 (active=203)
New client connected with client_fd = 207 (active=204)
New client connected with client_fd = 208 (active=205)
New client connected with client_fd = 209 (active=206)
New client connected with client_fd = 210 (active=207)
New client connected with client_fd = 211 (active=208)
New client connected with client_fd = 212 (active=209)
New client connected with client_fd = 213 (active=210)
New client connected with client_fd = 214 (active=211)
New client connected with client_fd = 215 (active=212)
New client connected with client_fd = 216 (active=213)
New client connected with client_fd = 217 (active=214)
New client connected with client_fd = 218 (active=215)
New client connected with client_fd = 219 (active=216)
New client connected with client_fd = 220 (active=217)
New client connected with client_fd = 221 (active=218)
New client connected with client_fd = 222 (active=219)
New client connected with client_fd = 223 (active=220)
New client connected with client_fd = 224 (active=221)
New client connected with client_fd = 225 (active=222)
New client connected with client_fd = 226 (active=223)
New client connected with client_fd = 227 (active=224)
New client connected with client_fd = 228 (active=225)
New client connected with client_fd = 229 (active=226)
New client connected with client_fd = 230 (active=227)
New client connected with client_fd = 231 (active=228)
New client connected with client_fd = 232 (active=229)
New client connected with client_fd = 233 (active=230)
New client connected with client_fd = 234 (active=231)
New client connected with client_fd = 235 (active=232)
New client connected with client_fd = 236 (active=233)
New client connected with client_fd = 237 (active=234)
New client connected with client_fd = 238 (active=235)
New client connected with client_fd = 239 (active=236)
New client connected with client_fd = 240 (active=237)
New client connected with client_fd = 241 (active=238)
New client connected with client_fd = 242 (active=239)
New client connected with client_fd = 243 (active=240)
New client connected with client_fd = 244 (active=241)
New client connected with client_fd = 245 (active=242)
New client connected with client_fd = 246 (active=243)
New client connected with client_fd = 247 (active=244)
New client connected with client_fd = 248 (active=245)
New client connected with client_fd = 249 (active=246)
New client connected with client_fd = 250 (active=247)
New client connected with client_fd = 251 (active=248)
New client connected with client_fd = 252 (active=249)
New client connected with client_fd = 253 (active=250)
New client connected with client_fd = 254 (active=251)
New client connected with client_fd = 255 (active=252)
New client connected with client_fd = 256 (active=253)
New client connected with client_fd = 257 (active=254)
New client connected with client_fd = 258 (active=255)
New client connected with client_fd = 259 (active=256)
New client connected with client_fd = 260 (active=257)
New client connected with client_fd = 261 (active=258)
New client connected with client_fd = 262 (active=259)
New client connected with client_fd = 263 (active=260)
New client connected with client_fd = 264 (active=261)
New client connected with client_fd = 265 (active=262)
New client connected with client_fd = 266 (active=263)
New client connected with client_fd = 267 (active=264)
New client connected with client_fd = 268 (active=265)
New client connected with client_fd = 269 (active=266)
New client connected with client_fd = 270 (active=267)
New client connected with client_fd = 271 (active=268)
New client connected with client_fd = 272 (active=269)
New client connected with client_fd = 273 (active=270)
New client connected with client_fd = 274 (active=271)
New client connected with client_fd = 275 (active=272)
New client connected with client_fd = 276 (active=273)
New client connected with client_fd = 277 (active=274)
New client connected with client_fd = 278 (active=275)
New client connected with client_fd = 279 (active=276)
New client connected with client_fd = 280 (active=277)
New client connected with client_fd = 281 (active=278)
New client connected with client_fd = 282 (active=279)
New client connected with client_fd = 283 (active=280)
New client connected with client_fd = 284 (active=281)
New client connected with client_fd = 285 (active=282)
New client connected with client_fd = 286 (active=283)
New client connected with client_fd = 287 (active=284)
New client connected with client_fd = 288 (active=285)
New client connected with client_fd = 289 (active=286)
New client connected with client_fd = 290 (active=287)
New client connected with client_fd = 291 (active=288)
New client connected with client_fd = 292 (active=289)
New client connected with client_fd = 293 (active=290)
New client connected with client_fd = 294 (active=291)
New client connected with client_fd = 295 (active=292)
New client connected with client_fd = 296 (active=293)
New client connected with client_fd = 297 (active=294)
New client connected with client_fd = 298 (active=295)
New client connected with client_fd = 299 (active=296)
New client connected with client_fd = 300 (active=297)
New client connected with client_fd = 301 (active=298)
New client connected with client_fd = 302 (active=299)
New client connected with client_fd = 303 (active=300)
New client connected with client_fd = 304 (active=301)
New client connected with client_fd = 305 (active=302)
New client connected with client_fd = 306 (active=303)
New client connected with client_fd = 307 (active=304)
New client connected with client_fd = 308 (active=305)
New client connected with client_fd = 309 (active=306)
New client connected with client_fd = 310 (active=307)
New client connected with client_fd = 311 (active=308)
New client connected with client_fd = 312 (active=309)
New client connected with client_fd = 313 (active=310)
New client connected with client_fd = 314 (active=311)
New client connected with client_fd = 315 (active=312)
New client connected with client_fd = 316 (active=313)
New client connected with client_fd = 317 (active=314)
New client connected with client_fd = 318 (active=315)
New client connected with client_fd = 319 (active=316)
New client connected with client_fd = 320 (active=317)
New client connected with client_fd = 321 (active=318)
New client connected with client_fd = 322 (active=319)
New client connected with client_fd = 323 (active=320)
New client connected with client_fd = 324 (active=321)
New client connected with client_fd = 325 (active=322)
New client connected with client_fd = 326 (active=323)
New client connected with client_fd = 327 (active=324)
New client connected with client_fd = 328 (active=325)
New client connected with client_fd = 329 (active=326)
New client connected with client_fd = 330 (active=327)
New client connected with client_fd = 331 (active=328)
New client connected with client_fd = 332 (active=329)
New client connected with client_fd = 333 (active=330)
New client connected with client_fd = 334 (active=331)
New client connected with client_fd = 335 (active=332)
New client connected with client_fd = 336 (active=333)
New client connected with client_fd = 337 (active=334)
New client connected with client_fd = 338 (active=335)
New client connected with client_fd = 339 (active=336)
New client connected with client_fd = 340 (active=337)
New client connected with client_fd = 341 (active=338)
New client connected with client_fd = 342 (active=339)
New client connected with client_fd = 343 (active=340)
New client connected with client_fd = 344 (active=341)
New client connected with client_fd = 345 (active=342)
New client connected with client_fd = 346 (active=343)
New client connected with client_fd = 347 (active=344)
New client connected with client_fd = 348 (active=345)
New client connected with client_fd = 349 (active=346)
New client connected with client_fd = 350 (active=347)
New client connected with client_fd = 351 (active=348)
New client connected with client_fd = 352 (active=349)
New client connected with client_fd = 353 (active=350)
New client connected with client_fd = 354 (active=351)
New client connected with client_fd = 355 (active=352)
New client connected with client_fd = 356 (active=353)
New client connected with client_fd = 357 (active=354)
New client connected with client_fd = 358 (active=355)
New client connected with client_fd = 359 (active=356)
New client connected with client_fd = 360 (active=357)
New client connected with client_fd = 361 (active=358)
New client connected with client_fd = 362 (active=359)
New client connected with client_fd = 363 (active=360)
New client connected with client_fd = 364 (active=361)
New client connected with client_fd = 365 (active=362)
New client connected with client_fd = 366 (active=363)
New client connected with client_fd = 367 (active=364)
New client connected with client_fd = 368 (active=365)
New client connected with client_fd = 369 (active=366)
New client connected with client_fd = 370 (active=367)
New client connected with client_fd = 371 (active=368)
New client connected with client_fd = 372 (active=369)
New client connected with client_fd = 373 (active=370)
New client connected with client_fd = 374 (active=371)
New client connected with client_fd = 375 (active=372)
New client connected with client_fd = 376 (active=373)
New client connected with client_fd = 377 (active=374)
New client connected with client_fd = 378 (active=375)
New client connected with client_fd = 379 (active=376)
New client connected with client_fd = 380 (active=377)
New client connected with client_fd = 381 (active=378)
New client connected with client_fd = 382 (active=379)
New client connected with client_fd = 383 (active=380)
New client connected with client_fd = 384 (active=381)
New client connected with client_fd = 385 (active=382)
New client connected with client_fd = 386 (active=383)
New client connected with client_fd = 387 (active=384)
New client connected with client_fd = 388 (active=385)
New client connected with client_fd = 389 (active=386)
New client connected with client_fd = 390 (active=387)
New client connected with client_fd = 391 (active=388)
New client connected with client_fd = 392 (active=389)
New client connected with client_fd = 393 (active=390)
New client connected with client_fd = 394 (active=391)
New client connected with client_fd = 395 (active=392)
New client connected with client_fd = 396 (active=393)
New client connected with client_fd = 397 (active=394)
New client connected with client_fd = 398 (active=395)
New client connected with client_fd = 399 (active=396)
New client connected with client_fd = 400 (active=397)
New client connected with client_fd = 401 (active=398)
New client connected with client_fd = 402 (active=399)
New client connected with client_fd = 403 (active=400)
New client connected with client_fd = 404 (active=401)
New client connected with client_fd = 405 (active=402)
New client connected with client_fd = 406 (active=403)
New client connected with client_fd = 407 (active=404)
New client connected with client_fd = 408 (active=405)
New client connected with client_fd = 409 (active=406)
New client connected with client_fd = 410 (active=407)
New client connected with client_fd = 411 (active=408)
New client connected with client_fd = 412 (active=409)
New client connected with client_fd = 413 (active=410)
New client connected with client_fd = 414 (active=411)
New client connected with client_fd = 415 (active=412)
New client connected with client_fd = 416 (active=413)
New client connected with client_fd = 417 (active=414)
New client connected with client_fd = 418 (active=415)
New client connected with client_fd = 419 (active=416)
New client connected with client_fd = 420 (active=417)
New client connected with client_fd = 421 (active=418)
New client connected with client_fd = 422 (active=419)
New client connected with client_fd = 423 (active=420)
New client connected with client_fd = 424 (active=421)
New client connected with client_fd = 425 (active=422)
New client connected with client_fd = 426 (active=423)
New client connected with client_fd = 427 (active=424)
New client connected with client_fd = 428 (active=425)
New client connected with client_fd = 429 (active=426)
New client connected with client_fd = 430 (active=427)
New client connected with client_fd = 431 (active=428)
New client connected with client_fd = 432 (active=429)
New client connected with client_fd = 433 (active=430)
New client connected with client_fd = 434 (active=431)
New client connected with client_fd = 435 (active=432)
New client connected with client_fd = 436 (active=433)
New client connected with client_fd = 437 (active=434)
New client connected with client_fd = 438 (active=435)
New client connected with client_fd = 439 (active=436)
New client connected with client_fd = 440 (active=437)
New client connected with client_fd = 441 (active=438)
New client connected with client_fd = 442 (active=439)
New client connected with client_fd = 443 (active=440)
New client connected with client_fd = 444 (active=441)
New client connected with client_fd = 445 (active=442)
New client connected with client_fd = 446 (active=443)
New client connected with client_fd = 447 (active=444)
New client connected with client_fd = 448 (active=445)
New client connected with client_fd = 449 (active=446)
New client connected with client_fd = 450 (active=447)
New client connected with client_fd = 451 (active=448)
New client connected with client_fd = 452 (active=449)
New client connected with client_fd = 453 (active=450)
New client connected with client_fd = 454 (active=451)
New client connected with client_fd = 455 (active=452)
New client connected with client_fd = 456 (active=453)
New client connected with client_fd = 457 (active=454)
New client connected with client_fd = 458 (active=455)
New client connected with client_fd = 459 (active=456)
New client connected with client_fd = 460 (active=457)
New client connected with client_fd = 461 (active=458)
New client connected with client_fd = 462 (active=459)
New client connected with client_fd = 463 (active=460)
New client connected with client_fd = 464 (active=461)
New client connected with client_fd = 465 (active=462)
New client connected with client_fd = 466 (active=463)
New client connected with client_fd = 467 (active=464)
New client connected with client_fd = 468 (active=465)
New client connected with client_fd = 469 (active=466)
New client connected with client_fd = 470 (active=467)
New client connected with client_fd = 471 (active=468)
New client connected with client_fd = 472 (active=469)
New client connected with client_fd = 473 (active=470)
New client connected with client_fd = 474 (active=471)
New client connected with client_fd = 475 (active=472)
New client connected with client_fd = 476 (active=473)
New client connected with client_fd = 477 (active=474)
New client connected with client_fd = 478 (active=475)
New client connected with client_fd = 479 (active=476)
New client connected with client_fd = 480 (active=477)
New client connected with client_fd = 481 (active=478)
New client connected with client_fd = 482 (active=479)
New client connected with client_fd = 483 (active=480)
New client connected with client_fd = 484 (active=481)
New client connected with client_fd = 485 (active=482)
New client connected with client_fd = 486 (active=483)
New client connected with client_fd = 487 (active=484)
New client connected with client_fd = 488 (active=485)
New client connected with client_fd = 489 (active=486)
New client connected with client_fd = 490 (active=487)
New client connected with client_fd = 491 (active=488)
New client connected with client_fd = 492 (active=489)
New client connected with client_fd = 493 (active=490)
New client connected with client_fd = 494 (active=491)
New client connected with client_fd = 495 (active=492)
New client connected with client_fd = 496 (active=493)
New client connected with client_fd = 497 (active=494)
New client connected with client_fd = 498 (active=495)
New client connected with client_fd = 499 (active=496)
New client connected with client_fd = 500 (active=497)
New client connected with client_fd = 501 (active=498)
New client connected with client_fd = 502 (active=499)
New client connected with client_fd = 503 (active=500)
New client connected with client_fd = 504 (active=501)
New client connected with client_fd = 505 (active=502)
New client connected with client_fd = 506 (active=503)
New client connected with client_fd = 507 (active=504)
New client connected with client_fd = 508 (active=505)
New client connected with client_fd = 509 (active=506)
New client connected with client_fd = 510 (active=507)
New client connected with client_fd = 511 (active=508)
New client connected with client_fd = 512 (active=509)
New client connected with client_fd = 513 (active=510)
New client connected with client_fd = 514 (active=511)
New client connected with client_fd = 515 (active=512)
New client connected with client_fd = 516 (active=513)
New client connected with client_fd = 517 (active=514)
New client connected with client_fd = 518 (active=515)
New client connected with client_fd = 519 (active=516)
New client connected with client_fd = 520 (active=517)
New client connected with client_fd = 521 (active=518)
New client connected with client_fd = 522 (active=519)
New client connected with client_fd = 523 (active=520)
New client connected with client_fd = 524 (active=521)
New client connected with client_fd = 525 (active=522)
New client connected with client_fd = 526 (active=523)
New client connected with client_fd = 527 (active=524)
New client connected with client_fd = 528 (active=525)
New client connected with client_fd = 529 (active=526)
New client connected with client_fd = 530 (active=527)
New client connected with client_fd = 531 (active=528)
New client connected with client_fd = 532 (active=529)
New client connected with client_fd = 533 (active=530)
New client connected with client_fd = 534 (active=531)
New client connected with client_fd = 535 (active=532)
New client connected with client_fd = 536 (active=533)
New client connected with client_fd = 537 (active=534)
New client connected with client_fd = 538 (active=535)
New client connected with client_fd = 539 (active=536)
New client connected with client_fd = 540 (active=537)
New client connected with client_fd = 541 (active=538)
New client connected with client_fd = 542 (active=539)
New client connected with client_fd = 543 (active=540)
New client connected with client_fd = 544 (active=541)
New client connected with client_fd = 545 (active=542)
New client connected with client_fd = 546 (active=543)
New client connected with client_fd = 547 (active=544)
New client connected with client_fd = 548 (active=545)
New client connected with client_fd = 549 (active=546)
New client connected with client_fd = 550 (active=547)
New client connected with client_fd = 551 (active=548)
New client connected with client_fd = 552 (active=549)
New client connected with client_fd = 553 (active=550)
New client connected with client_fd = 554 (active=551)
New client connected with client_fd = 555 (active=552)
New client connected with client_fd = 556 (active=553)
New client connected with client_fd = 557 (active=554)
New client connected with client_fd = 558 (active=555)
New client connected with client_fd = 559 (active=556)
New client connected with client_fd = 560 (active=557)
New client connected with client_fd = 561 (active=558)
New client connected with client_fd = 562 (active=559)
New client connected with client_fd = 563 (active=560)
New client connected with client_fd = 564 (active=561)
New client connected with client_fd = 565 (active=562)
New client connected with client_fd = 566 (active=563)
New client connected with client_fd = 567 (active=564)
New client connected with client_fd = 568 (active=565)
New client connected with client_fd = 569 (active=566)
New client connected with client_fd = 570 (active=567)
New client connected with client_fd = 571 (active=568)
New client connected with client_fd = 572 (active=569)
New client connected with client_fd = 573 (active=570)
New client connected with client_fd = 574 (active=571)
New client connected with client_fd = 575 (active=572)
New client connected with client_fd = 576 (active=573)
New client connected with client_fd = 577 (active=574)
New client connected with client_fd = 578 (active=575)
New client connected with client_fd = 579 (active=576)
New client connected with client_fd = 580 (active=577)
New client connected with client_fd = 581 (active=578)
New client connected with client_fd = 582 (active=579)
New client connected with client_fd = 583 (active=580)
New client connected with client_fd = 584 (active=581)
New client connected with client_fd = 585 (active=582)
New client connected with client_fd = 586 (active=583)
New client connected with client_fd = 587 (active=584)
New client connected with client_fd = 588 (active=585)
New client connected with client_fd = 589 (active=586)
New client connected with client_fd = 590 (active=587)
New client connected with client_fd = 591 (active=588)
New client connected with client_fd = 592 (active=589)
New client connected with client_fd = 593 (active=590)
New client connected with client_fd = 594 (active=591)
New client connected with client_fd = 595 (active=592)
New client connected with client_fd = 596 (active=593)
New client connected with client_fd = 597 (active=594)
New client connected with client_fd = 598 (active=595)
New client connected with client_fd = 599 (active=596)
New client connected with client_fd = 600 (active=597)
New client connected with client_fd = 601 (active=598)
New client connected with client_fd = 602 (active=599)
New client connected with client_fd = 603 (active=600)
New client connected with client_fd = 604 (active=601)
New client connected with client_fd = 605 (active=602)
New client connected with client_fd = 606 (active=603)
New client connected with client_fd = 607 (active=604)
New client connected with client_fd = 608 (active=605)
New client connected with client_fd = 609 (active=606)
New client connected with client_fd = 610 (active=607)
New client connected with client_fd = 611 (active=608)
New client connected with client_fd = 612 (active=609)
New client connected with client_fd = 613 (active=610)
New client connected with client_fd = 614 (active=611)
New client connected with client_fd = 615 (active=612)
New client connected with client_fd = 616 (active=613)
New client connected with client_fd = 617 (active=614)
New client connected with client_fd = 618 (active=615)
New client connected with client_fd = 619 (active=616)
New client connected with client_fd = 620 (active=617)
New client connected with client_fd = 621 (active=618)
New client connected with client_fd = 622 (active=619)
New client connected with client_fd = 623 (active=620)
New client connected with client_fd = 624 (active=621)
New client connected with client_fd = 625 (active=622)
New client connected with client_fd = 626 (active=623)
New client connected with client_fd = 627 (active=624)
New client connected with client_fd = 628 (active=625)
New client connected with client_fd = 629 (active=626)
New client connected with client_fd = 630 (active=627)
New client connected with client_fd = 631 (active=628)
New client connected with client_fd = 632 (active=629)
New client connected with client_fd = 633 (active=630)
New client connected with client_fd = 634 (active=631)
New client connected with client_fd = 635 (active=632)
New client connected with client_fd = 636 (active=633)
New client connected with client_fd = 637 (active=634)
New client connected with client_fd = 638 (active=635)
New client connected with client_fd = 639 (active=636)
New client connected with client_fd = 640 (active=637)
New client connected with client_fd = 641 (active=638)
New client connected with client_fd = 642 (active=639)
New client connected with client_fd = 643 (active=640)
New client connected with client_fd = 644 (active=641)
New client connected with client_fd = 645 (active=642)
New client connected with client_fd = 646 (active=643)
New client connected with client_fd = 647 (active=644)
New client connected with client_fd = 648 (active=645)
New client connected with client_fd = 649 (active=646)
New client connected with client_fd = 650 (active=647)
New client connected with client_fd = 651 (active=648)
New client connected with client_fd = 652 (active=649)
New client connected with client_fd = 653 (active=650)
New client connected with client_fd = 654 (active=651)
New client connected with client_fd = 655 (active=652)
New client connected with client_fd = 656 (active=653)
New client connected with client_fd = 657 (active=654)
New client connected with client_fd = 658 (active=655)
New client connected with client_fd = 659 (active=656)
New client connected with client_fd = 660 (active=657)
New client connected with client_fd = 661 (active=658)
New client connected with client_fd = 662 (active=659)
New client connected with client_fd = 663 (active=660)
New client connected with client_fd = 664 (active=661)
New client connected with client_fd = 665 (active=662)
New client connected with client_fd = 666 (active=663)
New client connected with client_fd = 667 (active=664)
New client connected with client_fd = 668 (active=665)
New client connected with client_fd = 669 (active=666)
New client connected with client_fd = 670 (active=667)
New client connected with client_fd = 671 (active=668)
New client connected with client_fd = 672 (active=669)
New client connected with client_fd = 673 (active=670)
New client connected with client_fd = 674 (active=6Outbound buffer overflow on client_fd 4
Outbound buffer overflow on client_fd 20
Outbound buffer overflow on client_fd 23
Outbound buffer overflow on client_fd 27
Outbound buffer overflow on client_fd 313
Outbound buffer overflow on client_fd 314
Outbound buffer overflow on client_fd 317
Outbound buffer overflow on client_fd 318
Outbound buffer overflow on client_fd 332
Outbound buffer overflow on client_fd 333
Outbound buffer overflow on client_fd 334
Outbound buffer overflow on client_fd 335
Outbound buffer overflow on client_fd 336
Outbound buffer overflow on client_fd 337
Outbound buffer overflow on client_fd 28
Outbound buffer overflow on client_fd 40
Outbound buffer overflow on client_fd 41
Outbound buffer overflow on client_fd 72
Outbound buffer overflow on client_fd 88
Outbound buffer overflow on client_fd 89
Outbound buffer overflow on client_fd 107
Outbound buffer overflow on client_fd 108
Outbound buffer overflow on client_fd 133
Outbound buffer overflow on client_fd 134
Outbound buffer overflow on client_fd 234
Outbound buffer overflow on client_fd 235
Outbound buffer overflow on client_fd 319
Outbound buffer overflow on client_fd 320
Outbound buffer overflow on client_fd 321
Outbound buffer overflow on client_fd 322
Outbound buffer overflow on client_fd 19
Outbound buffer overflow on client_fd 120
Outbound buffer overflow on client_fd 121
Outbound buffer overflow on client_fd 137
Outbound buffer overflow on client_fd 239
Outbound buffer overflow on client_fd 240
Outbound buffer overflow on client_fd 323
Outbound buffer overflow on client_fd 324
Outbound buffer overflow on client_fd 325
Outbound buffer overflow on client_fd 326
Outbound buffer overflow on client_fd 327
Outbound buffer overflow on client_fd 122
Outbound buffer overflow on client_fd 123
Outbound buffer overflow on client_fd 124
Outbound buffer overflow on client_fd 241
Outbound buffer overflow on client_fd 242
Outbound buffer overflow on client_fd 243
Outbound buffer overflow on client_fd 244
Outbound buffer overflow on client_fd 328
Outbound buffer overflow on client_fd 329
Outbound buffer overflow on client_fd 345
Outbound buffer overflow on client_fd 346
Outbound buffer overflow on client_fd 347
Outbound buffer overflow on client_fd 348
Outbound buffer overflow on client_fd 349
Outbound buffer overflow on client_fd 350
Outbound buffer overflow on client_fd 351
Outbound buffer overflow on client_fd 352
Outbound buffer overflow on client_fd 353
Outbound buffer overflow on client_fd 354
Outbound buffer overflow on client_fd 355
Outbound buffer overflow on client_fd 356
Outbound buffer overflow on client_fd 357
Outbound buffer overflow on client_fd 362
Outbound buffer overflow on client_fd 363
Outbound buffer overflow on client_fd 364
Outbound buffer overflow on client_fd 365
Outbound buffer overflow on client_fd 366
Outbound buffer overflow on client_fd 367
Outbound buffer overflow on client_fd 368
Outbound buffer overflow on client_fd 369
Outbound buffer overflow on client_fd 370
Outbound buffer overflow on client_fd 371
Outbound buffer overflow on client_fd 372
Outbound buffer overflow on client_fd 373
Outbound buffer overflow on client_fd 374
Outbound buffer overflow on client_fd 375
Outbound buffer overflow on client_fd 376
Outbound buffer overflow on client_fd 377
Outbound buffer overflow on client_fd 378
Outbound buffer overflow on client_fd 379
Outbound buffer overflow on client_fd 380
Outbound buffer overflow on client_fd 381
Outbound buffer overflow on client_fd 382
Outbound buffer overflow on client_fd 383
Outbound buffer overflow on client_fd 384
Outbound buffer overflow on client_fd 385
Outbound buffer overflow on client_fd 386
Outbound buffer overflow on client_fd 387
Outbound buffer overflow on client_fd 388
Outbound buffer overflow on client_fd 389
Outbound buffer overflow on client_fd 390
Outbound buffer overflow on client_fd 391
Outbound buffer overflow on client_fd 392
Outbound buffer overflow on client_fd 393
Outbound buffer overflow on client_fd 394
Outbound buffer overflow on client_fd 395
Outbound buffer overflow on client_fd 396
Outbound buffer overflow on client_fd 397
Outbound buffer overflow on client_fd 398
Outbound buffer overflow on client_fd 399
Outbound buffer overflow on client_fd 400
Outbound buffer overflow on client_fd 401
Outbound buffer overflow on client_fd 402
Outbound buffer overflow on client_fd 403
Outbound buffer overflow on client_fd 404
Outbound buffer overflow on client_fd 405
Outbound buffer overflow on client_fd 406
Outbound buffer overflow on client_fd 407
Outbound buffer overflow on client_fd 408
Outbound buffer overflow on client_fd 409
Outbound buffer overflow on client_fd 410
Outbound buffer overflow on client_fd 411
Outbound buffer overflow on client_fd 425
Outbound buffer overflow on client_fd 426
Outbound buffer overflow on client_fd 427
Outbound buffer overflow on client_fd 428
Outbound buffer overflow on client_fd 429
Outbound buffer overflow on client_fd 430
Outbound buffer overflow on client_fd 431
Outbound buffer overflow on client_fd 432
Outbound buffer overflow on client_fd 433
Outbound buffer overflow on client_fd 125
Outbound buffer overflow on client_fd 126
Outbound buffer overflow on client_fd 168
Outbound buffer overflow on client_fd 169
Outbound buffer overflow on client_fd 170
Outbound buffer overflow on client_fd 171
Outbound buffer overflow on client_fd 172
Outbound buffer overflow on client_fd 173
Outbound buffer overflow on client_fd 211
Outbound buffer overflow on client_fd 212
Outbound buffer overflow on client_fd 213
Outbound buffer overflow on client_fd 214
Outbound buffer overflow on client_fd 215
Outbound buffer overflow on client_fd 216
Outbound buffer overflow on client_fd 217
Outbound buffer overflow on client_fd 218
Outbound buffer overflow on client_fd 245
Outbound buffer overflow on client_fd 246
Outbound buffer overflow on client_fd 247
Outbound buffer overflow on client_fd 250
Outbound buffer overflow on client_fd 300
Outbound buffer overflow on client_fd 301
Outbound buffer overflow on client_fd 330
Outbound buffer overflow on client_fd 331
Outbound buffer overflow on client_fd 9
Outbound buffer overflow on client_fd 22
Outbound buffer overflow on client_fd 36
Outbound buffer overflow on client_fd 37
Outbound buffer overflow on client_fd 64
Outbound buffer overflow on client_fd 65
Outbound buffer overflow on client_fd 101
Outbound buffer overflow on client_fd 102
Outbound buffer overflow on client_fd 21
Outbound buffer overflow on client_fd 45
Outbound buffer overflow on client_fd 127
Outbound buffer overflow on client_fd 128
Outbound buffer overflow on client_fd 338
Outbound buffer overflow on client_fd 339
Outbound buffer overflow on client_fd 340
Outbound buffer overflow on client_fd 46
Outbound buffer overflow on client_fd 67
Outbound buffer overflow on client_fd 81
Outbound buffer overflow on client_fd 103
Outbound buffer overflow on client_fd 104
Outbound buffer overflow on client_fd 341
Outbound buffer overflow on client_fd 342
Outbound buffer overflow on client_fd 343
Outbound buffer overflow on client_fd 344
Outbound buffer overflow on client_fd 358
Outbound buffer overflow on client_fd 359
Outbound buffer overflow on client_fd 360
Outbound buffer overflow on client_fd 361
Outbound buffer overflow on client_fd 15
Outbound buffer overflow on client_fd 57
Outbound buffer overflow on client_fd 66
Outbound buffer overflow on client_fd 82
Outbound buffer overflow on client_fd 129
Outbound buffer overflow on client_fd 130
71)
New client connected with client_fd = 675 (active=672)
New client connected with client_fd = 676 (active=673)
New client connected with client_fd = 677 (active=674)
New client connected with client_fd = 678 (active=675)
New client connected with client_fd = 679 (active=676)
New client connected with client_fd = 680 (active=677)
New client connected with client_fd = 681 (active=678)
New client connected with client_fd = 682 (active=679)
New client connected with client_fd = 683 (active=680)
New client connected with client_fd = 684 (active=681)
New client connected with client_fd = 685 (active=682)
New client connected with client_fd = 4 (active=669)
New client connected with client_fd = 20 (active=670)
New client connected with client_fd = 23 (active=671)
New client connected with client_fd = 27 (active=672)
New client connected with client_fd = 313 (active=673)
New client connected with client_fd = 314 (active=674)
New client connected with client_fd = 317 (active=675)
New client connected with client_fd = 28 (active=660)
New client connected with client_fd = 40 (active=661)
New client connected with client_fd = 41 (active=662)
New client connected with client_fd = 72 (active=663)
New client connected with client_fd = 88 (active=664)
New client connected with client_fd = 89 (active=665)
New client connected with client_fd = 107 (active=666)
New client connected with client_fd = 108 (active=667)
New client connected with client_fd = 19 (active=657)
New client connected with client_fd = 120 (active=658)
New client connected with client_fd = 121 (active=659)
New client connected with client_fd = 133 (active=660)
New client connected with client_fd = 134 (active=661)
New client connected with client_fd = 137 (active=662)
New client connected with client_fd = 234 (active=663)
New client connected with client_fd = 235 (active=664)
New client connected with client_fd = 239 (active=665)
New client connected with client_fd = 122 (active=585)
New client connected with client_fd = 123 (active=586)
New client connected with client_fd = 124 (active=587)
New client connected with client_fd = 240 (active=588)
New client connected with client_fd = 241 (active=589)
New client connected with client_fd = 242 (active=590)
New client connected with client_fd = 243 (active=591)
New client connected with client_fd = 244 (active=592)
New client connected with client_fd = 318 (active=593)
New client connected with client_fd = 319 (active=594)
New client connected with client_fd = 125 (active=571)
New client connected with client_fd = 126 (active=572)
New client connected with client_fd = 168 (active=573)
New client connected with client_fd = 169 (active=574)
New client connected with client_fd = 170 (active=575)
New client connected with client_fd = 171 (active=576)
New client connected with client_fd = 172 (active=577)
New client connected with client_fd = 9 (active=570)
New client connected with client_fd = 22 (active=571)
New client connected with client_fd = 36 (active=572)
New client connected with client_fd = 37 (active=573)
New client connected with client_fd = 64 (active=574)
New client connected with client_fd = 65 (active=575)
New client connected with client_fd = 21 (active=569)
New client connected with client_fd = 45 (active=570)
New client connected with client_fd = 101 (active=571)
New client connected with client_fd = 102 (active=572)
New client connected with client_fd = 127 (active=573)
New client connected with client_fd = 128 (active=574)
New client connected with client_fd = 173 (active=575)
New client connected with client_fd = 46 (active=563)
New client connected with client_fd = 67 (active=564)
New client connected with client_fd = 81 (active=565)
New client connected with client_fd = 103 (active=566)
New client connected with client_fd = 104 (active=567)
New client connected with client_fd = 211 (active=568)
New client connected with client_fd = 15 (active=563)
New client connected with client_fd = 57 (active=564)
New client connected with client_fd = 66 (active=565)
New client connected with client_fd = 82 (active=Outbound buffer overflow on client_fd 5
Outbound buffer overflow on client_fd 105
Outbound buffer overflow on client_fd 10
Outbound buffer overflow on client_fd 16
Outbound buffer overflow on client_fd 38
Outbound buffer overflow on client_fd 55
Outbound buffer overflow on client_fd 56
Outbound buffer overflow on client_fd 83
Outbound buffer overflow on client_fd 131
Outbound buffer overflow on client_fd 132
Outbound buffer overflow on client_fd 232
Outbound buffer overflow on client_fd 233
Outbound buffer overflow on client_fd 12
Outbound buffer overflow on client_fd 32
Outbound buffer overflow on client_fd 33
Outbound buffer overflow on client_fd 39
Outbound buffer overflow on client_fd 68
Outbound buffer overflow on client_fd 84
Outbound buffer overflow on client_fd 85
Outbound buffer overflow on client_fd 13
Outbound buffer overflow on client_fd 47
Outbound buffer overflow on client_fd 69
Outbound buffer overflow on client_fd 70
Outbound buffer overflow on client_fd 86
Outbound buffer overflow on client_fd 106
Outbound buffer overflow on client_fd 110
Outbound buffer overflow on client_fd 248
Outbound buffer overflow on client_fd 249
Outbound buffer overflow on client_fd 48
Outbound buffer overflow on client_fd 87
Outbound buffer overflow on client_fd 109
Outbound buffer overflow on client_fd 111
Outbound buffer overflow on client_fd 135
Outbound buffer overflow on client_fd 136
Outbound buffer overflow on client_fd 58
Outbound buffer overflow on client_fd 71
Outbound buffer overflow on client_fd 59
Outbound buffer overflow on client_fd 251
Outbound buffer overflow on client_fd 252
Outbound buffer overflow on client_fd 253
Outbound buffer overflow on client_fd 254
Outbound buffer overflow on client_fd 255
Outbound buffer overflow on client_fd 256
Outbound buffer overflow on client_fd 257
Outbound buffer overflow on client_fd 258
Outbound buffer overflow on client_fd 259
Outbound buffer overflow on client_fd 260
Outbound buffer overflow on client_fd 261
Outbound buffer overflow on client_fd 262
Outbound buffer overflow on client_fd 264
Outbound buffer overflow on client_fd 412
Outbound buffer overflow on client_fd 413
Outbound buffer overflow on client_fd 414
Outbound buffer overflow on client_fd 415
Outbound buffer overflow on client_fd 416
Outbound buffer overflow on client_fd 417
Outbound buffer overflow on client_fd 418
Outbound buffer overflow on client_fd 419
Outbound buffer overflow on client_fd 420
Outbound buffer overflow on client_fd 421
Outbound buffer overflow on client_fd 423
Outbound buffer overflow on client_fd 424
Outbound buffer overflow on client_fd 495
Outbound buffer overflow on client_fd 473
Outbound buffer overflow on client_fd 479
Outbound buffer overflow on client_fd 228
Outbound buffer overflow on client_fd 229
Outbound buffer overflow on client_fd 302
Outbound buffer overflow on client_fd 304
Outbound buffer overflow on client_fd 305
Outbound buffer overflow on client_fd 230
Outbound buffer overflow on client_fd 231
Outbound buffer overflow on client_fd 267
Outbound buffer overflow on client_fd 268
Outbound buffer overflow on client_fd 269
Outbound buffer overflow on client_fd 270
Outbound buffer overflow on client_fd 271
Outbound buffer overflow on client_fd 272
Outbound buffer overflow on client_fd 273
Outbound buffer overflow on client_fd 274
Outbound buffer overflow on client_fd 275
566)
New client connected with client_fd = 129 (active=567)
New client connected with client_fd = 130 (active=568)
New client connected with client_fd = 212 (active=569)
New client connected with client_fd = 5 (active=568)
New client connected with client_fd = 105 (active=569)
New client connected with client_fd = 213 (active=570)
New client connected with client_fd = 214 (active=571)
New client connected with client_fd = 10 (active=562)
New client connected with client_fd = 16 (active=563)
New client connected with client_fd = 38 (active=564)
New client connected with client_fd = 55 (active=565)
New client connected with client_fd = 56 (active=566)
New client connected with client_fd = 83 (active=567)
New client connected with client_fd = 131 (active=568)
New client connected with client_fd = 12 (active=562)
New client connected with client_fd = 32 (active=563)
New client connected with client_fd = 33 (active=564)
New client connected with client_fd = 39 (active=565)
New client connected with client_fd = 68 (active=566)
New client connected with client_fd = 84 (active=567)
New client connected with client_fd = 13 (active=559)
New client connected with client_fd = 47 (active=560)
New client connected with client_fd = 69 (active=561)
New client connected with client_fd = 70 (active=562)
New client connected with client_fd = 85 (active=563)
New client connected with client_fd = 86 (active=564)
New client connected with client_fd = 106 (active=565)
New client connected with client_fd = 48 (active=560)
New client connected with client_fd = 87 (active=561)
New client connected with client_fd = 109 (active=562)
New client connected with client_fd = 110 (active=563)
New client connected with client_fd = 58 (active=562)
New client connected with client_fd = 71 (active=563)
New client connected with client_fd = 111 (active=564)
New client connected with client_fd = 132 (active=565)
New client connected with client_fd = 135 (active=566)
New client connected with client_fd = 59 (active=551)
New client connected with client_fd = 136 (active=552)
New client connected with client_fd = 215 (active=553)
New client connected with client_fd = 216 (active=554)
New client connected with client_fd = 217 (active=555)
New client connected with client_fd = 218 (active=556)
New client connected with client_fd = 232 (active=553)
New client connected with client_fd = 233 (active=554)
New client connected with client_fd = 245 (active=555)
New client connected with client_fd = 246 (active=556)
New client connected with client_fd = 247 (active=557)
New client connected with client_fd = 248 (active=551)
New client connected with client_fd = 249 (active=552)
New client connected with client_fd = 250 (active=553)
New client connected with client_fd = 251 (active=554)
New client connected with client_fd = 252 (active=555)
New client connected with client_fd = 253 (active=556)
New client connected with client_fd = 254 (active=555)
New client connected with client_fd = 255 (active=556)
New client connected with client_fd = 256 (active=557)
New client connected with client_fd = 257 (active=558)
New client connected with client_fd = 258 (active=559)
New client connected with client_fd = 259 (active=560)
New client connected with client_fd = 260 (active=561)
New client connected with client_fd = 261 (active=562)
New client connected with client_fd = 262 (active=563)
New client connected with client_fd = 264 (active=564)
New client connected with client_fd = 228 (active=560)
New client connected with client_fd = 229 (active=561)
New client connected with client_fd = 300 (active=562)
New client connected with client_fd = 301 (active=563)
New client connected with client_fd = 302 (active=564)
New client connected with client_fd = 304 (active=565)
New client connected with client_fd = 305 (active=566)
New client connected with client_fd = 230 (active=556)
New client connected with client_fd = 231 (active=557)
New client connected with client_fd = 267 (active=558)
New client connected with client_fd = 268 (active=559)
New client connected with client_fd = 269 (actOutbound buffer overflow on client_fd 43
Outbound buffer overflow on client_fd 52
Outbound buffer overflow on client_fd 165
Outbound buffer overflow on client_fd 166
Outbound buffer overflow on client_fd 167
Outbound buffer overflow on client_fd 207
Outbound buffer overflow on client_fd 44
Outbound buffer overflow on client_fd 51
Outbound buffer overflow on client_fd 63
Outbound buffer overflow on client_fd 208
Outbound buffer overflow on client_fd 209
Outbound buffer overflow on client_fd 210
Outbound buffer overflow on client_fd 236
Outbound buffer overflow on client_fd 237
Outbound buffer overflow on client_fd 238
Outbound buffer overflow on client_fd 79
Outbound buffer overflow on client_fd 80
Outbound buffer overflow on client_fd 7
Outbound buffer overflow on client_fd 25
Outbound buffer overflow on client_fd 26
Outbound buffer overflow on client_fd 53
Outbound buffer overflow on client_fd 54
Outbound buffer overflow on client_fd 99
Outbound buffer overflow on client_fd 100
Outbound buffer overflow on client_fd 303
Outbound buffer overflow on client_fd 306
Outbound buffer overflow on client_fd 307
Outbound buffer overflow on client_fd 308
Outbound buffer overflow on client_fd 309
Outbound buffer overflow on client_fd 310
Outbound buffer overflow on client_fd 315
Outbound buffer overflow on client_fd 316
ive=560)
New client connected with client_fd = 270 (active=561)
New client connected with client_fd = 43 (active=556)
New client connected with client_fd = 52 (active=557)
New client connected with client_fd = 165 (active=558)
New client connected with client_fd = 166 (active=559)
New client connected with client_fd = 167 (active=560)
New client connected with client_fd = 207 (active=561)
New client connected with client_fd = 44 (active=556)
New client connected with client_fd = 51 (active=557)
New client connected with client_fd = 63 (active=558)
New client connected with client_fd = 208 (active=559)
New client connected with client_fd = 209 (active=560)
New client connected with client_fd = 210 (active=558)
New client connected with client_fd = 236 (active=559)
New client connected with client_fd = 237 (active=560)
New client connected with client_fd = 238 (active=561)
New client connected with client_fd = 271 (active=562)
New client connected with client_fd = 272 (active=563)
New client connected with client_fd = 273 (active=564)
New client connected with client_fd = 79 (active=563)
New client connected with client_fd = 80 (active=564)
New client connected with client_fd = 274 (active=565)
New client connected with client_fd = 275 (active=566)
New client connected with client_fd = 320 (active=567)
New client connected with client_fd = 321 (active=568)
New client connected with client_fd = 322 (active=569)
New client connected with client_fd = 323 (active=570)
New client connected with client_fd = 324 (active=571)
New client connected with client_fd = 325 (active=572)
New client connected with client_fd = 326 (active=573)
New client connected with client_fd = 327 (active=574)
New client connected with client_fd = 328 (active=575)
New client connected with client_fd = 7 (active=569)
New client connected with client_fd = 25 (active=570)
New client connected with client_fd = 26 (active=571)
New client connected with client_fd = 53 (active=572)
New client connected with client_fd = 54 (active=573)
New client connected with client_fd = 99 (active=574)
New client connected with client_fd = 100 (active=575)
New client connected with client_fd = 329 (active=576)
New client connected with client_fd = 303 (active=576)
New client connected with client_fd = 330 (active=577)
New client connected with client_fd = 331 (active=578)
New client connected with client_fd = 332 (active=579)
New client connected with client_fd = 333 (active=580)
New client connected with client_fd = 334 (active=581)
New client connected with client_fd = 335 (active=582)
New client connected with client_fd = 336 (active=583)
New client connected with client_fd = 337 (active=584)
New client connected with client_fd = 338 (active=585)
New client connected with client_fd = 339 (active=586)
New client connected with client_fd = 340 (active=587)
New client connected with client_fd = 341 (active=588)
New client connected with client_fd = 342 (active=589)
New client connected with client_fd = 343 (active=590)
New client connected with client_fd = 344 (active=591)
New client connected with client_fd = 345 (active=592)
New client connected with client_fd = 306 (active=589)
New client connected with client_fd = 307 (active=590)
New client connected with client_fd = 308 (active=591)
New client connected with client_fd = 309 (active=592)
New client connected with client_fd = 346 (active=593)
New client connected with client_fd = 347 (active=594)
New client connected with client_fd = 348 (active=595)
New client connected with client_fd = 310 (active=595)
New client connected with client_fd = 349 (active=596)
New client connected with client_fd = 350 (active=597)
New client connected with client_fd = 351 (active=598)
New client connected with client_fd = 352 (active=599)
New client connected with client_fd = 353 (active=600)
New client connected with client_fd = 315 (active=599)
New client connected with client_fd = 316 (active=600)
New client connected with client_fd = 354 (active=601)
New client connected with client_fd = 355 (active=602)
New client connected with clienOutbound buffer overflow on client_fd 11
Outbound buffer overflow on client_fd 283
Outbound buffer overflow on client_fd 284
Outbound buffer overflow on client_fd 285
Outbound buffer overflow on client_fd 29
Outbound buffer overflow on client_fd 24
Outbound buffer overflow on client_fd 34
Outbound buffer overflow on client_fd 60
Outbound buffer overflow on client_fd 61
Outbound buffer overflow on client_fd 226
Outbound buffer overflow on client_fd 227
t_fd = 356 (active=603)
New client connected with client_fd = 357 (active=604)
New client connected with client_fd = 358 (active=605)
New client connected with client_fd = 11 (active=605)
New client connected with client_fd = 359 (active=606)
New client connected with client_fd = 360 (active=607)
New client connected with client_fd = 361 (active=608)
New client connected with client_fd = 362 (active=609)
New client connected with client_fd = 363 (active=610)
New client connected with client_fd = 364 (active=611)
New client connected with client_fd = 365 (active=612)
New client connected with client_fd = 366 (active=613)
New client connected with client_fd = 367 (active=614)
New client connected with client_fd = 368 (active=615)
New client connected with client_fd = 369 (active=616)
New client connected with client_fd = 370 (active=617)
New client connected with client_fd = 371 (active=618)
New client connected with client_fd = 372 (active=619)
New client connected with client_fd = 373 (active=620)
New client connected with client_fd = 374 (active=621)
New client connected with client_fd = 375 (active=622)
New client connected with client_fd = 376 (active=623)
New client connected with client_fd = 377 (active=624)
New client connected with client_fd = 378 (active=625)
New client connected with client_fd = 379 (active=626)
New client connected with client_fd = 380 (active=627)
New client connected with client_fd = 381 (active=628)
New client connected with client_fd = 382 (active=629)
New client connected with client_fd = 383 (active=630)
New client connected with client_fd = 384 (active=631)
New client connected with client_fd = 385 (active=632)
New client connected with client_fd = 386 (active=633)
New client connected with client_fd = 387 (active=634)
New client connected with client_fd = 388 (active=635)
New client connected with client_fd = 389 (active=636)
New client connected with client_fd = 390 (active=637)
New client connected with client_fd = 391 (active=638)
New client connected with client_fd = 283 (active=636)
New client connected with client_fd = 284 (active=637)
New client connected with client_fd = 285 (active=638)
New client connected with client_fd = 392 (active=639)
New client connected with client_fd = 393 (active=640)
New client connected with client_fd = 394 (active=641)
New client connected with client_fd = 395 (active=642)
New client connected with client_fd = 396 (active=643)
New client connected with client_fd = 397 (active=644)
New client connected with client_fd = 398 (active=645)
New client connected with client_fd = 399 (active=646)
New client connected with client_fd = 400 (active=647)
New client connected with client_fd = 401 (active=648)
New client connected with client_fd = 402 (active=649)
New client connected with client_fd = 403 (active=650)
New client connected with client_fd = 404 (active=651)
New client connected with client_fd = 405 (active=652)
New client connected with client_fd = 29 (active=652)
New client connected with client_fd = 406 (active=653)
New client connected with client_fd = 407 (active=654)
New client connected with client_fd = 408 (active=655)
New client connected with client_fd = 409 (active=656)
New client connected with client_fd = 410 (active=657)
New client connected with client_fd = 411 (active=658)
New client connected with client_fd = 412 (active=659)
New client connected with client_fd = 413 (active=660)
New client connected with client_fd = 414 (active=661)
New client connected with client_fd = 415 (active=662)
New client connected with client_fd = 416 (active=663)
New client connected with client_fd = 417 (active=664)
New client connected with client_fd = 418 (active=665)
New client connected with client_fd = 419 (active=666)
New client connected with client_fd = 420 (active=667)
New client connected with client_fd = 421 (active=668)
New client connected with client_fd = 24 (active=663)
New client connected with client_fd = 34 (active=664)
New client connected with client_fd = 60 (active=665)
New client connected with client_fd = 61 (active=666)
New clieOutbound buffer overflow on client_fd 75
Outbound buffer overflow on client_fd 297
Outbound buffer overflow on client_fd 298
Outbound buffer overflow on client_fd 299
nt connected with client_fd = 226 (active=667)
New client connected with client_fd = 227 (active=668)
New client connected with client_fd = 423 (active=669)
New client connected with client_fd = 424 (active=670)
New client connected with client_fd = 425 (active=671)
New client connected with client_fd = 426 (active=672)
New client connected with client_fd = 427 (active=673)
New client connected with client_fd = 428 (active=674)
New client connected with client_fd = 429 (active=675)
New client connected with client_fd = 430 (active=676)
New client connected with client_fd = 431 (active=677)
New client connected with client_fd = 432 (active=678)
New client connected with client_fd = 433 (active=679)
New client connected with client_fd = 473 (active=680)
New client connected with client_fd = 479 (active=681)
New client connected with client_fd = 495 (active=682)
New client connected with client_fd = 686 (active=683)
New client connected with client_fd = 687 (active=684)
New client connected with client_fd = 688 (active=685)
New client connected with client_fd = 689 (active=686)
New client connected with client_fd = 75 (active=683)
New client connected with client_fd = 297 (active=684)
New client connected with client_fd = 298 (active=685)
New client connected with client_fd = 299 (active=686)
New client connected with client_fd = 690 (active=687)
New client connected with client_fd = 691 (active=688)
New client connected with client_fd = 692 (active=689)
New client connected with client_fd = 693 (active=690)
New client connected with client_fd = 694 (active=691)
New client connected with client_fd = 695 (active=692)
New client connected with client_fd = 696 (active=693)
New client connected with client_fd = 697 (active=694)
New client connected with client_fd = 698 (active=695)
New client connected with client_fd = 699 (active=696)
New client connected with client_fd = 700 (active=697)
New client connected with client_fd = 701 (active=698)
New client connected with client_fd = 702 (active=699)
New client connected with client_fd = 703 (active=700)
New client connected with client_fd = 704 (active=701)
New client connected with client_fd = 705 (active=702)
New client connected with client_fd = 706 (active=703)
New client connected with client_fd = 707 (active=704)
New client connected with client_fd = 708 (active=705)
New client connected with client_fd = 709 (active=706)
New client connected with client_fd = 710 (active=707)
New client connected with client_fd = 711 (active=708)
New client connected with client_fd = 712 (active=709)
New client connected with client_fd = 713 (active=710)
New client connected with client_fd = 714 (active=711)
New client connected with client_fd = 715 (active=712)
New client connected with client_fd = 716 (active=713)
New client connected with client_fd = 717 (active=714)
New client connected with client_fd = 718 (active=715)
New client connected with client_fd = 719 (active=716)
New client connected with client_fd = 720 (active=717)
New client connected with client_fd = 721 (active=718)
New client connected with client_fd = 722 (active=719)
New client connected with client_fd = 723 (active=720)
New client connected with client_fd = 724 (active=721)
New client connected with client_fd = 725 (active=722)
New client connected with client_fd = 726 (active=723)
New client connected with client_fd = 727 (active=724)
New client connected with client_fd = 728 (active=725)
New client connected with client_fd = 729 (active=726)
New client connected with client_fd = 730 (active=727)
New client connected with client_fd = 731 (active=728)
New client connected with client_fd = 732 (active=729)
New client connected with client_fd = 733 (active=730)
New client connected with client_fd = 734 (active=731)
New client connected with client_fd = 735 (active=732)
New client connected with client_fd = 736 (active=733)
New client connected with client_fd = 737 (active=734)
New client connected with client_fd = 738 (active=735)
New client connected with client_fd = 739 (active=736)
New client connected with client_fd = 740 (active=737)
New client connected with client_fd = 741 (active=738)
New client connected with client_fd = 742 (active=739)
New client connected with client_fd = 743 (active=740)
New client connected with client_fd = 744 (active=741)
New client connected with client_fd = 745 (active=742)
New client connected with client_fd = 746 (active=743)
New client connected with client_fd = 747 (active=744)
New client connected with client_fd = 748 (active=745)
New client connected with client_fd = 749 (active=746)
New client connected with client_fd = 750 (active=747)
New client connected with client_fd = 751 (active=748)
New client connected with client_fd = 752 (active=749)
New client connected with client_fd = 753 (active=750)
New client connected with client_fd = 754 (active=751)
New client connected with client_fd = 755 (active=752)
New client connected with client_fd = 756 (active=753)
New client connected with client_fd = 757 (active=754)
New client connected with client_fd = 758 (active=755)
New client connected with client_fd = 759 (active=756)
New client connected with client_fd = 760 (active=757)
New client connected with client_fd = 761 (active=758)
New client connected with client_fd = 762 (active=759)
New client connected with client_fd = 763 (active=760)
New client connected with client_fd = 764 (active=761)
New client connected with client_fd = 765 (active=762)
New client connected with client_fd = 766 (active=763)
New client connected with client_fd = 767 (active=764)
New client connected with client_fd = 768 (active=765)
New client connected with client_fd = 769 (active=766)
New client connected with client_fd = 770 (active=767)
New client connected with client_fd = 771 (active=768)
New client connected with client_fd = 772 (active=769)
New client connected with client_fd = 773 (active=770)
New client connected with client_fd = 774 (active=771)
New client connected with client_fd = 775 (active=772)
New client connected with client_fd = 776 (active=773)
New client connected with client_fd = 777 (active=774)
New client connected with client_fd = 778 (active=775)
New client connected with client_fd = 779 (active=776)
New client connected with client_fd = 780 (active=777)
New client connected with client_fd = 781 (active=778)
New client connected with client_fd = 782 (active=779)
New client connected with client_fd = 783 (active=780)
New client connected with client_fd = 784 (active=781)
New client connected with client_fd = 785 (active=782)
New client connected with client_fd = 786 (active=783)
New client connected with client_fd = 787 (active=784)
New client connected with client_fd = 788 (active=785)
New client connected with client_fd = 789 (active=786)
New client connected with client_fd = 790 (active=787)
New client connected with client_fd = 791 (active=788)
New client connected with client_fd = 792 (active=789)
New client connected with client_fd = 793 (active=790)
New client connected with client_fd = 794 (active=791)
New client connected with client_fd = 795 (active=792)
New client connected with client_fd = 796 (active=793)
New client connected with client_fd = 797 (active=794)
New client connected with client_fd = 798 (active=795)
New client connected with client_fd = 799 (active=796)
New client connected with client_fd = 800 (active=797)
New client connected with client_fd = 801 (active=798)
New client connected with client_fd = 802 (active=799)
New client connected with client_fd = 803 (active=800)
New client connected with client_fd = 804 (active=801)
New client connected with client_fd = 805 (active=802)
New client connected with client_fd = 806 (active=803)
New client connected with client_fd = 807 (active=804)
New client connected with client_fd = 808 (active=805)
New client connected with client_fd = 809 (active=806)
New client connected with client_fd = 810 (active=807)
New client connected with client_fd = 811 (active=808)
New client connected with client_fd = 812 (active=809)
New client connected with client_fd = 813 (active=810)
New client connected with client_fd = 814 (active=811)
New client connected with client_fd = 815 (active=812)
New client connected with client_fd = 816 (active=813)
New client connected with client_fd = 817 (active=814)
New client connected with client_fd = 818 (active=815)
New client connected with client_fd = 819 (active=816)
New client connected with client_fd = 820 (active=817)
New client connected with client_fd = 821 (active=818)
New client connected with client_fd = 822 (active=819)
New client connected with client_fd = 823 (active=820)
New client connected with client_fd = 824 (active=821)
New client connected with client_fd = 825 (active=822)
New client connected with client_fd = 826 (active=823)
New client connected with client_fd = 827 (active=824)
New client connected with client_fd = 828 (active=825)
New client connected with client_fd = 829 (active=826)
New client connected with client_fd = 830 (active=827)
New client connected with client_fd = 831 (active=828)
New client connected with client_fd = 832 (active=829)
New client connected with client_fd = 833 (active=830)
New client connected with client_fd = 834 (active=831)
New client connected with client_fd = 835 (active=832)
New client connected with client_fd = 836 (active=833)
New client connected with client_fd = 837 (active=834)
New client connected with client_fd = 838 (active=835)
New client connected with client_fd = 839 (active=836)
New client connected with client_fd = 840 (active=837)
New client connected with client_fd = 841 (active=838)
New client connected with client_fd = 842 (active=839)
New client connected with client_fd = 843 (active=840)
New client connected with client_fd = 844 (active=841)
New client connected with client_fd = 845 (active=842)
New client connected with client_fd = 846 (active=843)
New client connected with client_fd = 847 (active=844)
New client connected with client_fd = 848 (active=845)
New client connected with client_fd = 849 (active=846)
New client connected with client_fd = 850 (active=847)
New client connected with client_fd = 851 (active=848)
New client connected with client_fd = 852 (active=849)
New client connected with client_fd = 853 (active=850)
New client connected with client_fd = 854 (active=851)
New client connected with client_fd = 855 (active=852)
New client connected with client_fd = 856 (active=853)
New client connected with client_fd = 857 (active=854)
New client connected with client_fd = 858 (active=855)
New client connected with client_fd = 859 (active=856)
New client connected with client_fd = 860 (active=857)
New client connected with client_fd = 861 (active=858)
New client connected with client_fd = 862 (active=859)
New client connected with client_fd = 863 (active=860)
New client connected with client_fd = 864 (active=861)
New client connected with client_fd = 865 (active=862)
New client connected with client_fd = 866 (active=863)
New client connected with client_fd = 867 (active=864)
New client connected with client_fd = 868 (active=865)
New client connected with client_fd = 869 (active=866)
New client connected with client_fd = 870 (active=867)
New client connected with client_fd = 871 (active=868)
New client connected with client_fd = 872 (active=869)
New client connected with client_fd = 873 (active=870)
New client connected with client_fd = 874 (active=871)
New client connected with client_fd = 875 (active=872)
New client connected with client_fd = 876 (active=873)
New client connected with client_fd = 877 (active=874)
New client connected with client_fd = 878 (active=875)
New client connected with client_fd = 879 (active=876)
New client connected with client_fd = 880 (active=877)
New client connected with client_fd = 881 (active=878)
New client connected with client_fd = 882 (active=879)
New client connected with client_fd = 883 (active=880)
New client connected with client_fd = 884 (active=881)
New client connected with client_fd = 885 (active=882)
New client connected with client_fd = 886 (active=883)
New client connected with client_fd = 887 (active=884)
New client connected with client_fd = 888 (active=885)
New client connected with client_fd = 889 (active=886)
New client connected with client_fd = 890 (active=887)
New client connected with client_fd = 891 (active=888)
New client connected with client_fd = 892 (active=889)
New client connected with client_fd = 893 (active=890)
New client connected with client_fd = 894 (active=891)
New client connected with client_fd = 895 (active=892)
New client connected with client_fd = 896 (active=893)
New client connected with client_fd = 897 (active=894)
New client connected with client_fd = 898 (active=895)
New client connected with client_fd = 899 (active=896)
New client connected with client_fd = 900 (active=897)
New client connected with client_fd = 901 (active=898)
New client connected with client_fd = 902 (active=899)
New client connected with client_fd = 903 (active=900)
New client connected with client_fd = 904 (active=901)
New client connected with client_fd = 905 (active=902)
New client connected with client_fd = 906 (active=903)
New client connected with client_fd = 907 (active=904)
New client connected with client_fd = 908 (active=905)
New client connected with client_fd = 909 (active=906)
New client connected with client_fd = 910 (active=907)
New client connected with client_fd = 911 (active=908)
New client connected with client_fd = 912 (active=909)
New client connected with client_fd = 913 (active=910)
New client connected with client_fd = 914 (active=911)
New client connected with client_fd = 915 (active=912)
New client connected with client_fd = 916 (active=913)
New client connected with client_fd = 917 (active=914)
New client connected with client_fd = 918 (active=915)
New client connected with client_fd = 919 (active=916)
New client connected with client_fd = 920 (active=917)
New client connected with client_fd = 921 (active=918)
New client connected with client_fd = 922 (active=919)
New client connected with client_fd = 923 (active=920)
New client connected with client_fd = 924 (active=921)
New client connected with client_fd = 925 (active=922)
New client connected with client_fd = 926 (active=923)
New client connected with client_fd = 927 (active=924)
New client connected with client_fd = 928 (active=925)
New client connected with client_fd = 929 (active=926)
New client connected with client_fd = 930 (active=927)
New client connected with client_fd = 931 (active=928)
New client connected with client_fd = 932 (active=929)
New client connected with client_fd = 933 (active=930)
New client connected with client_fd = 934 (active=931)
New client connected with client_fd = 935 (active=932)
New client connected with client_fd = 936 (active=933)
New client connected with client_fd = 937 (active=934)
New client connected with client_fd = 938 (active=935)
New client connected with client_fd = 939 (active=936)
New client connected with client_fd = 940 (active=937)
New client connected with client_fd = 941 (active=938)
New client connected with client_fd = 942 (active=939)
New client connected with client_fd = 943 (active=940)
New client connected with client_fd = 944 (active=941)
New client connected with client_fd = 945 (active=942)
New client connected with client_fd = 946 (active=943)
New client connected with client_fd = 947 (active=944)
New client connected with client_fd = 948 (active=945)
New client connected with client_fd = 949 (active=946)
New client connected with client_fd = 950 (active=947)
New client connected with client_fd = 951 (active=948)
New client connected with client_fd = 952 (active=949)
New client connected with client_fd = 953 (active=950)
New client connected with client_fd = 954 (active=951)
New client connected with client_fd = 955 (active=952)
New client connected with client_fd = 956 (active=953)
New client connected with client_fd = 957 (active=954)
New client connected with client_fd = 958 (active=955)
New client connected with client_fd = 959 (active=956)
New client connected with client_fd = 960 (active=957)
New client connected with client_fd = 961 (active=958)
New client connected with client_fd = 962 (active=959)
New client connected with client_fd = 963 (active=960)
New client connected with client_fd = 964 (active=961)
New client connected with client_fd = 965 (active=962)
New client connected with client_fd = 966 (active=963)
New client connected with client_fd = 967 (active=964)
New client connected with client_fd = 968 (active=965)
New client connected with client_fd = 969 (active=966)
New client connected with client_fd = 970 (active=967)
New client connected with client_fd = 971 (active=968)
New client connected with client_fd = 972 (active=969)
New client connected with client_fd = 973 (active=970)
New client connected with client_fd = 974 (active=971)
New client connected with client_fd = 975 (active=972)
New client connected with client_fd = 976 (active=973)
New client connected with client_fd = 977 (active=974)
New client connected with client_fd = 978 (active=975)
New client connected with client_fd = 979 (active=976)
New client connected with client_fd = 980 (active=977)
New client connected with client_fd = 981 (active=978)
New client connected with client_fd = 982 (active=979)
New client connected with client_fd = 983 (active=980)
New client connected with client_fd = 984 (active=981)
New client connected with client_fd = 985 (active=982)
New client connected with client_fd = 986 (active=983)
New client connected with client_fd = 987 (active=984)
New client connected with client_fd = 988 (active=985)
New client connected with client_fd = 989 (active=986)
New client connected with client_fd = 990 (active=987)
New client connected with client_fd = 991 (active=988)
New client connected with client_fd = 992 (active=989)
New client connected with client_fd = 993 (active=990)
New client connected with client_fd = 994 (active=991)
New client connected with client_fd = 995 (active=992)
New client connected with client_fd = 996 (active=993)
New client connected with client_fd = 997 (active=994)
New client connected with client_fd = 998 (active=995)
New client connected with client_fd = 999 (active=996)
New client connected with client_fd = 1000 (active=997)
New client connected with client_fd = 1001 (active=998)
New client connected with client_fd = 1002 (active=999)
New client connected with client_fd = 1003 (active=1000)
New client connected with client_fd = 1004 (active=1001)
New client connected with client_fd = 1005 (active=1002)
New client connected with client_fd = 1006 (active=1003)
New client connected with client_fd = 1007 (active=1004)
New client connected with client_fd = 1008 (active=1005)
New client connected with client_fd = 1009 (active=1006)
New client connected with client_fd = 1010 (active=1007)
New client connected with client_fd = 1011 (active=1008)
New client connected with client_fd = 1012 (active=1009)
New client connected with client_fd = 1013 (active=1010)
New client connected with client_fd = 1014 (active=1011)
New client connected with client_fd = 1015 (active=1012)
New client connected with client_fd = 1016 (active=1013)
New client connected with client_fd = 1017 (active=1014)
New client connected with client_fd = 1018 (active=1015)
New client connected with client_fd = 1019 (active=1016)
New client connected with client_fd = 1020 (active=1017)
New client connected with client_fd = 1021 (active=1018)
New client connected with client_fd = 1022 (active=1019)
New client connected with client_fd = 1023 (active=1020)
New client connected with client_fd = 1024 (active=1021)
New client connected with client_fd = 1025 (active=1022)
New client connected with client_fd = 1026 (active=1023)
New client connected with client_fd = 1027 (active=1024)
New client connected with client_fd = 1028 (active=1025)
New client connected with client_fd = 1029 (active=1026)
New client connected with client_fd = 1030 (active=1027)
New client connected with client_fd = 1031 (active=1028)
New client connected with client_fd = 1032 (active=1029)
New client connected with client_fd = 1033 (active=1030)
New client connected with client_fd = 1034 (active=1031)
New client connected with client_fd = 1035 (active=1032)
New client connected with client_fd = 1036 (active=1033)
New client connected with client_fd = 1037 (active=1034)
New client connected with client_fd = 1038 (active=1035)
New client connected with client_fd = 1039 (active=1036)
New client connected with client_fd = 1040 (active=1037)
New client connected with client_fd = 1041 (active=1038)
New client connected with client_fd = 1042 (active=1039)
New client connected with client_fd = 1043 (active=1040)
New client connected with client_fd = 1044 (active=1041)
New client connected with client_fd = 1045 (active=1042)
New client connected with client_fd = 1046 (active=1043)
New client connected with client_fd = 1047 (active=1044)
New client connected with client_fd = 1048 (active=1045)
New client connected with client_fd = 1049 (active=1046)
New client connected with client_fd = 1050 (active=1047)
New client connected with client_fd = 1051 (active=1048)
New client connected with client_fd = 1052 (active=1049)
New client connected with client_fd = 1053 (active=1050)
New client connected with client_fd = 1054 (active=1051)
New client connected with client_fd = 1055 (active=1052)
New client connected with client_fd = 1056 (active=1053)
New client connected with client_fd = 1057 (active=1054)
New client connected with client_fd = 1058 (active=1055)
New client connected with client_fd = 1059 (active=1056)
New client connected with client_fd = 1060 (active=1057)
New client connected with client_fd = 1061 (active=1058)
New client connected with client_fd = 1062 (active=1059)
New client connected with client_fd = 1063 (active=1060)
New client connected with client_fd = 1064 (active=1061)
New client connected with client_fd = 1065 (active=1062)
New client connected with client_fd = 1066 (active=1063)
New client connected with client_fd = 1067 (active=1064)
New client connected with client_fd = 1068 (active=1065)
New client connected with client_fd = 1069 (active=1066)
New client connected with client_fd = 1070 (active=1067)
New client connected with client_fd = 1071 (active=1068)
New client connected with client_fd = 1072 (active=1069)
New client connected with client_fd = 1073 (active=1070)
New client connected with client_fd = 1074 (active=1071)
New client connected with client_fd = 1075 (active=1072)
New client connected with client_fd = 1076 (active=1073)
New client connected with client_fd = 1077 (active=1074)
New client connected with client_fd = 1078 (active=1075)
New client connected with client_fd = 1079 (active=1076)
New client connected with client_fd = 1080 (active=1077)
New client connected with client_fd = 1081 (active=1078)
New client connected with client_fd = 1082 (active=1079)
New client connected with client_fd = 1083 (active=1080)
New client connected with client_fd = 1084 (active=1081)
New client connected with client_fd = 1085 (active=1082)
New client connected with client_fd = 1086 (active=1083)
New client connected with client_fd = 1087 (active=1084)
New client connected with client_fd = 1088 (active=1085)
New client connected with client_fd = 1089 (active=1086)
New client connected with client_fd = 1090 (active=1087)
New client connected with client_fd = 1091 (active=1088)
New client connected with client_fd = 1092 (active=1089)
New client connected with client_fd = 1093 (active=1090)
New client connected with client_fd = 1094 (active=1091)
New client connected with client_fd = 1095 (active=1092)
New client connected with client_fd = 1096 (active=1093)
New client connected with client_fd = 1097 (active=1094)
New client connected with client_fd = 1098 (active=1095)
New client connected with client_fd = 1099 (active=1096)
New client connected with client_fd = 1100 (active=1097)
New client connected with client_fd = 1101 (active=1098)
New client connected with client_fd = 1102 (active=1099)
New client connected with client_fd = 1103 (active=1100)
New client connected with client_fd = 1104 (active=1101)
New client connected with client_fd = 1105 (active=1102)
New client connected with client_fd = 1106 (active=1103)
New client connected with client_fd = 1107 (active=1104)
New client connected with client_fd = 1108 (active=1105)
New client connected with client_fd = 1109 (active=1106)
New client connected with client_fd = 1110 (active=1107)
New client connected with client_fd = 1111 (active=1108)
New client connected with client_fd = 1112 (active=1109)
New client connected with client_fd = 1113 (active=1110)
New client connected with client_fd = 1114 (active=1111)
New client connected with client_fd = 1115 (active=1112)
New client connected with client_fd = 1116 (active=1113)
New client connected with client_fd = 1117 (active=1114)
New client connected with client_fd = 1118 (active=1115)
New client connected with client_fd = 1119 (active=1116)
New client connected with client_fd = 1120 (active=1117)
New client connected with client_fd = 1121 (active=1118)
New client connected with client_fd = 1122 (active=1119)
New client connected with client_fd = 1123 (active=1120)
New client connected with client_fd = 1124 (active=1121)
New client connected with client_fd = 1125 (active=1122)
New client connected with client_fd = 1126 (active=1123)
New client connected with client_fd = 1127 (active=1124)
New client connected with client_fd = 1128 (active=1125)
New client connected with client_fd = 1129 (active=1126)
New client connected with client_fd = 1130 (active=1127)
New client connected with client_fd = 1131 (active=1128)
New client connected with client_fd = 1132 (active=1129)
New client connected with client_fd = 1133 (active=1130)
New client connected with client_fd = 1134 (active=1131)
New client connected with client_fd = 1135 (active=1132)
New client connected with client_fd = 1136 (active=1133)
New client connected with client_fd = 1137 (active=1134)
New client connected with client_fd = 1138 (active=1135)
New client connected with client_fd = 1139 (active=1136)
New client connected with client_fd = 1140 (active=1137)
New client connected with client_fd = 1141 (active=1138)
New client connected with client_fd = 1142 (active=1139)
New client connected with client_fd = 1143 (active=1140)
New client connected with client_fd = 1144 (active=1141)
New client connected with client_fd = 1145 (active=1142)
New client connected with client_fd = 1146 (active=1143)
New client connected with client_fd = 1147 (active=1144)
New client connected with client_fd = 1148 (active=1145)
New client connected with client_fd = 1149 (active=1146)
New client connected with client_fd = 1150 (active=1147)
New client connected with client_fd = 1151 (active=1148)
New client connected with client_fd = 1152 (active=1149)
New client connected with client_fd = 1153 (active=1150)
New client connected with client_fd = 1154 (active=1151)
New client connected with client_fd = 1155 (active=1152)
New client connected with client_fd = 1156 (active=1153)
New client connected with client_fd = 1157 (active=1154)
New client connected with client_fd = 1158 (active=1155)
New client connected with client_fd = 1159 (active=1156)
New client connected with client_fd = 1160 (active=1157)
New client connected with client_fd = 1161 (active=1158)
New client connected with client_fd = 1162 (active=1159)
New client connected with client_fd = 1163 (active=1160)
New client connected with client_fd = 1164 (active=1161)
New client connected with client_fd = 1165 (active=1162)
New client connected with client_fd = 1166 (active=1163)
New client connected with client_fd = 1167 (active=1164)
New client connected with client_fd = 1168 (active=1165)
New client connected with client_fd = 1169 (active=1166)
New client connected with client_fd = 1170 (active=1167)
New client connected with client_fd = 1171 (active=1168)
New client connected with client_fd = 1172 (active=1169)
New client connected with client_fd = 1173 (active=1170)
New client connected with client_fd = 1174 (active=1171)
New client connected with client_fd = 1175 (active=1172)
New client connected with client_fd = 1176 (active=1173)
New client connected with client_fd = 1177 (active=1174)
New client connected with client_fd = 1178 (active=1175)
New client connected with client_fd = 1179 (active=1176)
New client connected with client_fd = 1180 (active=1177)
New client connected with client_fd = 1181 (active=1178)
New client connected with client_fd = 1182 (active=1179)
New client connected with client_fd = 1183 (active=1180)
New client connected with client_fd = 1184 (active=1181)
New client connected with client_fd = 1185 (active=1182)
New client connected with client_fd = 1186 (active=1183)
New client connected with client_fd = 1187 (active=1184)
New client connected with client_fd = 1188 (active=1185)
New client connected with client_fd = 1189 (active=1186)
New client connected with client_fd = 1190 (active=1187)
New client connected with client_fd = 1191 (active=1188)
New client connected with client_fd = 1192 (active=1189)
New client connected with client_fd = 1193 (active=1190)
New client connected with client_fd = 1194 (active=1191)
New client connected with client_fd = 1195 (active=1192)
New client connected with client_fd = 1196 (active=1193)
New client connected with client_fd = 1197 (active=1194)
New client connected with client_fd = 1198 (active=1195)
New client connected with client_fd = 1199 (active=1196)
New client connected with client_fd = 1200 (active=1197)
New client connected with client_fd = 1201 (active=1198)
New client connected with client_fd = 1202 (active=1199)
New client connected with client_fd = 1203 (active=1200)
New client connected with client_fd = 1204 (active=1201)
New client connected with client_fd = 1205 (active=1202)
New client connected with client_fd = 1206 (active=1203)
New client connected with client_fd = 1207 (active=1204)
New client connected with client_fd = 1208 (active=1205)
New client connected with client_fd = 1209 (active=1206)
New client connected with client_fd = 1210 (active=1207)
New client connected with client_fd = 1211 (active=1208)
New client connected with client_fd = 1212 (active=1209)
New client connected with client_fd = 1213 (active=1210)
New client connected with client_fd = 1214 (active=1211)
New client connected with client_fd = 1215 (active=1212)
New client connected with client_fd = 1216 (active=1213)
New client connected with client_fd = 1217 (active=1214)
New client connected with client_fd = 1218 (active=1215)
New client connected with client_fd = 1219 (active=1216)
New client connected with client_fd = 1220 (active=1217)
New client connected with client_fd = 1221 (active=1218)
New client connected with client_fd = 1222 (active=1219)
New client connected with client_fd = 1223 (active=1220)
New client connected with client_fd = 1224 (active=1221)
New client connected with client_fd = 1225 (active=1222)
New client connected with client_fd = 1226 (active=1223)
New client connected with client_fd = 1227 (active=1224)
New client connected with client_fd = 1228 (active=1225)
New client connected with client_fd = 1229 (active=1226)
New client connected with client_fd = 1230 (active=1227)
New client connected with client_fd = 1231 (active=1228)
New client connected with client_fd = 1232 (active=1229)
New client connected with client_fd = 1233 (active=1230)
New client connected with client_fd = 1234 (active=1231)
New client connected with client_fd = 1235 (active=1232)
New client connected with client_fd = 1236 (active=1233)
New client connected with client_fd = 1237 (active=1234)
New client connected with client_fd = 1238 (active=1235)
New client connected with client_fd = 1239 (active=1236)
New client connected with client_fd = 1240 (active=1237)
New client connected with client_fd = 1241 (active=1238)
New client connected with client_fd = 1242 (active=1239)
New client connected with client_fd = 1243 (active=1240)
New client connected with client_fd = 1244 (active=1241)
New client connected with client_fd = 1245 (active=1242)
New client connected with client_fd = 1246 (active=1243)
New client connected with client_fd = 1247 (active=1244)
New client connected with client_fd = 1248 (active=1245)
New client connected with client_fd = 1249 (active=1246)
New client connected with client_fd = 1250 (active=1247)
New client connected with client_fd = 1251 (active=1248)
New client connected with client_fd = 1252 (active=1249)
New client connected with client_fd = 1253 (active=1250)
New client connected with client_fd = 1254 (active=1251)
New client connected with client_fd = 1255 (active=1252)
New client connected with client_fd = 1256 (active=1253)
New client connected with client_fd = 1257 (active=1254)
New client connected with client_fd = 1258 (active=1255)
New client connected with client_fd = 1259 (active=1256)
New client connected with client_fd = 1260 (active=1257)
New client connected with client_fd = 1261 (active=1258)
New client connected with client_fd = 1262 (active=1259)
New client connected with client_fd = 1263 (active=1260)
New client connected with client_fd = 1264 (active=1261)
New client connected with client_fd = 1265 (active=1262)
New client connected with client_fd = 1266 (active=1263)
New client connected with client_fd = 1267 (active=1264)
New client connected with client_fd = 1268 (active=1265)
New client connected with client_fd = 1269 (active=1266)
New client connected with client_fd = 1270 (active=1267)
New client connected with client_fd = 1271 (active=1268)
New client connected with client_fd = 1272 (active=1269)
New client connected with client_fd = 1273 (active=1270)
New client connected with client_fd = 1274 (active=1271)
New client connected with client_fd = 1275 (active=1272)
New client connected with client_fd = 1276 (active=1273)
New client connected with client_fd = 1277 (active=1274)
New client connected with client_fd = 1278 (active=1275)
New client connected with client_fd = 1279 (active=1276)
New client connected with client_fd = 1280 (active=1277)
New client connected with client_fd = 1281 (active=1278)
New client connected with client_fd = 1282 (active=1279)
New client connected with client_fd = 1283 (active=1280)
New client connected with client_fd = 1284 (active=1281)
New client connected with client_fd = 1285 (active=1282)
New client connected with client_fd = 1286 (active=1283)
New client connected with client_fd = 1287 (active=1284)
New client connected with client_fd = 1288 (active=1285)
New client connected with client_fd = 1289 (active=1286)
New client connected with client_fd = 1290 (active=1287)
New client connected with client_fd = 1291 (active=1288)
New client connected with client_fd = 1292 (active=1289)
New client connected with client_fd = 1293 (active=1290)
New client connected with client_fd = 1294 (active=1291)
New client connected with client_fd = 1295 (active=1292)
New client connected with client_fd = 1296 (active=1293)
New client connected with client_fd = 1297 (active=1294)
New client connected with client_fd = 1298 (active=1295)
New client connected with client_fd = 1299 (active=1296)
New client connected with client_fd = 1300 (active=1297)
New client connected with client_fd = 1301 (active=1298)
New client connected with client_fd = 1302 (active=1299)
New client connected with client_fd = 1303 (active=1300)
New client connected with client_fd = 1304 (active=1301)
New client connected with client_fd = 1305 (active=1302)
New client connected with client_fd = 1306 (active=1303)
New client connected with client_fd = 1307 (active=1304)
New client connected with client_fd = 1308 (active=1305)
New client connected with client_fd = 1309 (active=1306)
New client connected with client_fd = 1310 (active=1307)
New client connected with client_fd = 1311 (active=1308)
New client connected with client_fd = 1312 (active=1309)
New client connected with client_fd = 1313 (active=1310)
New client connected with client_fd = 1314 (active=1311)
New client connected with client_fd = 1315 (active=1312)
New client connected with client_fd = 1316 (active=1313)
New client connected with client_fd = 1317 (active=1314)
New client connected with client_fd = 1318 (active=1315)
New client connected with client_fd = 1319 (active=1316)
New client connected with client_fd = 1320 (active=1317)
New client connected with client_fd = 1321 (active=1318)
New client connected with client_fd = 1322 (active=1319)
New client connected with client_fd = 1323 (active=1320)
New client connected with client_fd = 1324 (active=1321)
New client connected with client_fd = 1325 (active=1322)
New client connected with client_fd = 1326 (active=1323)
New client connected with client_fd = 1327 (active=1324)
New client connected with client_fd = 1328 (active=1325)
New client connected with client_fd = 1329 (active=1326)
New client connected with client_fd = 1330 (active=1327)
New client connected with client_fd = 1331 (active=1328)
New client connected with client_fd = 1332 (active=1329)
New client connected with client_fd = 1333 (active=1330)
New client connected with client_fd = 1334 (active=1331)
New client connected with client_fd = 1335 (active=1332)
New client connected with client_fd = 1336 (active=1333)
New client connected with client_fd = 1337 (active=1334)
New client connected with client_fd = 1338 (active=1335)
New client connected with client_fd = 1339 (active=1336)
New client connected with client_fd = 1340 (active=1337)
New client connected with client_fd = 1341 (active=1338)
New client connected with client_fd = 1342 (active=1339)
New client connected with client_fd = 1343 (active=1340)
New client connected with client_fd = 1344 (active=1341)
New client connected with client_fd = 1345 (active=1342)
New client connected with client_fd = 1346 (active=1343)
New client connected with client_fd = 1347 (active=1344)
New client connected with client_fd = 1348 (active=1345)
New client connected with client_fd = 1349 (active=1346)
New client connected with client_fd = 1350 (active=1347)
New client connected with client_fd = 1351 (active=1348)
New client connected with client_fd = 1352 (active=1349)
New client connected with client_fd = 1353 (active=1350)
New client connected with client_fd = 1354 (active=1351)
New client connected with client_fd = 1355 (active=1352)
New client connected with client_fd = 1356 (active=1353)
New client connected with client_fd = 1357 (active=1354)
New client connected with client_fd = 1358 (active=1355)
New client connected with client_fd = 1359 (active=1356)
New client connected with client_fd = 1360 (active=1357)
New client connected with client_fd = 1361 (active=1358)
New client connected with client_fd = 1362 (active=1359)
New client connected with client_fd = 1363 (active=1360)
New client connected with client_fd = 1364 (active=1361)
New client connected with client_fd = 1365 (active=1362)
New client connected with client_fd = 1366 (active=1363)
New client connected with client_fd = 1367 (active=1364)
New client connected with client_fd = 1368 (active=1365)
New client connected with client_fd = 1369 (active=1366)
New client connected with client_fd = 1370 (active=1367)
New client connected with client_fd = 1371 (active=1368)
New client connected with client_fd = 1372 (active=1369)
New client connected with client_fd = 1373 (active=1370)
New client connected with client_fd = 1374 (active=1371)
New client connected with client_fd = 1375 (active=1372)
New client connected with client_fd = 1376 (active=1373)
New client connected with client_fd = 1377 (active=1374)
New client connected with client_fd = 1378 (active=1375)
New client connected with client_fd = 1379 (active=1376)
New client connected with client_fd = 1380 (active=1377)
New client connected with client_fd = 1381 (active=1378)
New client connected with client_fd = 1382 (active=1379)
New client connected with client_fd = 1383 (active=1380)
New client connected with client_fd = 1384 (active=1381)
New client connected with client_fd = 1385 (active=1382)
New client connected with client_fd = 1386 (active=1383)
New client connected with client_fd = 1387 (active=1384)
New client connected with client_fd = 1388 (active=1385)
New client connected with client_fd = 1389 (active=1386)
New client connected with client_fd = 1390 (active=1387)
New client connected with client_fd = 1391 (active=1388)
New client connected with client_fd = 1392 (active=1389)
New client connected with client_fd = 1393 (active=1390)
New client connected with client_fd = 1394 (active=1391)
New client connected with client_fd = 1395 (active=1392)
New client connected with client_fd = 1396 (active=1393)
New client connected with client_fd = 1397 (active=1394)
New client connected with client_fd = 1398 (active=1395)
New client connected with client_fd = 1399 (active=1396)
New client connected with client_fd = 1400 (active=1397)
New client connected with client_fd = 1401 (active=1398)
New client connected with client_fd = 1402 (active=1399)
New client connected with client_fd = 1403 (active=1400)
New client connected with client_fd = 1404 (active=1401)
New client connected with client_fd = 1405 (active=1402)
New client connected with client_fd = 1406 (active=1403)
New client connected with client_fd = 1407 (active=1404)
New client connected with client_fd = 1408 (active=1405)
New client connected with client_fd = 1409 (active=1406)
New client connected with client_fd = 1410 (active=1407)
New client connected with client_fd = 1411 (active=1408)
New client connected with client_fd = 1412 (active=1409)
New client connected with client_fd = 1413 (active=1410)
New client connected with client_fd = 1414 (active=1411)
New client connected with client_fd = 1415 (active=1412)
New client connected with client_fd = 1416 (active=1413)
New client connected with client_fd = 1417 (active=1414)
New client connected with client_fd = 1418 (active=1415)
New client connected with client_fd = 1419 (active=1416)
New client connected with client_fd = 1420 (active=1417)
New client connected with client_fd = 1421 (active=1418)
New client connected with client_fd = 1422 (active=1419)
New client connected with client_fd = 1423 (active=1420)
New client connected with client_fd = 1424 (active=1421)
New client connected with client_fd = 1425 (active=1422)
New client connected with client_fd = 1426 (active=1423)
New client connected with client_fd = 1427 (active=1424)
New client connected with client_fd = 1428 (active=1425)
New client connected with client_fd = 1429 (active=1426)
New client connected with client_fd = 1430 (active=1427)
New client connected with client_fd = 1431 (active=1428)
New client connected with client_fd = 1432 (active=1429)
New client connected with client_fd = 1433 (active=1430)
New client connected with client_fd = 1434 (active=1431)
New client connected with client_fd = 1435 (active=1432)
New client connected with client_fd = 1436 (active=1433)
New client connected with client_fd = 1437 (active=1434)
New client connected with client_fd = 1438 (active=1435)
New client connected with client_fd = 1439 (active=1436)
New client connected with client_fd = 1440 (active=1437)
New client connected with client_fd = 1441 (active=1438)
New client connected with client_fd = 1442 (active=1439)
New client connected with client_fd = 1443 (active=1440)
New client connected with client_fd = 1444 (active=1441)
New client connected with client_fd = 1445 (active=1442)
New client connected with client_fd = 1446 (active=1443)
New client connected with client_fd = 1447 (active=1444)
New client connected with client_fd = 1448 (active=1445)
New client connected with client_fd = 1449 (active=1446)
New client connected with client_fd = 1450 (active=1447)
New client connected with client_fd = 1451 (active=1448)
New client connected with client_fd = 1452 (active=1449)
New client connected with client_fd = 1453 (active=1450)
New client connected with client_fd = 1454 (active=1451)
New client connected with client_fd = 1455 (active=1452)
New client connected with client_fd = 1456 (active=1453)
New client connected with client_fd = 1457 (active=1454)
New client connected with client_fd = 1458 (active=1455)
New client connected with client_fd = 1459 (active=1456)
New client connected with client_fd = 1460 (active=1457)
New client connected with client_fd = 1461 (active=1458)
New client connected with client_fd = 1462 (active=1459)
New client connected with client_fd = 1463 (active=1460)
New client connected with client_fd = 1464 (active=1461)
New client connected with client_fd = 1465 (active=1462)
New client connected with client_fd = 1466 (active=1463)
New client connected with client_fd = 1467 (active=1464)
New client connected with client_fd = 1468 (active=1465)
New client connected with client_fd = 1469 (active=1466)
New client connected with client_fd = 1470 (active=1467)
New client connected with client_fd = 1471 (active=1468)
New client connected with client_fd = 1472 (active=1469)
New client connected with client_fd = 1473 (active=1470)
New client connected with client_fd = 1474 (active=1471)
New client connected with client_fd = 1475 (active=1472)
New client connected with client_fd = 1476 (active=1473)
New client connected with client_fd = 1477 (active=1474)
New client connected with client_fd = 1478 (active=1475)
New client connected with client_fd = 1479 (active=1476)
New client connected with client_fd = 1480 (active=1477)
New client connected with client_fd = 1481 (active=1478)
New client connected with client_fd = 1482 (active=1479)
New client connected with client_fd = 1483 (active=1480)
New client connected with client_fd = 1484 (active=1481)
New client connected with client_fd = 1485 (active=1482)
New client connected with client_fd = 1486 (active=1483)
New client connected with client_fd = 1487 (active=1484)
New client connected with client_fd = 1488 (active=1485)
New client connected with client_fd = 1489 (active=1486)
New client connected with client_fd = 1490 (active=1487)
New client connected with client_fd = 1491 (active=1488)
New client connected with client_fd = 1492 (active=1489)
New client connected with client_fd = 1493 (active=1490)
New client connected with client_fd = 1494 (active=1491)
New client connected with client_fd = 1495 (active=1492)
New client connected with client_fd = 1496 (active=1493)
New client connected with client_fd = 1497 (active=1494)
New client connected with client_fd = 1498 (active=1495)
New client connected with client_fd = 1499 (active=1496)
New client connected with client_fd = 1500 (active=1497)
New client connected with client_fd = 1501 (active=1498)
New client connected with client_fd = 1502 (active=1499)
New client connected with client_fd = 1503 (active=1500)
New client connected with client_fd = 1504 (active=1501)
New client connected with client_fd = 1505 (active=1502)
New client connected with client_fd = 1506 (active=1503)
New client connected with client_fd = 1507 (active=1504)
New client connected with client_fd = 1508 (active=1505)
New client connected with client_fd = 1509 (active=1506)
New client connected with client_fd = 1510 (active=1507)
New client connected with client_fd = 1511 (active=1508)
New client connected with client_fd = 1512 (active=1509)
New client connected with client_fd = 1513 (active=1510)
New client connected with client_fd = 1514 (active=1511)
New client connected with client_fd = 1515 (active=1512)
New client connected with client_fd = 1516 (active=1513)
New client connected with client_fd = 1517 (active=1514)
New client connected with client_fd = 1518 (active=1515)
New client connected with client_fd = 1519 (active=1516)
New client connected with client_fd = 1520 (active=1517)
New client connected with client_fd = 1521 (active=1518)
New client connected with client_fd = 1522 (active=1519)
New client connected with client_fd = 1523 (active=1520)
New client connected with client_fd = 1524 (active=1521)
New client connected with client_fd = 1525 (active=1522)
New client connected with client_fd = 1526 (active=1523)
New client connected with client_fd = 1527 (active=1524)
New client connected with client_fd = 1528 (active=1525)
New client connected with client_fd = 1529 (active=1526)
New client connected with client_fd = 1530 (active=1527)
New client connected with client_fd = 1531 (active=1528)
New client connected with client_fd = 1532 (active=1529)
New client connected with client_fd = 1533 (active=1530)
New client connected with client_fd = 1534 (active=1531)
New client connected with client_fd = 1535 (active=1532)
New client connected with client_fd = 1536 (active=1533)
New client connected with client_fd = 1537 (active=1534)
New client connected with client_fd = 1538 (active=1535)
New client connected with client_fd = 1539 (active=1536)
New client connected with client_fd = 1540 (active=1537)
New client connected with client_fd = 1541 (active=1538)
New client connected with client_fd = 1542 (active=1539)
New client connected with client_fd = 1543 (active=1540)
New client connected with client_fd = 1544 (active=1541)
New client connected with client_fd = 1545 (active=1542)
New client connected with client_fd = 1546 (active=1543)
New client connected with client_fd = 1547 (active=1544)
New client connected with client_fd = 1548 (active=1545)
New client connected with client_fd = 1549 (active=1546)
New client connected with client_fd = 1550 (active=1547)
New client connected with client_fd = 1551 (active=1548)
New client connected with client_fd = 1552 (active=1549)
New client connected with client_fd = 1553 (active=1550)
New client connected with client_fd = 1554 (active=1551)
New client connected with client_fd = 1555 (active=1552)
New client connected with client_fd = 1556 (active=1553)
New client connected with client_fd = 1557 (active=1554)
New client connected with client_fd = 1558 (active=1555)
New client connected with client_fd = 1559 (active=1556)
New client connected with client_fd = 1560 (active=1557)
New client connected with client_fd = 1561 (active=1558)
New client connected with client_fd = 1562 (active=1559)
New client connected with client_fd = 1563 (active=1560)
New client connected with client_fd = 1564 (active=1561)
New client connected with client_fd = 1565 (active=1562)
New client connected with client_fd = 1566 (active=1563)
New client connected with client_fd = 1567 (active=1564)
New client connected with client_fd = 1568 (active=1565)
New client connected with client_fd = 1569 (active=1566)
New client connected with client_fd = 1570 (active=1567)
New client connected with client_fd = 1571 (active=1568)
New client connected with client_fd = 1572 (active=1569)
New client connected with client_fd = 1573 (active=1570)
New client connected with client_fd = 1574 (active=1571)
New client connected with client_fd = 1575 (active=1572)
New client connected with client_fd = 1576 (active=1573)
New client connected with client_fd = 1577 (active=1574)
New client connected with client_fd = 1578 (active=1575)
New client connected with client_fd = 1579 (active=1576)
New client connected with client_fd = 1580 (active=1577)
New client connected with client_fd = 1581 (active=1578)
New client connected with client_fd = 1582 (active=1579)
New client connected with client_fd = 1583 (active=1580)
New client connected with client_fd = 1584 (active=1581)
New client connected with client_fd = 1585 (active=1582)
New client connected with client_fd = 1586 (active=1583)
New client connected with client_fd = 1587 (active=1584)
New client connected with client_fd = 1588 (active=1585)
New client connected with client_fd = 1589 (active=1586)
New client connected with client_fd = 1590 (active=1587)
New client connected with client_fd = 1591 (active=1588)
New client connected with client_fd = 1592 (active=1589)
New client connected with client_fd = 1593 (active=1590)
New client connected with client_fd = 1594 (active=1591)
New client connected with client_fd = 1595 (active=1592)
New client connected with client_fd = 1596 (active=1593)
New client connected with client_fd = 1597 (active=1594)
New client connected with client_fd = 1598 (active=1595)
New client connected with client_fd = 1599 (active=1596)
New client connected with client_fd = 1600 (active=1597)
New client connected with client_fd = 1601 (active=1598)
New client connected with client_fd = 1602 (active=1599)
New client connected with client_fd = 1603 (active=1600)
New client connected with client_fd = 1604 (active=1601)
New client connected with client_fd = 1605 (active=1602)
New client connected with client_fd = 1606 (active=1603)
New client connected with client_fd = 1607 (active=1604)
New client connected with client_fd = 1608 (active=1605)
New client connected with client_fd = 1609 (active=1606)
New client connected with client_fd = 1610 (active=1607)
New client connected with client_fd = 1611 (active=1608)
New client connected with client_fd = 1612 (active=1609)
New client connected with client_fd = 1613 (active=1610)
New client connected with client_fd = 1614 (active=1611)
New client connected with client_fd = 1615 (active=1612)
New client connected with client_fd = 1616 (active=1613)
New client connected with client_fd = 1617 (active=1614)
New client connected with client_fd = 1618 (active=1615)
New client connected with client_fd = 1619 (active=1616)
New client connected with client_fd = 1620 (active=1617)
New client connected with client_fd = 1621 (active=1618)
New client connected with client_fd = 1622 (active=1619)
New client connected with client_fd = 1623 (active=1620)
New client connected with client_fd = 1624 (active=1621)
New client connected with client_fd = 1625 (active=1622)
New client connected with client_fd = 1626 (active=1623)
New client connected with client_fd = 1627 (active=1624)
New client connected with client_fd = 1628 (active=1625)
New client connected with client_fd = 1629 (active=1626)
New client connected with client_fd = 1630 (active=1627)
New client connected with client_fd = 1631 (active=1628)
New client connected with client_fd = 1632 (active=1629)
New client connected with client_fd = 1633 (active=1630)
New client connected with client_fd = 1634 (active=1631)
New client connected with client_fd = 1635 (active=1632)
New client connected with client_fd = 1636 (active=1633)
New client connected with client_fd = 1637 (active=1634)
New client connected with client_fd = 1638 (active=1635)
New client connected with client_fd = 1639 (active=1636)
New client connected with client_fd = 1640 (active=1637)
New client connected with client_fd = 1641 (active=1638)
New client connected with client_fd = 1642 (active=1639)
New client connected with client_fd = 1643 (active=1640)
New client connected with client_fd = 1644 (active=1641)
New client connected with client_fd = 1645 (active=1642)
New client connected with client_fd = 1646 (active=1643)
New client connected with client_fd = 1647 (active=1644)
New client connected with client_fd = 1648 (active=1645)
New client connected with client_fd = 1649 (active=1646)
New client connected with client_fd = 1650 (active=1647)
New client connected with client_fd = 1651 (active=1648)
New client connected with client_fd = 1652 (active=1649)
New client connected with client_fd = 1653 (active=1650)
New client connected with client_fd = 1654 (active=1651)
New client connected with client_fd = 1655 (active=1652)
New client connected with client_fd = 1656 (active=1653)
New client connected with client_fd = 1657 (active=1654)
New client connected with client_fd = 1658 (active=1655)
New client connected with client_fd = 1659 (active=1656)
New client connected with client_fd = 1660 (active=1657)
New client connected with client_fd = 1661 (active=1658)
New client connected with client_fd = 1662 (active=1659)
New client connected with client_fd = 1663 (active=1660)
New client connected with client_fd = 1664 (active=1661)
New client connected with client_fd = 1665 (active=1662)
New client connected with client_fd = 1666 (active=1663)
New client connected with client_fd = 1667 (active=1664)
New client connected with client_fd = 1668 (active=1665)
New client connected with client_fd = 1669 (active=1666)
New client connected with client_fd = 1670 (active=1667)
New client connected with client_fd = 1671 (active=1668)
New client connected with client_fd = 1672 (active=1669)
New client connected with client_fd = 1673 (active=1670)
New client connected with client_fd = 1674 (active=1671)
New client connected with client_fd = 1675 (active=1672)
New client connected with client_fd = 1676 (active=1673)
New client connected with client_fd = 1677 (active=1674)
New client connected with client_fd = 1678 (active=1675)
New client connected with client_fd = 1679 (active=1676)
New client connected with client_fd = 1680 (active=1677)
New client connected with client_fd = 1681 (active=1678)
New client connected with client_fd = 1682 (active=1679)
New client connected with client_fd = 1683 (active=1680)
New client connected with client_fd = 1684 (active=1681)
New client connected with client_fd = 1685 (active=1682)
New client connected with client_fd = 1686 (active=1683)
New client connected with client_fd = 1687 (active=1684)
New client connected with client_fd = 1688 (active=1685)
New client connected with client_fd = 1689 (active=1686)
New client connected with client_fd = 1690 (active=1687)
New client connected with client_fd = 1691 (active=1688)
New client connected with client_fd = 1692 (active=1689)
New client connected with client_fd = 1693 (active=1690)
New client connected with client_fd = 1694 (active=1691)
New client connected with client_fd = 1695 (active=1692)
New client connected with client_fd = 1696 (active=1693)
New client connected with client_fd = 1697 (active=1694)
New client connected with client_fd = 1698 (active=1695)
New client connected with client_fd = 1699 (active=1696)
New client connected with client_fd = 1700 (active=1697)
New client connected with client_fd = 1701 (active=1698)
New client connected with client_fd = 1702 (active=1699)
New client connected with client_fd = 1703 (active=1700)
New client connected with client_fd = 1704 (active=1701)
New client connected with client_fd = 1705 (active=1702)
New client connected with client_fd = 1706 (active=1703)
New client connected with client_fd = 1707 (active=1704)
New client connected with client_fd = 1708 (active=1705)
New client connected with client_fd = 1709 (active=1706)
New client connected with client_fd = 1710 (active=1707)
New client connected with client_fd = 1711 (active=1708)
New client connected with client_fd = 1712 (active=1709)
New client connected with client_fd = 1713 (active=1710)
New client connected with client_fd = 1714 (active=1711)
New client connected with client_fd = 1715 (active=1712)
New client connected with client_fd = 1716 (active=1713)
New client connected with client_fd = 1717 (active=1714)
New client connected with client_fd = 1718 (active=1715)
New client connected with client_fd = 1719 (active=1716)
New client connected with client_fd = 1720 (active=1717)
New client connected with client_fd = 1721 (active=1718)
New client connected with client_fd = 1722 (active=1719)
New client connected with client_fd = 1723 (active=1720)
New client connected with client_fd = 1724 (active=1721)
New client connected with client_fd = 1725 (active=1722)
New client connected with client_fd = 1726 (active=1723)
New client connected with client_fd = 1727 (active=1724)
New client connected with client_fd = 1728 (active=1725)
New client connected with client_fd = 1729 (active=1726)
New client connected with client_fd = 1730 (active=1727)
New client connected with client_fd = 1731 (active=1728)
New client connected with client_fd = 1732 (active=1729)
New client connected with client_fd = 1733 (active=1730)
New client connected with client_fd = 1734 (active=1731)
New client connected with client_fd = 1735 (active=1732)
New client connected with client_fd = 1736 (active=1733)
New client connected with client_fd = 1737 (active=1734)
New client connected with client_fd = 1738 (active=1735)
New client connected with client_fd = 1739 (active=1736)
New client connected with client_fd = 1740 (active=1737)
New client connected with client_fd = 1741 (active=1738)
New client connected with client_fd = 1742 (active=1739)
New client connected with client_fd = 1743 (active=1740)
New client connected with client_fd = 1744 (active=1741)
New client connected with client_fd = 1745 (active=1742)
New client connected with client_fd = 1746 (active=1743)
New client connected with client_fd = 1747 (active=1744)
New client connected with client_fd = 1748 (active=1745)
New client connected with client_fd = 1749 (active=1746)
New client connected with client_fd = 1750 (active=1747)
New client connected with client_fd = 1751 (active=1748)
New client connected with client_fd = 1752 (active=1749)
New client connected with client_fd = 1753 (active=1750)
New client connected with client_fd = 1754 (active=1751)
New client connected with client_fd = 1755 (active=1752)
New client connected with client_fd = 1756 (active=1753)
New client connected with client_fd = 1757 (active=1754)
New client connected with client_fd = 1758 (active=1755)
New client connected with client_fd = 1759 (active=1756)
New client connected with client_fd = 1760 (active=1757)
New client connected with client_fd = 1761 (active=1758)
New client connected with client_fd = 1762 (active=1759)
New client connected with client_fd = 1763 (active=1760)
New client connected with client_fd = 1764 (active=1761)
New client connected with client_fd = 1765 (active=1762)
New client connected with client_fd = 1766 (active=1763)
New client connected with client_fd = 1767 (active=1764)
New client connected with client_fd = 1768 (active=1765)
New client connected with client_fd = 1769 (active=1766)
New client connected with client_fd = 1770 (active=1767)
New client connected with client_fd = 1771 (active=1768)
New client connected with client_fd = 1772 (active=1769)
New client connected with client_fd = 1773 (active=1770)
New client connected with client_fd = 1774 (active=1771)
New client connected with client_fd = 1775 (active=1772)
New client connected with client_fd = 1776 (active=1773)
New client connected with client_fd = 1777 (active=1774)
New client connected with client_fd = 1778 (active=1775)
New client connected with client_fd = 1779 (active=1776)
New client connected with client_fd = 1780 (active=1777)
New client connected with client_fd = 1781 (active=1778)
New client connected with client_fd = 1782 (active=1779)
New client connected with client_fd = 1783 (active=1780)
New client connected with client_fd = 1784 (active=1781)
New client connected with client_fd = 1785 (active=1782)
New client connected with client_fd = 1786 (active=1783)
New client connected with client_fd = 1787 (active=1784)
New client connected with client_fd = 1788 (active=1785)
New client connected with client_fd = 1789 (active=1786)
New client connected with client_fd = 1790 (active=1787)
New client connected with client_fd = 1791 (active=1788)
New client connected with client_fd = 1792 (active=1789)
New client connected with client_fd = 1793 (active=1790)
New client connected with client_fd = 1794 (active=1791)
New client connected with client_fd = 1795 (active=1792)
New client connected with client_fd = 1796 (active=1793)
New client connected with client_fd = 1797 (active=1794)
New client connected with client_fd = 1798 (active=1795)
New client connected with client_fd = 1799 (active=1796)
New client connected with client_fd = 1800 (active=1797)
New client connected with client_fd = 1801 (active=1798)
New client connected with client_fd = 1802 (active=1799)
New client connected with client_fd = 1803 (active=1800)
New client connected with client_fd = 1804 (active=1801)
New client connected with client_fd = 1805 (active=1802)
New client connected with client_fd = 1806 (active=1803)
New client connected with client_fd = 1807 (active=1804)
New client connected with client_fd = 1808 (active=1805)
New client connected with client_fd = 1809 (active=1806)
New client connected with client_fd = 1810 (active=1807)
New client connected with client_fd = 1811 (active=1808)
New client connected with client_fd = 1812 (active=1809)
New client connected with client_fd = 1813 (active=1810)
New client connected with client_fd = 1814 (active=1811)
New client connected with client_fd = 1815 (active=1812)
New client connected with client_fd = 1816 (active=1813)
New client connected with client_fd = 1817 (active=1814)
New client connected with client_fd = 1818 (active=1815)
New client connected with client_fd = 1819 (active=1816)
New client connected with client_fd = 1820 (active=1817)
New client connected with client_fd = 1821 (active=1818)
New client connected with client_fd = 1822 (active=1819)
New client connected with client_fd = 1823 (active=1820)
New client connected with client_fd = 1824 (active=1821)
New client connected with client_fd = 1825 (active=1822)
New client connected with client_fd = 1826 (active=1823)
New client connected with client_fd = 1827 (active=1824)
New client connected with client_fd = 1828 (active=1825)
New client connected with client_fd = 1829 (active=1826)
New client connected with client_fd = 1830 (active=1827)
New client connected with client_fd = 1831 (active=1828)
New client connected with client_fd = 1832 (active=1829)
New client connected with client_fd = 1833 (active=1830)
New client connected with client_fd = 1834 (active=1831)
New client connected with client_fd = 1835 (active=1832)
New client connected with client_fd = 1836 (active=1833)
New client connected with client_fd = 1837 (active=1834)
New client connected with client_fd = 1838 (active=1835)
New client connected with client_fd = 1839 (active=1836)
New client connected with client_fd = 1840 (active=1837)
New client connected with client_fd = 1841 (active=1838)
New client connected with client_fd = 1842 (active=1839)
New client connected with client_fd = 1843 (active=1840)
New client connected with client_fd = 1844 (active=1841)
New client connected with client_fd = 1845 (active=1842)
New client connected with client_fd = 1846 (active=1843)
New client connected with client_fd = 1847 (active=1844)
New client connected with client_fd = 1848 (active=1845)
New client connected with client_fd = 1849 (active=1846)
New client connected with client_fd = 1850 (active=1847)
New client connected with client_fd = 1851 (active=1848)
New client connected with client_fd = 1852 (active=1849)
New client connected with client_fd = 1853 (active=1850)
New client connected with client_fd = 1854 (active=1851)
New client connected with client_fd = 1855 (active=1852)
New client connected with client_fd = 1856 (active=1853)
New client connected with client_fd = 1857 (active=1854)
New client connected with client_fd = 1858 (active=1855)
New client connected with client_fd = 1859 (active=1856)
New client connected with client_fd = 1860 (active=1857)
New client connected with client_fd = 1861 (active=1858)
New client connected with client_fd = 1862 (active=1859)
New client connected with client_fd = 1863 (active=1860)
New client connected with client_fd = 1864 (active=1861)
New client connected with client_fd = 1865 (active=1862)
New client connected with client_fd = 1866 (active=1863)
New client connected with client_fd = 1867 (active=1864)
New client connected with client_fd = 1868 (active=1865)
New client connected with client_fd = 1869 (active=1866)
New client connected with client_fd = 1870 (active=1867)
New client connected with client_fd = 1871 (active=1868)
New client connected with client_fd = 1872 (active=1869)
New client connected with client_fd = 1873 (active=1870)
New client connected with client_fd = 1874 (active=1871)
New client connected with client_fd = 1875 (active=1872)
New client connected with client_fd = 1876 (active=1873)
New client connected with client_fd = 1877 (active=1874)
New client connected with client_fd = 1878 (active=1875)
New client connected with client_fd = 1879 (active=1876)
New client connected with client_fd = 1880 (active=1877)
New client connected with client_fd = 1881 (active=1878)
New client connected with client_fd = 1882 (active=1879)
New client connected with client_fd = 1883 (active=1880)
New client connected with client_fd = 1884 (active=1881)
New client connected with client_fd = 1885 (active=1882)
New client connected with client_fd = 1886 (active=1883)
New client connected with client_fd = 1887 (active=1884)
New client connected with client_fd = 1888 (active=1885)
New client connected with client_fd = 1889 (active=1886)
New client connected with client_fd = 1890 (active=1887)
New client connected with client_fd = 1891 (active=1888)
New client connected with client_fd = 1892 (active=1889)
New client connected with client_fd = 1893 (active=1890)
New client connected with client_fd = 1894 (active=1891)
New client connected with client_fd = 1895 (active=1892)
New client connected with client_fd = 1896 (active=1893)
New client connected with client_fd = 1897 (active=1894)
New client connected with client_fd = 1898 (active=1895)
New client connected with client_fd = 1899 (active=1896)
New client connected with client_fd = 1900 (active=1897)
New client connected with client_fd = 1901 (active=1898)
New client connected with client_fd = 1902 (active=1899)
New client connected with client_fd = 1903 (active=1900)
New client connected with client_fd = 1904 (active=1901)
New client connected with client_fd = 1905 (active=1902)
New client connected with client_fd = 1906 (active=1903)
New client connected with client_fd = 1907 (active=1904)
New client connected with client_fd = 1908 (active=1905)
New client connected with client_fd = 1909 (active=1906)
New client connected with client_fd = 1910 (active=1907)
New client connected with client_fd = 1911 (active=1908)
New client connected with client_fd = 1912 (active=1909)
New client connected with client_fd = 1913 (active=1910)
New client connected with client_fd = 1914 (active=1911)
New client connected with client_fd = 1915 (active=1912)
New client connected with client_fd = 1916 (active=1913)
New client connected with client_fd = 1917 (active=1914)
New client connected with client_fd = 1918 (active=1915)
New client connected with client_fd = 1919 (active=1916)
New client connected with client_fd = 1920 (active=1917)
New client connected with client_fd = 1921 (active=1918)
New client connected with client_fd = 1922 (active=1919)
New client connected with client_fd = 1923 (active=1920)
New client connected with client_fd = 1924 (active=1921)
New client connected with client_fd = 1925 (active=1922)
New client connected with client_fd = 1926 (active=1923)
New client connected with client_fd = 1927 (active=1924)
New client connected with client_fd = 1928 (active=1925)
New client connected with client_fd = 1929 (active=1926)
New client connected with client_fd = 1930 (active=1927)
New client connected with client_fd = 1931 (active=1928)
New client connected with client_fd = 1932 (active=1929)
New client connected with client_fd = 1933 (active=1930)
New client connected with client_fd = 1934 (active=1931)
New client connected with client_fd = 1935 (active=1932)
New client connected with client_fd = 1936 (active=1933)
New client connected with client_fd = 1937 (active=1934)
New client connected with client_fd = 1938 (active=1935)
New client connected with client_fd = 1939 (active=1936)
New client connected with client_fd = 1940 (active=1937)
New client connected with client_fd = 1941 (active=1938)
New client connected with client_fd = 1942 (active=1939)
New client connected with client_fd = 1943 (active=1940)
New client connected with client_fd = 1944 (active=1941)
New client connected with client_fd = 1945 (active=1942)
New client connected with client_fd = 1946 (active=1943)
New client connected with client_fd = 1947 (active=1944)
New client connected with client_fd = 1948 (active=1945)
New client connected with client_fd = 1949 (active=1946)
New client connected with client_fd = 1950 (active=1947)
New client connected with client_fd = 1951 (active=1948)
New client connected with client_fd = 1952 (active=1949)
New client connected with client_fd = 1953 (active=1950)
New client connected with client_fd = 1954 (active=1951)
New client connected with client_fd = 1955 (active=1952)
New client connected with client_fd = 1956 (active=1953)
New client connected with client_fd = 1957 (active=1954)
New client connected with client_fd = 1958 (active=1955)
New client connected with client_fd = 1959 (active=1956)
New client connected with client_fd = 1960 (active=1957)
New client connected with client_fd = 1961 (active=1958)
New client connected with client_fd = 1962 (active=1959)
New client connected with client_fd = 1963 (active=1960)
New client connected with client_fd = 1964 (active=1961)
New client connected with client_fd = 1965 (active=1962)
New client connected with client_fd = 1966 (active=1963)
New client connected with client_fd = 1967 (active=1964)
New client connected with client_fd = 1968 (active=1965)
New client connected with client_fd = 1969 (active=1966)
New client connected with client_fd = 1970 (active=1967)
New client connected with client_fd = 1971 (active=1968)
New client connected with client_fd = 1972 (active=1969)
New client connected with client_fd = 1973 (active=1970)
New client connected with client_fd = 1974 (active=1971)
New client connected with client_fd = 1975 (active=1972)
New client connected with client_fd = 1976 (active=1973)
New client connected with client_fd = 1977 (active=1974)
New client connected with client_fd = 1978 (active=1975)
New client connected with client_fd = 1979 (active=1976)
New client connected with client_fd = 1980 (active=1977)
New client connected with client_fd = 1981 (active=1978)
New client connected with client_fd = 1982 (active=1979)
New client connected with client_fd = 1983 (active=1980)
New client connected with client_fd = 1984 (active=1981)
New client connected with client_fd = 1985 (active=1982)
New client connected with client_fd = 1986 (active=1983)
New client connected with client_fd = 1987 (active=1984)
New client connected with client_fd = 1988 (active=1985)
New client connected with client_fd = 1989 (active=1986)
New client connected with client_fd = 1990 (active=1987)
New client connected with client_fd = 1991 (active=1988)
New client connected with client_fd = 1992 (active=1989)
New client connected with client_fd = 1993 (active=1990)
New client connected with client_fd = 1994 (active=1991)
New client connected with client_fd = 1995 (active=1992)
New client connected with client_fd = 1996 (active=1993)
New client connected with client_fd = 1997 (active=1994)
New client connected with client_fd = 1998 (active=1995)
New client connected with client_fd = 1999 (active=1996)
New client connected with client_fd = 2000 (active=1997)
New client connected with client_fd = 2001 (active=1998)
New client connected with client_fd = 2002 (active=1999)
New client connected with client_fd = 2003 (active=2000)
New client connected with client_fd = 2004 (active=2001)
New client connected with client_fd = 2005 (active=2002)
New client connected with client_fd = 2006 (active=2003)
New client connected with client_fd = 2007 (active=2004)
New client connected with client_fd = 2008 (active=2005)
New client connected with client_fd = 2009 (active=2006)
New client connected with client_fd = 2010 (active=2007)
New client connected with client_fd = 2011 (active=2008)
New client connected with client_fd = 2012 (active=2009)
New client connected with client_fd = 2013 (active=2010)
New client connected with client_fd = 2014 (active=2011)
New client connected with client_fd = 2015 (active=2012)
New client connected with client_fd = 2016 (active=2013)
New client connected with client_fd = 2017 (active=2014)
New client connected with client_fd = 2018 (active=2015)
New client connected with client_fd = 2019 (active=2016)
New client connected with client_fd = 2020 (active=2017)
New client connected with client_fd = 2021 (active=2018)
New client connected with client_fd = 2022 (active=2019)
New client connected with client_fd = 2023 (active=2020)
New client connected with client_fd = 2024 (active=2021)
New client connected with client_fd = 2025 (active=2022)
New client connected with client_fd = 2026 (active=2023)
New client connected with client_fd = 2027 (active=2024)
New client connected with client_fd = 2028 (active=2025)
New client connected with client_fd = 2029 (active=2026)
New client connected with client_fd = 2030 (active=2027)
New client connected with client_fd = 2031 (active=2028)
New client connected with client_fd = 2032 (active=2029)
New client connected with client_fd = 2033 (active=2030)
New client connected with client_fd = 2034 (active=2031)
New client connected with client_fd = 2035 (active=2032)
New client connected with client_fd = 2036 (active=2033)
New client connected with client_fd = 2037 (active=2034)
New client connected with client_fd = 2038 (active=2035)
New client connected with client_fd = 2039 (active=2036)
New client connected with client_fd = 2040 (active=2037)
New client connected with client_fd = 2041 (active=2038)
New client connected with client_fd = 2042 (active=2039)
New client connected with client_fd = 2043 (active=2040)
New client connected with client_fd = 2044 (active=2041)
New client connected with client_fd = 2045 (active=2042)
New client connected with client_fd = 2046 (active=2043)
New client connected with client_fd = 2047 (active=2044)
New client connected with client_fd = 2048 (active=2045)
New client connected with client_fd = 2049 (active=2046)
New client connected with client_fd = 2050 (active=2047)
New client connected with client_fd = 2051 (active=2048)
New client connected with client_fd = 2052 (active=2049)
New client connected with client_fd = 2053 (active=2050)
New client connected with client_fd = 2054 (active=2051)
New client connected with client_fd = 2055 (active=2052)
New client connected with client_fd = 2056 (active=2053)
New client connected with client_fd = 2057 (active=2054)
New client connected with client_fd = 2058 (active=2055)
New client connected with client_fd = 2059 (active=2056)
New client connected with client_fd = 2060 (active=2057)
New client connected with client_fd = 2061 (active=2058)
New client connected with client_fd = 2062 (active=2059)
New client connected with client_fd = 2063 (active=2060)
New client connected with client_fd = 2064 (active=2061)
New client connected with client_fd = 2065 (active=2062)
New client connected with client_fd = 2066 (active=2063)
New client connected with client_fd = 2067 (active=2064)
New client connected with client_fd = 2068 (active=2065)
New client connected with client_fd = 2069 (active=2066)
New client connected with client_fd = 2070 (active=2067)
New client connected with client_fd = 2071 (active=2068)
New client connected with client_fd = 2072 (active=2069)
New client connected with client_fd = 2073 (active=2070)
New client connected with client_fd = 2074 (active=2071)
New client connected with client_fd = 2075 (active=2072)
New client connected with client_fd = 2076 (active=2073)
New client connected with client_fd = 2077 (active=2074)
New client connected with client_fd = 2078 (active=2075)
New client connected with client_fd = 2079 (active=2076)
New client connected with client_fd = 2080 (active=2077)
New client connected with client_fd = 2081 (active=2078)
New client connected with client_fd = 2082 (active=2079)
New client connected with client_fd = 2083 (active=2080)
New client connected with client_fd = 2084 (active=2081)
New client connected with client_fd = 2085 (active=2082)
New client connected with client_fd = 2086 (active=2083)
New client connected with client_fd = 2087 (active=2084)
New client connected with client_fd = 2088 (active=2085)
New client connected with client_fd = 2089 (active=2086)
New client connected with client_fd = 2090 (active=2087)
New client connected with client_fd = 2091 (active=2088)
New client connected with client_fd = 2092 (active=2089)
New client connected with client_fd = 2093 (active=2090)
New client connected with client_fd = 2094 (active=2091)
New client connected with client_fd = 2095 (active=2092)
New client connected with client_fd = 2096 (active=2093)
New client connected with client_fd = 2097 (active=2094)
New client connected with client_fd = 2098 (active=2095)
New client connected with client_fd = 2099 (active=2096)
New client connected with client_fd = 2100 (active=2097)
New client connected with client_fd = 2101 (active=2098)
New client connected with client_fd = 2102 (active=2099)
New client connected with client_fd = 2103 (active=2100)
New client connected with client_fd = 2104 (active=2101)
New client connected with client_fd = 2105 (active=2102)
New client connected with client_fd = 2106 (active=2103)
New client connected with client_fd = 2107 (active=2104)
New client connected with client_fd = 2108 (active=2105)
New client connected with client_fd = 2109 (active=2106)
New client connected with client_fd = 2110 (active=2107)
New client connected with client_fd = 2111 (active=2108)
New client connected with client_fd = 2112 (active=2109)
New client connected with client_fd = 2113 (active=2110)
New client connected with client_fd = 2114 (active=2111)
New client connected with client_fd = 2115 (active=2112)
New client connected with client_fd = 2116 (active=2113)
New client connected with client_fd = 2117 (active=2114)
New client connected with client_fd = 2118 (active=2115)
New client connected with client_fd = 2119 (active=2116)
New client connected with client_fd = 2120 (active=2117)
New client connected with client_fd = 2121 (active=2118)
New client connected with client_fd = 2122 (active=2119)
New client connected with client_fd = 2123 (active=2120)
New client connected with client_fd = 2124 (active=2121)
New client connected with client_fd = 2125 (active=2122)
New client connected with client_fd = 2126 (active=2123)
New client connected with client_fd = 2127 (active=2124)
New client connected with client_fd = 2128 (active=2125)
New client connected with client_fd = 2129 (active=2126)
New client connected with client_fd = 2130 (active=2127)
New client connected with client_fd = 2131 (active=2128)
New client connected with client_fd = 2132 (active=2129)
New client connected with client_fd = 2133 (active=2130)
New client connected with client_fd = 2134 (active=2131)
New client connected with client_fd = 2135 (active=2132)
New client connected with client_fd = 2136 (active=2133)
New client connected with client_fd = 2137 (active=2134)
New client connected with client_fd = 2138 (active=2135)
New client connected with client_fd = 2139 (active=2136)
New client connected with client_fd = 2140 (active=2137)
New client connected with client_fd = 2141 (active=2138)
New client connected with client_fd = 2142 (active=2139)
New client connected with client_fd = 2143 (active=2140)
New client connected with client_fd = 2144 (active=2141)
New client connected with client_fd = 2145 (active=2142)
New client connected with client_fd = 2146 (active=2143)
New client connected with client_fd = 2147 (active=2144)
New client connected with client_fd = 2148 (active=2145)
New client connected with client_fd = 2149 (active=2146)
New client connected with client_fd = 2150 (active=2147)
New client connected with client_fd = 2151 (active=2148)
New client connected with client_fd = 2152 (active=2149)
New client connected with client_fd = 2153 (active=2150)
New client connected with client_fd = 2154 (active=2151)
New client connected with client_fd = 2155 (active=2152)
New client connected with client_fd = 2156 (active=2153)
New client connected with client_fd = 2157 (active=2154)
New client connected with client_fd = 2158 (active=2155)
New client connected with client_fd = 2159 (active=2156)
New client connected with client_fd = 2160 (active=2157)
New client connected with client_fd = 2161 (active=2158)
New client connected with client_fd = 2162 (active=2159)
New client connected with client_fd = 2163 (active=2160)
New client connected with client_fd = 2164 (active=2161)
New client connected with client_fd = 2165 (active=2162)
New client connected with client_fd = 2166 (active=2163)
New client connected with client_fd = 2167 (active=2164)
New client connected with client_fd = 2168 (active=2165)
New client connected with client_fd = 2169 (active=2166)
New client connected with client_fd = 2170 (active=2167)
New client connected with client_fd = 2171 (active=2168)
New client connected with client_fd = 2172 (active=2169)
New client connected with client_fd = 2173 (active=2170)
New client connected with client_fd = 2174 (active=2171)
New client connected with client_fd = 2175 (active=2172)
New client connected with client_fd = 2176 (active=2173)
New client connected with client_fd = 2177 (active=2174)
New client connected with client_fd = 2178 (active=2175)
New client connected with client_fd = 2179 (active=2176)
New client connected with client_fd = 2180 (active=2177)
New client connected with client_fd = 2181 (active=2178)
New client connected with client_fd = 2182 (active=2179)
New client connected with client_fd = 2183 (active=2180)
New client connected with client_fd = 2184 (active=2181)
New client connected with client_fd = 2185 (active=2182)
New client connected with client_fd = 2186 (active=2183)
New client connected with client_fd = 2187 (active=2184)
New client connected with client_fd = 2188 (active=2185)
New client connected with client_fd = 2189 (active=2186)
New client connected with client_fd = 2190 (active=2187)
New client connected with client_fd = 2191 (active=2188)
New client connected with client_fd = 2192 (active=2189)
New client connected with client_fd = 2193 (active=2190)
New client connected with client_fd = 2194 (active=2191)
New client connected with client_fd = 2195 (active=2192)
New client connected with client_fd = 2196 (active=2193)
New client connected with client_fd = 2197 (active=2194)
New client connected with client_fd = 2198 (active=2195)
New client connected with client_fd = 2199 (active=2196)
New client connected with client_fd = 2200 (active=2197)
New client connected with client_fd = 2201 (active=2198)
New client connected with client_fd = 2202 (active=2199)
New client connected with client_fd = 2203 (active=2200)
New client connected with client_fd = 2204 (active=2201)
New client connected with client_fd = 2205 (active=2202)
New client connected with client_fd = 2206 (active=2203)
New client connected with client_fd = 2207 (active=2204)
New client connected with client_fd = 2208 (active=2205)
New client connected with client_fd = 2209 (active=2206)
New client connected with client_fd = 2210 (active=2207)
New client connected with client_fd = 2211 (active=2208)
New client connected with client_fd = 2212 (active=2209)
New client connected with client_fd = 2213 (active=2210)
New client connected with client_fd = 2214 (active=2211)
New client connected with client_fd = 2215 (active=2212)
New client connected with client_fd = 2216 (active=2213)
New client connected with client_fd = 2217 (active=2214)
New client connected with client_fd = 2218 (active=2215)
New client connected with client_fd = 2219 (active=2216)
New client connected with client_fd = 2220 (active=2217)
New client connected with client_fd = 2221 (active=2218)
New client connected with client_fd = 2222 (active=2219)
New client connected with client_fd = 2223 (active=2220)
New client connected with client_fd = 2224 (active=2221)
New client connected with client_fd = 2225 (active=2222)
New client connected with client_fd = 2226 (active=2223)
New client connected with client_fd = 2227 (active=2224)
New client connected with client_fd = 2228 (active=2225)
New client connected with client_fd = 2229 (active=2226)
New client connected with client_fd = 2230 (active=2227)
New client connected with client_fd = 2231 (active=2228)
New client connected with client_fd = 2232 (active=2229)
New client connected with client_fd = 2233 (active=2230)
New client connected with client_fd = 2234 (active=2231)
New client connected with client_fd = 2235 (active=2232)
New client connected with client_fd = 2236 (active=2233)
New client connected with client_fd = 2237 (active=2234)
New client connected with client_fd = 2238 (active=2235)
New client connected with client_fd = 2239 (active=2236)
New client connected with client_fd = 2240 (active=2237)
New client connected with client_fd = 2241 (active=2238)
New client connected with client_fd = 2242 (active=2239)
New client connected with client_fd = 2243 (active=2240)
New client connected with client_fd = 2244 (active=2241)
New client connected with client_fd = 2245 (active=2242)
New client connected with client_fd = 2246 (active=2243)
New client connected with client_fd = 2247 (active=2244)
New client connected with client_fd = 2248 (active=2245)
New client connected with client_fd = 2249 (active=2246)
New client connected with client_fd = 2250 (active=2247)
New client connected with client_fd = 2251 (active=2248)
New client connected with client_fd = 2252 (active=2249)
New client connected with client_fd = 2253 (active=2250)
New client connected with client_fd = 2254 (active=2251)
New client connected with client_fd = 2255 (active=2252)
New client connected with client_fd = 2256 (active=2253)
New client connected with client_fd = 2257 (active=2254)
New client connected with client_fd = 2258 (active=2255)
New client connected with client_fd = 2259 (active=2256)
New client connected with client_fd = 2260 (active=2257)
New client connected with client_fd = 2261 (active=2258)
New client connected with client_fd = 2262 (active=2259)
New client connected with client_fd = 2263 (active=2260)
New client connected with client_fd = 2264 (active=2261)
New client connected with client_fd = 2265 (active=2262)
New client connected with client_fd = 2266 (active=2263)
New client connected with client_fd = 2267 (active=2264)
New client connected with client_fd = 2268 (active=2265)
New client connected with client_fd = 2269 (active=2266)
New client connected with client_fd = 2270 (active=2267)
New client connected with client_fd = 2271 (active=2268)
New client connected with client_fd = 2272 (active=2269)
New client connected with client_fd = 2273 (active=2270)
New client connected with client_fd = 2274 (active=2271)
New client connected with client_fd = 2275 (active=2272)
New client connected with client_fd = 2276 (active=2273)
New client connected with client_fd = 2277 (active=2274)
New client connected with client_fd = 2278 (active=2275)
New client connected with client_fd = 2279 (active=2276)
New client connected with client_fd = 2280 (active=2277)
New client connected with client_fd = 2281 (active=2278)
New client connected with client_fd = 2282 (active=2279)
New client connected with client_fd = 2283 (active=2280)
New client connected with client_fd = 2284 (active=2281)
New client connected with client_fd = 2285 (active=2282)
New client connected with client_fd = 2286 (active=2283)
New client connected with client_fd = 2287 (active=2284)
New client connected with client_fd = 2288 (active=2285)
New client connected with client_fd = 2289 (active=2286)
New client connected with client_fd = 2290 (active=2287)
New client connected with client_fd = 2291 (active=2288)
New client connected with client_fd = 2292 (active=2289)
New client connected with client_fd = 2293 (active=2290)
New client connected with client_fd = 2294 (active=2291)
New client connected with client_fd = 2295 (active=2292)
New client connected with client_fd = 2296 (active=2293)
New client connected with client_fd = 2297 (active=2294)
New client connected with client_fd = 2298 (active=2295)
New client connected with client_fd = 2299 (active=2296)
New client connected with client_fd = 2300 (active=2297)
New client connected with client_fd = 2301 (active=2298)
New client connected with client_fd = 2302 (active=2299)
New client connected with client_fd = 2303 (active=2300)
New client connected with client_fd = 2304 (active=2301)
New client connected with client_fd = 2305 (active=2302)
New client connected with client_fd = 2306 (active=2303)
New client connected with client_fd = 2307 (active=2304)
New client connected with client_fd = 2308 (active=2305)
New client connected with client_fd = 2309 (active=2306)
New client connected with client_fd = 2310 (active=2307)
New client connected with client_fd = 2311 (active=2308)
New client connected with client_fd = 2312 (active=2309)
New client connected with client_fd = 2313 (active=2310)
New client connected with client_fd = 2314 (active=2311)
New client connected with client_fd = 2315 (active=2312)
New client connected with client_fd = 2316 (active=2313)
New client connected with client_fd = 2317 (active=2314)
New client connected with client_fd = 2318 (active=2315)
New client connected with client_fd = 2319 (active=2316)
New client connected with client_fd = 2320 (active=2317)
New client connected with client_fd = 2321 (active=2318)
New client connected with client_fd = 2322 (active=2319)
New client connected with client_fd = 2323 (active=2320)
New client connected with client_fd = 2324 (active=2321)
New client connected with client_fd = 2325 (active=2322)
New client connected with client_fd = 2326 (active=2323)
New client connected with client_fd = 2327 (active=2324)
New client connected with client_fd = 2328 (active=2325)
New client connected with client_fd = 2329 (active=2326)
New client connected with client_fd = 2330 (active=2327)
New client connected with client_fd = 2331 (active=2328)
New client connected with client_fd = 2332 (active=2329)
New client connected with client_fd = 2333 (active=2330)
New client connected with client_fd = 2334 (active=2331)
New client connected with client_fd = 2335 (active=2332)
New client connected with client_fd = 2336 (active=2333)
New client connected with client_fd = 2337 (active=2334)
New client connected with client_fd = 2338 (active=2335)
New client connected with client_fd = 2339 (active=2336)
New client connected with client_fd = 2340 (active=2337)
New client connected with client_fd = 2341 (active=2338)
New client connected with client_fd = 2342 (active=2339)
New client connected with client_fd = 2343 (active=2340)
New client connected with client_fd = 2344 (active=2341)
New client connected with client_fd = 2345 (active=2342)
New client connected with client_fd = 2346 (active=2343)
New client connected with client_fd = 2347 (active=2344)
New client connected with client_fd = 2348 (active=2345)
New client connected with client_fd = 2349 (active=2346)
New client connected with client_fd = 2350 (active=2347)
New client connected with client_fd = 2351 (active=2348)
New client connected with client_fd = 2352 (active=2349)
New client connected with client_fd = 2353 (active=2350)
New client connected with client_fd = 2354 (active=2351)
New client connected with client_fd = 2355 (active=2352)
New client connected with client_fd = 2356 (active=2353)
New client connected with client_fd = 2357 (active=2354)
New client connected with client_fd = 2358 (active=2355)
New client connected with client_fd = 2359 (active=2356)
New client connected with client_fd = 2360 (active=2357)
New client connected with client_fd = 2361 (active=2358)
New client connected with client_fd = 2362 (active=2359)
New client connected with client_fd = 2363 (active=2360)
New client connected with client_fd = 2364 (active=2361)
New client connected with client_fd = 2365 (active=2362)
New client connected with client_fd = 2366 (active=2363)
New client connected with client_fd = 2367 (active=2364)
New client connected with client_fd = 2368 (active=2365)
New client connected with client_fd = 2369 (active=2366)
New client connected with client_fd = 2370 (active=2367)
New client connected with client_fd = 2371 (active=2368)
New client connected with client_fd = 2372 (active=2369)
New client connected with client_fd = 2373 (active=2370)
New client connected with client_fd = 2374 (active=2371)
New client connected with client_fd = 2375 (active=2372)
New client connected with client_fd = 2376 (active=2373)
New client connected with client_fd = 2377 (active=2374)
New client connected with client_fd = 2378 (active=2375)
New client connected with client_fd = 2379 (active=2376)
New client connected with client_fd = 2380 (active=2377)
New client connected with client_fd = 2381 (active=2378)
New client connected with client_fd = 2382 (active=2379)
New client connected with client_fd = 2383 (active=2380)
New client connected with client_fd = 2384 (active=2381)
New client connected with client_fd = 2385 (active=2382)
New client connected with client_fd = 2386 (active=2383)
New client connected with client_fd = 2387 (active=2384)
New client connected with client_fd = 2388 (active=2385)
New client connected with client_fd = 2389 (active=2386)
New client connected with client_fd = 2390 (active=2387)
New client connected with client_fd = 2391 (active=2388)
New client connected with client_fd = 2392 (active=2389)
New client connected with client_fd = 2393 (active=2390)
New client connected with client_fd = 2394 (active=2391)
New client connected with client_fd = 2395 (active=2392)
New client connected with client_fd = 2396 (active=2393)
New client connected with client_fd = 2397 (active=2394)
New client connected with client_fd = 2398 (active=2395)
New client connected with client_fd = 2399 (active=2396)
New client connected with client_fd = 2400 (active=2397)
New client connected with client_fd = 2401 (active=2398)
New client connected with client_fd = 2402 (active=2399)
New client connected with client_fd = 2403 (active=2400)
New client connected with client_fd = 2404 (active=2401)
New client connected with client_fd = 2405 (active=2402)
New client connected with client_fd = 2406 (active=2403)
New client connected with client_fd = 2407 (active=2404)
New client connected with client_fd = 2408 (active=2405)
New client connected with client_fd = 2409 (active=2406)
New client connected with client_fd = 2410 (active=2407)
New client connected with client_fd = 2411 (active=2408)
New client connected with client_fd = 2412 (active=2409)
New client connected with client_fd = 2413 (active=2410)
New client connected with client_fd = 2414 (active=2411)
New client connected with client_fd = 2415 (active=2412)
New client connected with client_fd = 2416 (active=2413)
New client connected with client_fd = 2417 (active=2414)
New client connected with client_fd = 2418 (active=2415)
New client connected with client_fd = 2419 (active=2416)
New client connected with client_fd = 2420 (active=2417)
New client connected with client_fd = 2421 (active=2418)
New client connected with client_fd = 2422 (active=2419)
New client connected with client_fd = 2423 (active=2420)
New client connected with client_fd = 2424 (active=2421)
New client connected with client_fd = 2425 (active=2422)
New client connected with client_fd = 2426 (active=2423)
New client connected with client_fd = 2427 (active=2424)
New client connected with client_fd = 2428 (active=2425)
New client connected with client_fd = 2429 (active=2426)
New client connected with client_fd = 2430 (active=2427)
New client connected with client_fd = 2431 (active=2428)
New client connected with client_fd = 2432 (active=2429)
New client connected with client_fd = 2433 (active=2430)
New client connected with client_fd = 2434 (active=2431)
New client connected with client_fd = 2435 (active=2432)
New client connected with client_fd = 2436 (active=2433)
New client connected with client_fd = 2437 (active=2434)
New client connected with client_fd = 2438 (active=2435)
New client connected with client_fd = 2439 (active=2436)
New client connected with client_fd = 2440 (active=2437)
New client connected with client_fd = 2441 (active=2438)
New client connected with client_fd = 2442 (active=2439)
New client connected with client_fd = 2443 (active=2440)
New client connected with client_fd = 2444 (active=2441)
New client connected with client_fd = 2445 (active=2442)
New client connected with client_fd = 2446 (active=2443)
New client connected with client_fd = 2447 (active=2444)
New client connected with client_fd = 2448 (active=2445)
New client connected with client_fd = 2449 (active=2446)
New client connected with client_fd = 2450 (active=2447)
New client connected with client_fd = 2451 (active=2448)
New client connected with client_fd = 2452 (active=2449)
New client connected with client_fd = 2453 (active=2450)
New client connected with client_fd = 2454 (active=2451)
New client connected with client_fd = 2455 (active=2452)
New client connected with client_fd = 2456 (active=2453)
New client connected with client_fd = 2457 (active=2454)
New client connected with client_fd = 2458 (active=2455)
New client connected with client_fd = 2459 (active=2456)
New client connected with client_fd = 2460 (active=2457)
New client connected with client_fd = 2461 (active=2458)
New client connected with client_fd = 2462 (active=2459)
New client connected with client_fd = 2463 (active=2460)
New client connected with client_fd = 2464 (active=2461)
New client connected with client_fd = 2465 (active=2462)
New client connected with client_fd = 2466 (active=2463)
New client connected with client_fd = 2467 (active=2464)
New client connected with client_fd = 2468 (active=2465)
New client connected with client_fd = 2469 (active=2466)
New client connected with client_fd = 2470 (active=2467)
New client connected with client_fd = 2471 (active=2468)
New client connected with client_fd = 2472 (active=2469)
New client connected with client_fd = 2473 (active=2470)
New client connected with client_fd = 2474 (active=2471)
New client connected with client_fd = 2475 (active=2472)
New client connected with client_fd = 2476 (active=2473)
New client connected with client_fd = 2477 (active=2474)
New client connected with client_fd = 2478 (active=2475)
New client connected with client_fd = 2479 (active=2476)
New client connected with client_fd = 2480 (active=2477)
New client connected with client_fd = 2481 (active=2478)
New client connected with client_fd = 2482 (active=2479)
New client connected with client_fd = 2483 (active=2480)
New client connected with client_fd = 2484 (active=2481)
New client connected with client_fd = 2485 (active=2482)
New client connected with client_fd = 2486 (active=2483)
New client connected with client_fd = 2487 (active=2484)
New client connected with client_fd = 2488 (active=2485)
New client connected with client_fd = 2489 (active=2486)
New client connected with client_fd = 2490 (active=2487)
New client connected with client_fd = 2491 (active=2488)
New client connected with client_fd = 2492 (active=2489)
New client connected with client_fd = 2493 (active=2490)
New client connected with client_fd = 2494 (active=2491)
New client connected with client_fd = 2495 (active=2492)
New client connected with client_fd = 2496 (active=2493)
New client connected with client_fd = 2497 (active=2494)
New client connected with client_fd = 2498 (active=2495)
New client connected with client_fd = 2499 (active=2496)
New client connected with client_fd = 2500 (active=2497)
New client connected with client_fd = 2501 (active=2498)
New client connected with client_fd = 2502 (active=2499)
New client connected with client_fd = 2503 (active=2500)
New client connected with client_fd = 2504 (active=2501)
New client connected with client_fd = 2505 (active=2502)
New client connected with client_fd = 2506 (active=2503)
New client connected with client_fd = 2507 (active=2504)
New client connected with client_fd = 2508 (active=2505)
New client connected with client_fd = 2509 (active=2506)
New client connected with client_fd = 2510 (active=2507)
New client connected with client_fd = 2511 (active=2508)
New client connected with client_fd = 2512 (active=2509)
New client connected with client_fd = 2513 (active=2510)
New client connected with client_fd = 2514 (active=2511)
New client connected with client_fd = 2515 (active=2512)
New client connected with client_fd = 2516 (active=2513)
New client connected with client_fd = 2517 (active=2514)
New client connected with client_fd = 2518 (active=2515)
New client connected with client_fd = 2519 (active=2516)
New client connected with client_fd = 2520 (active=2517)
New client connected with client_fd = 2521 (active=2518)
New client connected with client_fd = 2522 (active=2519)
New client connected with client_fd = 2523 (active=2520)
New client connected with client_fd = 2524 (active=2521)
New client connected with client_fd = 2525 (active=2522)
New client connected with client_fd = 2526 (active=2523)
New client connected with client_fd = 2527 (active=2524)
New client connected with client_fd = 2528 (active=2525)
New client connected with client_fd = 2529 (active=2526)
New client connected with client_fd = 2530 (active=2527)
New client connected with client_fd = 2531 (active=2528)
New client connected with client_fd = 2532 (active=2529)
New client connected with client_fd = 2533 (active=2530)
New client connected with client_fd = 2534 (active=2531)
New client connected with client_fd = 2535 (active=2532)
New client connected with client_fd = 2536 (active=2533)
New client connected with client_fd = 2537 (active=2534)
New client connected with client_fd = 2538 (active=2535)
New client connected with client_fd = 2539 (active=2536)
New client connected with client_fd = 2540 (active=2537)
New client connected with client_fd = 2541 (active=2538)
New client connected with client_fd = 2542 (active=2539)
New client connected with client_fd = 2543 (active=2540)
New client connected with client_fd = 2544 (active=2541)
New client connected with client_fd = 2545 (active=2542)
New client connected with client_fd = 2546 (active=2543)
New client connected with client_fd = 2547 (active=2544)
New client connected with client_fd = 2548 (active=2545)
New client connected with client_fd = 2549 (active=2546)
New client connected with client_fd = 2550 (active=2547)
New client connected with client_fd = 2551 (active=2548)
New client connected with client_fd = 2552 (active=2549)
New client connected with client_fd = 2553 (active=2550)
New client connected with client_fd = 2554 (active=2551)
New client connected with client_fd = 2555 (active=2552)
New client connected with client_fd = 2556 (active=2553)
New client connected with client_fd = 2557 (active=2554)
New client connected with client_fd = 2558 (active=2555)
New client connected with client_fd = 2559 (active=2556)
New client connected with client_fd = 2560 (active=2557)
New client connected with client_fd = 2561 (active=2558)
New client connected with client_fd = 2562 (active=2559)
New client connected with client_fd = 2563 (active=2560)
New client connected with client_fd = 2564 (active=2561)
New client connected with client_fd = 2565 (active=2562)
New client connected with client_fd = 2566 (active=2563)
New client connected with client_fd = 2567 (active=2564)
New client connected with client_fd = 2568 (active=2565)
New client connected with client_fd = 2569 (active=2566)
New client connected with client_fd = 2570 (active=2567)
New client connected with client_fd = 2571 (active=2568)
New client connected with client_fd = 2572 (active=2569)
New client connected with client_fd = 2573 (active=2570)
New client connected with client_fd = 2574 (active=2571)
New client connected with client_fd = 2575 (active=2572)
New client connected with client_fd = 2576 (active=2573)
New client connected with client_fd = 2577 (active=2574)
New client connected with client_fd = 2578 (active=2575)
New client connected with client_fd = 2579 (active=2576)
New client connected with client_fd = 2580 (active=2577)
New client connected with client_fd = 2581 (active=2578)
New client connected with client_fd = 2582 (active=2579)
New client connected with client_fd = 2583 (active=2580)
New client connected with client_fd = 2584 (active=2581)
New client connected with client_fd = 2585 (active=2582)
New client connected with client_fd = 2586 (active=2583)
New client connected with client_fd = 2587 (active=2584)
New client connected with client_fd = 2588 (active=2585)
New client connected with client_fd = 2589 (active=2586)
New client connected with client_fd = 2590 (active=2587)
New client connected with client_fd = 2591 (active=2588)
New client connected with client_fd = 2592 (active=2589)
New client connected with client_fd = 2593 (active=2590)
New client connected with client_fd = 2594 (active=2591)
New client connected with client_fd = 2595 (active=2592)
New client connected with client_fd = 2596 (active=2593)
New client connected with client_fd = 2597 (active=2594)
New client connected with client_fd = 2598 (active=2595)
New client connected with client_fd = 2599 (active=2596)
New client connected with client_fd = 2600 (active=2597)
New client connected with client_fd = 2601 (active=2598)
New client connected with client_fd = 2602 (active=2599)
New client connected with client_fd = 2603 (active=2600)
New client connected with client_fd = 2604 (active=2601)
New client connected with client_fd = 2605 (active=2602)
New client connected with client_fd = 2606 (active=2603)
New client connected with client_fd = 2607 (active=2604)
New client connected with client_fd = 2608 (active=2605)
New client connected with client_fd = 2609 (active=2606)
New client connected with client_fd = 2610 (active=2607)
New client connected with client_fd = 2611 (active=2608)
New client connected with client_fd = 2612 (active=2609)
New client connected with client_fd = 2613 (active=2610)
New client connected with client_fd = 2614 (active=2611)
New client connected with client_fd = 2615 (active=2612)
New client connected with client_fd = 2616 (active=2613)
New client connected with client_fd = 2617 (active=2614)
New client connected with client_fd = 2618 (active=2615)
New client connected with client_fd = 2619 (active=2616)
New client connected with client_fd = 2620 (active=2617)
New client connected with client_fd = 2621 (active=2618)
New client connected with client_fd = 2622 (active=2619)
New client connected with client_fd = 2623 (active=2620)
New client connected with client_fd = 2624 (active=2621)
New client connected with client_fd = 2625 (active=2622)
New client connected with client_fd = 2626 (active=2623)
New client connected with client_fd = 2627 (active=2624)
New client connected with client_fd = 2628 (active=2625)
New client connected with client_fd = 2629 (active=2626)
New client connected with client_fd = 2630 (active=2627)
New client connected with client_fd = 2631 (active=2628)
New client connected with client_fd = 2632 (active=2629)
New client connected with client_fd = 2633 (active=2630)
New client connected with client_fd = 2634 (active=2631)
New client connected with client_fd = 2635 (active=2632)
New client connected with client_fd = 2636 (active=2633)
New client connected with client_fd = 2637 (active=2634)
New client connected with client_fd = 2638 (active=2635)
New client connected with client_fd = 2639 (active=2636)
New client connected with client_fd = 2640 (active=2637)
New client connected with client_fd = 2641 (active=2638)
New client connected with client_fd = 2642 (active=2639)
New client connected with client_fd = 2643 (active=2640)
New client connected with client_fd = 2644 (active=2641)
New client connected with client_fd = 2645 (active=2642)
New client connected with client_fd = 2646 (active=2643)
New client connected with client_fd = 2647 (active=2644)
New client connected with client_fd = 2648 (active=2645)
New client connected with client_fd = 2649 (active=2646)
New client connected with client_fd = 2650 (active=2647)
New client connected with client_fd = 2651 (active=2648)
New client connected with client_fd = 2652 (active=2649)
New client connected with client_fd = 2653 (active=2650)
New client connected with client_fd = 2654 (active=2651)
New client connected with client_fd = 2655 (active=2652)
New client connected with client_fd = 2656 (active=2653)
New client connected with client_fd = 2657 (active=2654)
New client connected with client_fd = 2658 (active=2655)
New client connected with client_fd = 2659 (active=2656)
New client connected with client_fd = 2660 (active=2657)
New client connected with client_fd = 2661 (active=2658)
New client connected with client_fd = 2662 (active=2659)
New client connected with client_fd = 2663 (active=2660)
New client connected with client_fd = 2664 (active=2661)
New client connected with client_fd = 2665 (active=2662)
New client connected with client_fd = 2666 (active=2663)
New client connected with client_fd = 2667 (active=2664)
New client connected with client_fd = 2668 (active=2665)
New client connected with client_fd = 2669 (active=2666)
New client connected with client_fd = 2670 (active=2667)
New client connected with client_fd = 2671 (active=2668)
New client connected with client_fd = 2672 (active=2669)
New client connected with client_fd = 2673 (active=2670)
New client connected with client_fd = 2674 (active=2671)
New client connected with client_fd = 2675 (active=2672)
New client connected with client_fd = 2676 (active=2673)
New client connected with client_fd = 2677 (active=2674)
New client connected with client_fd = 2678 (active=2675)
New client connected with client_fd = 2679 (active=2676)
New client connected with client_fd = 2680 (active=2677)
New client connected with client_fd = 2681 (active=2678)
New client connected with client_fd = 2682 (active=2679)
New client connected with client_fd = 2683 (active=2680)
New client connected with client_fd = 2684 (active=2681)
New client connected with client_fd = 2685 (active=2682)
New client connected with client_fd = 2686 (active=2683)
New client connected with client_fd = 2687 (active=2684)
New client connected with client_fd = 2688 (active=2685)
New client connected with client_fd = 2689 (active=2686)
New client connected with client_fd = 2690 (active=2687)
New client connected with client_fd = 2691 (active=2688)
New client connected with client_fd = 2692 (active=2689)
New client connected with client_fd = 2693 (active=2690)
New client connected with client_fd = 2694 (active=2691)
New client connected with client_fd = 2695 (active=2692)
New client connected with client_fd = 2696 (active=2693)
New client connected with client_fd = 2697 (active=2694)
New client connected with client_fd = 2698 (active=2695)
New client connected with client_fd = 2699 (active=2696)
New client connected with client_fd = 2700 (active=2697)
New client connected with client_fd = 2701 (active=2698)
New client connected with client_fd = 2702 (active=2699)
New client connected with client_fd = 2703 (active=2700)
New client connected with client_fd = 2704 (active=2701)
New client connected with client_fd = 2705 (active=2702)
New client connected with client_fd = 2706 (active=2703)
New client connected with client_fd = 2707 (active=2704)
New client connected with client_fd = 2708 (active=2705)
New client connected with client_fd = 2709 (active=2706)
New client connected with client_fd = 2710 (active=2707)
New client connected with client_fd = 2711 (active=2708)
New client connected with client_fd = 2712 (active=2709)
New client connected with client_fd = 2713 (active=2710)
New client connected with client_fd = 2714 (active=2711)
New client connected with client_fd = 2715 (active=2712)
New client connected with client_fd = 2716 (active=2713)
New client connected with client_fd = 2717 (active=2714)
New client connected with client_fd = 2718 (active=2715)
New client connected with client_fd = 2719 (active=2716)
New client connected with client_fd = 2720 (active=2717)
New client connected with client_fd = 2721 (active=2718)
New client connected with client_fd = 2722 (active=2719)
New client connected with client_fd = 2723 (active=2720)
New client connected with client_fd = 2724 (active=2721)
New client connected with client_fd = 2725 (active=2722)
New client connected with client_fd = 2726 (active=2723)
New client connected with client_fd = 2727 (active=2724)
New client connected with client_fd = 2728 (active=2725)
New client connected with client_fd = 2729 (active=2726)
New client connected with client_fd = 2730 (active=2727)
New client connected with client_fd = 2731 (active=2728)
New client connected with client_fd = 2732 (active=2729)
New client connected with client_fd = 2733 (active=2730)
New client connected with client_fd = 2734 (active=2731)
New client connected with client_fd = 2735 (active=2732)
New client connected with client_fd = 2736 (active=2733)
New client connected with client_fd = 2737 (active=2734)
New client connected with client_fd = 2738 (active=2735)
New client connected with client_fd = 2739 (active=2736)
New client connected with client_fd = 2740 (active=2737)
New client connected with client_fd = 2741 (active=2738)
New client connected with client_fd = 2742 (active=2739)
New client connected with client_fd = 2743 (active=2740)
New client connected with client_fd = 2744 (active=2741)
New client connected with client_fd = 2745 (active=2742)
New client connected with client_fd = 2746 (active=2743)
New client connected with client_fd = 2747 (active=2744)
New client connected with client_fd = 2748 (active=2745)
New client connected with client_fd = 2749 (active=2746)
New client connected with client_fd = 2750 (active=2747)
New client connected with client_fd = 2751 (active=2748)
New client connected with client_fd = 2752 (active=2749)
New client connected with client_fd = 2753 (active=2750)
New client connected with client_fd = 2754 (active=2751)
New client connected with client_fd = 2755 (active=2752)
New client connected with client_fd = 2756 (active=2753)
New client connected with client_fd = 2757 (active=2754)
New client connected with client_fd = 2758 (active=2755)
New client connected with client_fd = 2759 (active=2756)
New client connected with client_fd = 2760 (active=2757)
New client connected with client_fd = 2761 (active=2758)
New client connected with client_fd = 2762 (active=2759)
New client connected with client_fd = 2763 (active=2760)
New client connected with client_fd = 2764 (active=2761)
New client connected with client_fd = 2765 (active=2762)
New client connected with client_fd = 2766 (active=2763)
New client connected with client_fd = 2767 (active=2764)
New client connected with client_fd = 2768 (active=2765)
New client connected with client_fd = 2769 (active=2766)
New client connected with client_fd = 2770 (active=2767)
New client connected with client_fd = 2771 (active=2768)
New client connected with client_fd = 2772 (active=2769)
New client connected with client_fd = 2773 (active=2770)
New client connected with client_fd = 2774 (active=2771)
New client connected with client_fd = 2775 (active=2772)
New client connected with client_fd = 2776 (active=2773)
New client connected with client_fd = 2777 (active=2774)
New client connected with client_fd = 2778 (active=2775)
New client connected with client_fd = 2779 (active=2776)
New client connected with client_fd = 2780 (active=2777)
New client connected with client_fd = 2781 (active=2778)
New client connected with client_fd = 2782 (active=2779)
New client connected with client_fd = 2783 (active=2780)
New client connected with client_fd = 2784 (active=2781)
New client connected with client_fd = 2785 (active=2782)
New client connected with client_fd = 2786 (active=2783)
New client connected with client_fd = 2787 (active=2784)
New client connected with client_fd = 2788 (active=2785)
New client connected with client_fd = 2789 (active=2786)
New client connected with client_fd = 2790 (active=2787)
New client connected with client_fd = 2791 (active=2788)
New client connected with client_fd = 2792 (active=2789)
New client connected with client_fd = 2793 (active=2790)
New client connected with client_fd = 2794 (active=2791)
New client connected with client_fd = 2795 (active=2792)
New client connected with client_fd = 2796 (active=2793)
New client connected with client_fd = 2797 (active=2794)
New client connected with client_fd = 2798 (active=2795)
New client connected with client_fd = 2799 (active=2796)
New client connected with client_fd = 2800 (active=2797)
New client connected with client_fd = 2801 (active=2798)
New client connected with client_fd = 2802 (active=2799)
New client connected with client_fd = 2803 (active=2800)
New client connected with client_fd = 2804 (active=2801)
New client connected with client_fd = 2805 (active=2802)
New client connected with client_fd = 2806 (active=2803)
New client connected with client_fd = 2807 (active=2804)
New client connected with client_fd = 2808 (active=2805)
New client connected with client_fd = 2809 (active=2806)
New client connected with client_fd = 2810 (active=2807)
New client connected with client_fd = 2811 (active=2808)
New client connected with client_fd = 2812 (active=2809)
New client connected with client_fd = 2813 (active=2810)
New client connected with client_fd = 2814 (active=2811)
New client connected with client_fd = 2815 (active=2812)
New client connected with client_fd = 2816 (active=2813)
New client connected with client_fd = 2817 (active=2814)
New client connected with client_fd = 2818 (active=2815)
New client connected with client_fd = 2819 (active=2816)
New client connected with client_fd = 2820 (active=2817)
New client connected with client_fd = 2821 (active=2818)
New client connected with client_fd = 2822 (active=2819)
New client connected with client_fd = 2823 (active=2820)
New client connected with client_fd = 2824 (active=2821)
New client connected with client_fd = 2825 (active=2822)
New client connected with client_fd = 2826 (active=2823)
New client connected with client_fd = 2827 (active=2824)
New client connected with client_fd = 2828 (active=2825)
New client connected with client_fd = 2829 (active=2826)
New client connected with client_fd = 2830 (active=2827)
New client connected with client_fd = 2831 (active=2828)
New client connected with client_fd = 2832 (active=2829)
New client connected with client_fd = 2833 (active=2830)
New client connected with client_fd = 2834 (active=2831)
New client connected with client_fd = 2835 (active=2832)
New client connected with client_fd = 2836 (active=2833)
New client connected with client_fd = 2837 (active=2834)
New client connected with client_fd = 2838 (active=2835)
New client connected with client_fd = 2839 (active=2836)
New client connected with client_fd = 2840 (active=2837)
New client connected with client_fd = 2841 (active=2838)
New client connected with client_fd = 2842 (active=2839)
New client connected with client_fd = 2843 (active=2840)
New client connected with client_fd = 2844 (active=2841)
New client connected with client_fd = 2845 (active=2842)
New client connected with client_fd = 2846 (active=2843)
New client connected with client_fd = 2847 (active=2844)
New client connected with client_fd = 2848 (active=2845)
New client connected with client_fd = 2849 (active=2846)
New client connected with client_fd = 2850 (active=2847)
New client connected with client_fd = 2851 (active=2848)
New client connected with client_fd = 2852 (active=2849)
New client connected with client_fd = 2853 (active=2850)
New client connected with client_fd = 2854 (active=2851)
New client connected with client_fd = 2855 (active=2852)
New client connected with client_fd = 2856 (active=2853)
New client connected with client_fd = 2857 (active=2854)
New client connected with client_fd = 2858 (active=2855)
New client connected with client_fd = 2859 (active=2856)
New client connected with client_fd = 2860 (active=2857)
New client connected with client_fd = 2861 (active=2858)
New client connected with client_fd = 2862 (active=2859)
New client connected with client_fd = 2863 (active=2860)
New client connected with client_fd = 2864 (active=2861)
New client connected with client_fd = 2865 (active=2862)
New client connected with client_fd = 2866 (active=2863)
New client connected with client_fd = 2867 (active=2864)
New client connected with client_fd = 2868 (active=2865)
New client connected with client_fd = 2869 (active=2866)
New client connected with client_fd = 2870 (active=2867)
New client connected with client_fd = 2871 (active=2868)
New client connected with client_fd = 2872 (active=2869)
New client connected with client_fd = 2873 (active=2870)
New client connected with client_fd = 2874 (active=2871)
New client connected with client_fd = 2875 (active=2872)
New client connected with client_fd = 2876 (active=2873)
New client connected with client_fd = 2877 (active=2874)
New client connected with client_fd = 2878 (active=2875)
New client connected with client_fd = 2879 (active=2876)
New client connected with client_fd = 2880 (active=2877)
New client connected with client_fd = 2881 (active=2878)
New client connected with client_fd = 2882 (active=2879)
New client connected with client_fd = 2883 (active=2880)
New client connected with client_fd = 2884 (active=2881)
New client connected with client_fd = 2885 (active=2882)
New client connected with client_fd = 2886 (active=2883)
New client connected with client_fd = 2887 (active=2884)
New client connected with client_fd = 2888 (active=2885)
New client connected with client_fd = 2889 (active=2886)
New client connected with client_fd = 2890 (active=2887)
New client connected with client_fd = 2891 (active=2888)
New client connected with client_fd = 2892 (active=2889)
New client connected with client_fd = 2893 (active=2890)
New client connected with client_fd = 2894 (active=2891)
New client connected with client_fd = 2895 (active=2892)
New client connected with client_fd = 2896 (active=2893)
New client connected with client_fd = 2897 (active=2894)
New client connected with client_fd = 2898 (active=2895)
New client connected with client_fd = 2899 (active=2896)
New client connected with client_fd = 2900 (active=2897)
New client connected with client_fd = 2901 (active=2898)
New client connected with client_fd = 2902 (active=2899)
New client connected with client_fd = 2903 (active=2900)
New client connected with client_fd = 2904 (active=2901)
New client connected with client_fd = 2905 (active=2902)
New client connected with client_fd = 2906 (active=2903)
New client connected with client_fd = 2907 (active=2904)
New client connected with client_fd = 2908 (active=2905)
New client connected with client_fd = 2909 (active=2906)
New client connected with client_fd = 2910 (active=2907)
New client connected with client_fd = 2911 (active=2908)
New client connected with client_fd = 2912 (active=2909)
New client connected with client_fd = 2913 (active=2910)
New client connected with client_fd = 2914 (active=2911)
New client connected with client_fd = 2915 (active=2912)
New client connected with client_fd = 2916 (active=2913)
New client connected with client_fd = 2917 (active=2914)
New client connected with client_fd = 2918 (active=2915)
New client connected with client_fd = 2919 (active=2916)
New client connected with client_fd = 2920 (active=2917)
New client connected with client_fd = 2921 (active=2918)
New client connected with client_fd = 2922 (active=2919)
New client connected with client_fd = 2923 (active=2920)
New client connected with client_fd = 2924 (active=2921)
New client connected with client_fd = 2925 (active=2922)
New client connected with client_fd = 2926 (active=2923)
New client connected with client_fd = 2927 (active=2924)
New client connected with client_fd = 2928 (active=2925)
New client connected with client_fd = 2929 (active=2926)
New client connected with client_fd = 2930 (active=2927)
New client connected with client_fd = 2931 (active=2928)
New client connected with client_fd = 2932 (active=2929)
New client connected with client_fd = 2933 (active=2930)
New client connected with client_fd = 2934 (active=2931)
New client connected with client_fd = 2935 (active=2932)
New client connected with client_fd = 2936 (active=2933)
New client connected with client_fd = 2937 (active=2934)
New client connected with client_fd = 2938 (active=2935)
New client connected with client_fd = 2939 (active=2936)
New client connected with client_fd = 2940 (active=2937)
New client connected with client_fd = 2941 (active=2938)
New client connected with client_fd = 2942 (active=2939)
New client connected with client_fd = 2943 (active=2940)
New client connected with client_fd = 2944 (active=2941)
New client connected with client_fd = 2945 (active=2942)
New client connected with client_fd = 2946 (active=2943)
New client connected with client_fd = 2947 (active=2944)
New client connected with client_fd = 2948 (active=2945)
New client connected with client_fd = 2949 (active=2946)
New client connected with client_fd = 2950 (active=2947)
New client connected with client_fd = 2951 (active=2948)
New client connected with client_fd = 2952 (active=2949)
New client connected with client_fd = 2953 (active=2950)
New client connected with client_fd = 2954 (active=2951)
New client connected with client_fd = 2955 (active=2952)
New client connected with client_fd = 2956 (active=2953)
New client connected with client_fd = 2957 (active=2954)
New client connected with client_fd = 2958 (active=2955)
New client connected with client_fd = 2959 (active=2956)
New client connected with client_fd = 2960 (active=2957)
New client connected with client_fd = 2961 (active=2958)
New client connected with client_fd = 2962 (active=2959)
New client connected with client_fd = 2963 (active=2960)
New client connected with client_fd = 2964 (active=2961)
New client connected with client_fd = 2965 (active=2962)
New client connected with client_fd = 2966 (active=2963)
New client connected with client_fd = 2967 (active=2964)
New client connected with client_fd = 2968 (active=2965)
New client connected with client_fd = 2969 (active=2966)
New client connected with client_fd = 2970 (active=2967)
New client connected with client_fd = 2971 (active=2968)
New client connected with client_fd = 2972 (active=2969)
New client connected with client_fd = 2973 (active=2970)
New client connected with client_fd = 2974 (active=2971)
New client connected with client_fd = 2975 (active=2972)
New client connected with client_fd = 2976 (active=2973)
New client connected withOutbound buffer overflow on client_fd 472
Outbound buffer overflow on client_fd 475
Outbound buffer overflow on client_fd 477
Outbound buffer overflow on client_fd 478
Outbound buffer overflow on client_fd 482
Outbound buffer overflow on client_fd 493
Outbound buffer overflow on client_fd 494
Outbound buffer overflow on client_fd 490
Outbound buffer overflow on client_fd 491
Outbound buffer overflow on client_fd 510
Outbound buffer overflow on client_fd 517
Outbound buffer overflow on client_fd 519
Outbound buffer overflow on client_fd 163
Outbound buffer overflow on client_fd 164
Outbound buffer overflow on client_fd 206
Outbound buffer overflow on client_fd 42
Outbound buffer overflow on client_fd 49
Outbound buffer overflow on client_fd 50
Outbound buffer overflow on client_fd 138
Outbound buffer overflow on client_fd 91
Outbound buffer overflow on client_fd 112
Outbound buffer overflow on client_fd 35
Outbound buffer overflow on client_fd 140
Outbound buffer overflow on client_fd 174
Outbound buffer overflow on client_fd 219
Outbound buffer overflow on client_fd 220
Outbound buffer overflow on client_fd 6
Outbound buffer overflow on client_fd 95
Outbound buffer overflow on client_fd 96
Outbound buffer overflow on client_fd 146
Outbound buffer overflow on client_fd 147
Outbound buffer overflow on client_fd 183
Outbound buffer overflow on client_fd 184
Outbound buffer overflow on client_fd 8
Outbound buffer overflow on client_fd 17
Outbound buffer overflow on client_fd 30
Outbound buffer overflow on client_fd 77
Outbound buffer overflow on client_fd 78
Outbound buffer overflow on client_fd 118
Outbound buffer overflow on client_fd 119
Outbound buffer overflow on client_fd 148
Outbound buffer overflow on client_fd 149
Outbound buffer overflow on client_fd 185
Outbound buffer overflow on client_fd 186
Outbound buffer overflow on client_fd 649
Outbound buffer overflow on client_fd 648
Outbound buffer overflow on client_fd 646
Outbound buffer overflow on client_fd 645
Outbound buffer overflow on client_fd 639
Outbound buffer overflow on client_fd 638
Outbound buffer overflow on client_fd 636
Outbound buffer overflow on client_fd 18
Outbound buffer overflow on client_fd 31
Outbound buffer overflow on client_fd 97
Outbound buffer overflow on client_fd 98
Outbound buffer overflow on client_fd 187
Outbound buffer overflow on client_fd 188
Outbound buffer overflow on client_fd 640
Outbound buffer overflow on client_fd 150
Outbound buffer overflow on client_fd 151
Outbound buffer overflow on client_fd 152
Outbound buffer overflow on client_fd 189
Outbound buffer overflow on client_fd 190
Outbound buffer overflow on client_fd 191
Outbound buffer overflow on client_fd 153
Outbound buffer overflow on client_fd 154
Outbound buffer overflow on client_fd 192
Outbound buffer overflow on client_fd 155
Outbound buffer overflow on client_fd 156
Outbound buffer overflow on client_fd 193
Outbound buffer overflow on client_fd 194
Outbound buffer overflow on client_fd 195
Outbound buffer overflow on client_fd 157
Outbound buffer overflow on client_fd 196
Outbound buffer overflow on client_fd 197
Outbound buffer overflow on client_fd 158
Outbound buffer overflow on client_fd 198
Outbound buffer overflow on client_fd 199
Outbound buffer overflow on client_fd 159
Outbound buffer overflow on client_fd 160
Outbound buffer overflow on client_fd 200
Outbound buffer overflow on client_fd 201
Outbound buffer overflow on client_fd 161
Outbound buffer overflow on client_fd 162
Outbound buffer overflow on client_fd 202
Outbound buffer overflow on client_fd 203
Outbound buffer overflow on client_fd 204
Outbound buffer overflow on client_fd 205
Outbound buffer overflow on client_fd 276
Outbound buffer overflow on client_fd 277
Outbound buffer overflow on client_fd 278
Outbound buffer overflow on client_fd 279
 client_fd = 2977 (active=2974)
New client connected with client_fd = 2978 (active=2975)
New client connected with client_fd = 2979 (active=2976)
New client connected with client_fd = 2980 (active=2977)
New client connected with client_fd = 2981 (active=2978)
New client connected with client_fd = 2982 (active=2979)
New client connected with client_fd = 2983 (active=2980)
New client connected with client_fd = 2984 (active=2981)
New client connected with client_fd = 2985 (active=2982)
New client connected with client_fd = 2986 (active=2983)
New client connected with client_fd = 2987 (active=2984)
New client connected with client_fd = 2988 (active=2985)
New client connected with client_fd = 2989 (active=2986)
New client connected with client_fd = 2990 (active=2987)
New client connected with client_fd = 2991 (active=2988)
New client connected with client_fd = 2992 (active=2989)
New client connected with client_fd = 2993 (active=2990)
New client connected with client_fd = 2994 (active=2991)
New client connected with client_fd = 2995 (active=2992)
New client connected with client_fd = 2996 (active=2993)
New client connected with client_fd = 2997 (active=2994)
New client connected with client_fd = 2998 (active=2995)
New client connected with client_fd = 2999 (active=2996)
New client connected with client_fd = 3000 (active=2997)
New client connected with client_fd = 3001 (active=2998)
New client connected with client_fd = 3002 (active=2999)
New client connected with client_fd = 3003 (active=3000)
New client connected with client_fd = 472 (active=2999)
New client connected with client_fd = 475 (active=3000)
New client connected with client_fd = 477 (active=2998)
New client connected with client_fd = 478 (active=2999)
New client connected with client_fd = 482 (active=3000)
New client connected with client_fd = 493 (active=2999)
New client connected with client_fd = 494 (active=3000)
New client connected with client_fd = 490 (active=2999)
New client connected with client_fd = 491 (active=3000)
New client connected with client_fd = 510 (active=3000)
New client connected with client_fd = 517 (active=2999)
New client connected with client_fd = 519 (active=3000)
New client connected with client_fd = 163 (active=2998)
New client connected with client_fd = 164 (active=2999)
New client connected with client_fd = 206 (active=3000)
New client connected with client_fd = 42 (active=2997)
New client connected with client_fd = 49 (active=2998)
New client connected with client_fd = 50 (active=2997)
New client connected with client_fd = 91 (active=2998)
New client connected with client_fd = 6 (active=2987)
New client connected with client_fd = 35 (active=2988)
New client connected with client_fd = 95 (active=2989)
New client connected with client_fd = 96 (active=2990)
New client connected with client_fd = 112 (active=2991)
New client connected with client_fd = 8 (active=2974)
New client connected with client_fd = 17 (active=2975)
New client connected with client_fd = 18 (active=2969)
New client connected with client_fd = 30 (active=2970)
New client connected with client_fd = 31 (active=2966)
New client connected with client_fd = 77 (active=2967)
New client connected with client_fd = 78 (active=2967)
New client connected with client_fd = 97 (active=2968)
New client connected with client_fd = 98 (active=2961)
New client connected with client_fd = 118 (active=2962)
New client connected with client_fd = 119 (active=2963)
New client connected with client_fd = 138 (active=2964)
New client connected with client_fd = 140 (active=2965)
New client connected with client_fd = 146 (active=2960)
New client connected with client_fd = 147 (active=2961)
New client connected with client_fd = 148 (active=2958)
New client connected with client_fd = 149 (active=2959)
New client connected with client_fd = 150 (active=2956)
New client connected with client_fd = 151 (active=2957)
New client connected with client_fd = 152 (active=2956)
New client connected with client_fd = 153 (active=2957)
New client connected with client_fd = 154 (active=2954)
New client connected withOutbound buffer overflow on client_fd 14
Outbound buffer overflow on client_fd 139
Outbound buffer overflow on client_fd 73
Outbound buffer overflow on client_fd 74
Outbound buffer overflow on client_fd 90
Outbound buffer overflow on client_fd 113
Outbound buffer overflow on client_fd 263
Outbound buffer overflow on client_fd 265
Outbound buffer overflow on client_fd 266
Outbound buffer overflow on client_fd 141
Outbound buffer overflow on client_fd 175
Outbound buffer overflow on client_fd 76
Outbound buffer overflow on client_fd 92
Outbound buffer overflow on client_fd 93
Outbound buffer overflow on client_fd 94
Outbound buffer overflow on client_fd 116
Outbound buffer overflow on client_fd 117
Outbound buffer overflow on client_fd 178
Outbound buffer overflow on client_fd 179
Outbound buffer overflow on client_fd 180
Outbound buffer overflow on client_fd 223
Outbound buffer overflow on client_fd 224
Outbound buffer overflow on client_fd 225
Outbound buffer overflow on client_fd 62
Outbound buffer overflow on client_fd 144
Outbound buffer overflow on client_fd 145
Outbound buffer overflow on client_fd 181
Outbound buffer overflow on client_fd 182
Outbound buffer overflow on client_fd 483
Outbound buffer overflow on client_fd 485
Outbound buffer overflow on client_fd 486
Outbound buffer overflow on client_fd 489
Outbound buffer overflow on client_fd 333
Outbound buffer overflow on client_fd 334
Outbound buffer overflow on client_fd 335
Outbound buffer overflow on client_fd 336
Outbound buffer overflow on client_fd 337
Outbound buffer overflow on client_fd 338
Outbound buffer overflow on client_fd 339
Outbound buffer overflow on client_fd 857
Outbound buffer overflow on client_fd 858
Outbound buffer overflow on client_fd 860
Outbound buffer overflow on client_fd 861
Outbound buffer overflow on client_fd 862
Outbound buffer overflow on client_fd 864
Outbound buffer overflow on client_fd 865
Outbound buffer overflow on client_fd 1145
Outbound buffer overflow on client_fd 1146
Outbound buffer overflow on client_fd 1147
Outbound buffer overflow on client_fd 1148
Outbound buffer overflow on client_fd 1149
Outbound buffer overflow on client_fd 1150
 client_fd = 155 (active=2955)
New client connected with client_fd = 14 (active=2955)
New client connected with client_fd = 156 (active=2956)
New client connected with client_fd = 157 (active=2957)
New client connected with client_fd = 158 (active=2958)
New client connected with client_fd = 159 (active=2959)
New client connected with client_fd = 139 (active=2959)
New client connected with client_fd = 160 (active=2960)
New client connected with client_fd = 73 (active=2954)
New client connected with client_fd = 74 (active=2955)
New client connected with client_fd = 90 (active=2954)
New client connected with client_fd = 113 (active=2955)
New client connected with client_fd = 141 (active=2956)
New client connected with client_fd = 161 (active=2957)
New client connected with client_fd = 76 (active=2946)
New client connected with client_fd = 92 (active=2947)
New client connected with client_fd = 93 (active=2948)
New client connected with client_fd = 94 (active=2949)
New client connected with client_fd = 62 (active=2945)
New client connected with client_fd = 116 (active=2946)
New client connected with client_fd = 117 (active=2947)
New client connected with client_fd = 144 (active=2948)
New client connected with client_fd = 145 (active=2949)
New client connected with client_fd = 162 (active=2950)
New client connected with client_fd = 174 (active=2951)
New client connected with client_fd = 175 (active=2952)
New client connected with client_fd = 178 (active=2953)
New client connected with client_fd = 179 (active=2954)
New client connected with client_fd = 180 (active=2955)
New client connected with client_fd = 181 (active=2956)
New client connected with client_fd = 182 (active=2957)
New client connected with client_fd = 183 (active=2958)
New client connected with client_fd = 184 (active=2959)
New client connected with client_fd = 185 (active=2960)
New client connected with client_fd = 186 (active=2961)
New client connected with client_fd = 187 (active=2962)
New client connected with client_fd = 188 (active=2963)
New client connected with client_fd = 189 (active=2964)
New client connected with client_fd = 190 (active=2965)
New client connected with client_fd = 191 (active=2966)
New client connected with client_fd = 192 (active=2967)
New client connected with client_fd = 193 (active=2968)
New client connected with client_fd = 194 (active=2945)
New client connected with client_fd = 195 (active=2946)
New client connected with client_fd = 196 (active=2947)
New client connected with client_fd = 197 (active=2948)
New client connected with client_fd = 198 (active=2949)
New client connected with client_fd = 199 (active=2950)
New client connected with client_fd = 200 (active=2951)
New client connected with client_fd = 201 (active=2952)
New client connected with client_fd = 202 (active=2953)
New client connected with client_fd = 203 (active=2954)
New client connected with client_fd = 204 (active=2955)
New client connected with client_fd = 205 (active=2956)
New client connected with client_fd = 219 (active=2957)
New client connected with client_fd = 220 (active=2958)
New client connected with client_fd = 223 (active=2959)
New client connected with client_fd = 224 (active=2960)
New client connected with client_fd = 225 (active=2961)
New client connected with client_fd = 263 (active=2962)
New client connected with client_fd = 265 (active=2963)
New client connected with client_fd = 266 (active=2964)
New client connected with client_fd = 276 (active=2965)
New client connected with client_fd = 277 (active=2966)
New client connected with client_fd = 278 (active=2967)
New client connected with client_fd = 279 (active=2968)
New client connected with client_fd = 333 (active=2969)
New client connected with client_fd = 334 (active=2970)
New client connected with client_fd = 335 (active=2971)
New client connected with client_fd = 336 (active=2972)
New client connected with client_fd = 337 (active=2973)
New client connected with client_fd = 338 (active=2974)
New client connected with client_fd = 339 (active=2975)
New client connected with client_fd = 483 Outbound buffer overflow on client_fd 480
Outbound buffer overflow on client_fd 481
Outbound buffer overflow on client_fd 328
Outbound buffer overflow on client_fd 327
Outbound buffer overflow on client_fd 326
Outbound buffer overflow on client_fd 191
Outbound buffer overflow on client_fd 190
Outbound buffer overflow on client_fd 494
Outbound buffer overflow on client_fd 493
Outbound buffer overflow on client_fd 187
Outbound buffer overflow on client_fd 186
Outbound buffer overflow on client_fd 185
Outbound buffer overflow on client_fd 184
Outbound buffer overflow on client_fd 183
Outbound buffer overflow on client_fd 182
Outbound buffer overflow on client_fd 181
Outbound buffer overflow on client_fd 180
Outbound buffer overflow on client_fd 179
Outbound buffer overflow on client_fd 194
Outbound buffer overflow on client_fd 195
Outbound buffer overflow on client_fd 196
Outbound buffer overflow on client_fd 197
Outbound buffer overflow on client_fd 198
Outbound buffer overflow on client_fd 199
Outbound buffer overflow on client_fd 200
Outbound buffer overflow on client_fd 201
Outbound buffer overflow on client_fd 202
Outbound buffer overflow on client_fd 203
Outbound buffer overflow on client_fd 204
Outbound buffer overflow on client_fd 205
Outbound buffer overflow on client_fd 219
Outbound buffer overflow on client_fd 193
Outbound buffer overflow on client_fd 192
Outbound buffer overflow on client_fd 189
Outbound buffer overflow on client_fd 188
Outbound buffer overflow on client_fd 149
Outbound buffer overflow on client_fd 148
Outbound buffer overflow on client_fd 151
Outbound buffer overflow on client_fd 150
Outbound buffer overflow on client_fd 153
Outbound buffer overflow on client_fd 152
Outbound buffer overflow on client_fd 155
Outbound buffer overflow on client_fd 154
Outbound buffer overflow on client_fd 156
Outbound buffer overflow on client_fd 14
Outbound buffer overflow on client_fd 158
Outbound buffer overflow on client_fd 157
Outbound buffer overflow on client_fd 159
Outbound buffer overflow on client_fd 160
Outbound buffer overflow on client_fd 139
Outbound buffer overflow on client_fd 74
Outbound buffer overflow on client_fd 73
Outbound buffer overflow on client_fd 141
Outbound buffer overflow on client_fd 113
Outbound buffer overflow on client_fd 90
Outbound buffer overflow on client_fd 161
Outbound buffer overflow on client_fd 94
Outbound buffer overflow on client_fd 93
Outbound buffer overflow on client_fd 92
Outbound buffer overflow on client_fd 76
(active=2976)
New client connected with client_fd = 485 (active=2977)
New client connected with client_fd = 486 (active=2978)
New client connected with client_fd = 489 (active=2979)
New client connected with client_fd = 636 (active=2980)
New client connected with client_fd = 638 (active=2981)
New client connected with client_fd = 639 (active=2982)
New client connected with client_fd = 640 (active=2983)
New client connected with client_fd = 645 (active=2984)
New client connected with client_fd = 646 (active=2985)
New client connected with client_fd = 648 (active=2986)
New client connected with client_fd = 649 (active=2987)
New client connected with client_fd = 857 (active=2988)
New client connected with client_fd = 858 (active=2989)
New client connected with client_fd = 860 (active=2990)
New client connected with client_fd = 861 (active=2991)
New client connected with client_fd = 862 (active=2992)
New client connected with client_fd = 864 (active=2993)
New client connected with client_fd = 865 (active=2994)
New client connected with client_fd = 1145 (active=2995)
New client connected with client_fd = 1146 (active=2996)
New client connected with client_fd = 1147 (active=2997)
New client connected with client_fd = 1148 (active=2998)
New client connected with client_fd = 1149 (active=2999)
New client connected with client_fd = 1150 (active=3000)
New client connected with client_fd = 179 (active=2970)
New client connected with client_fd = 180 (active=2971)
New client connected with client_fd = 181 (active=2972)
New client connected with client_fd = 182 (active=2973)
New client connected with client_fd = 183 (active=2974)
New client connected with client_fd = 184 (active=2975)
New client connected with client_fd = 185 (active=2976)
New client connected with client_fd = 186 (active=2973)
New client connected with client_fd = 187 (active=2974)
New client connected with client_fd = 188 (active=2975)
New client connected with client_fd = 189 (active=2976)
New client connected with client_fd = 190 (active=2977)
New client connected with client_fd = 148 (active=2976)
New client connected with client_fd = 149 (active=2977)
New client connected with client_fd = 191 (active=2978)
New client connected with client_fd = 192 (active=2979)
New client connected with client_fd = 150 (active=2976)
New client connected with client_fd = 151 (active=2977)
New client connected with client_fd = 152 (active=2978)
New client connected with client_fd = 153 (active=2979)
New client connected with client_fd = 154 (active=2978)
New client connected with client_fd = 155 (active=2979)
New client connected with client_fd = 14 (active=2978)
New client connected with client_fd = 156 (active=2979)
New client connected with client_fd = 193 (active=2980)
New client connected with client_fd = 194 (active=2981)
New client connected with client_fd = 195 (active=2982)
New client connected with client_fd = 196 (active=2983)
New client connected with client_fd = 197 (active=2984)
New client connected with client_fd = 157 (active=2982)
New client connected with client_fd = 158 (active=2983)
New client connected with client_fd = 159 (active=2984)
New client connected with client_fd = 198 (active=2985)
New client connected with client_fd = 139 (active=2984)
New client connected with client_fd = 160 (active=2985)
New client connected with client_fd = 73 (active=2984)
New client connected with client_fd = 74 (active=2985)
New client connected with client_fd = 199 (active=2986)
New client connected with client_fd = 200 (active=2987)
New client connected with client_fd = 201 (active=2988)
New client connected with client_fd = 90 (active=2986)
New client connected with client_fd = 113 (active=2987)
New client connected with client_fd = 141 (active=2987)
New client connected with client_fd = 161 (active=2988)
New client connected with client_fd = 202 (active=2989)
New client connected with client_fd = 203 (active=2990)
New client connected with client_fd = 76 (active=2987)
New client connected with client_fd = 92 (active=2988)
New client connected with client_fd = 93 (active=2Outbound buffer overflow on client_fd 117
Outbound buffer overflow on client_fd 116
Outbound buffer overflow on client_fd 62
Outbound buffer overflow on client_fd 174
Outbound buffer overflow on client_fd 162
Outbound buffer overflow on client_fd 145
Outbound buffer overflow on client_fd 144
Outbound buffer overflow on client_fd 178
Outbound buffer overflow on client_fd 175
Outbound buffer overflow on client_fd 476
Outbound buffer overflow on client_fd 245
Outbound buffer overflow on client_fd 233
Outbound buffer overflow on client_fd 251
Outbound buffer overflow on client_fd 315
Outbound buffer overflow on client_fd 316
Outbound buffer overflow on client_fd 354
Outbound buffer overflow on client_fd 355
Outbound buffer overflow on client_fd 356
Outbound buffer overflow on client_fd 357
Outbound buffer overflow on client_fd 11
Outbound buffer overflow on client_fd 359
Outbound buffer overflow on client_fd 360
Outbound buffer overflow on client_fd 361
Outbound buffer overflow on client_fd 362
Outbound buffer overflow on client_fd 363
Outbound buffer overflow on client_fd 364
Outbound buffer overflow on client_fd 365
Outbound buffer overflow on client_fd 366
Outbound buffer overflow on client_fd 367
Outbound buffer overflow on client_fd 368
Outbound buffer overflow on client_fd 369
Outbound buffer overflow on client_fd 370
Outbound buffer overflow on client_fd 717
Outbound buffer overflow on client_fd 719
Outbound buffer overflow on client_fd 720
Outbound buffer overflow on client_fd 721
Outbound buffer overflow on client_fd 722
Outbound buffer overflow on client_fd 723
Outbound buffer overflow on client_fd 724
Outbound buffer overflow on client_fd 725
Outbound buffer overflow on client_fd 726
Outbound buffer overflow on client_fd 727
Outbound buffer overflow on client_fd 728
Outbound buffer overflow on client_fd 1821
Outbound buffer overflow on client_fd 1822
Outbound buffer overflow on client_fd 1823
Outbound buffer overflow on client_fd 1824
Outbound buffer overflow on client_fd 1825
Outbound buffer overflow on client_fd 1826
Outbound buffer overflow on client_fd 1827
Outbound buffer overflow on client_fd 1828
Outbound buffer overflow on client_fd 1829
Outbound buffer overflow on client_fd 1830
Outbound buffer overflow on client_fd 1831
Outbound buffer overflow on client_fd 1832
Outbound buffer overflow on client_fd 1833
Outbound buffer overflow on client_fd 1834
Outbound buffer overflow on client_fd 1835
Outbound buffer overflow on client_fd 1836
Outbound buffer overflow on client_fd 1837
Outbound buffer overflow on client_fd 1838
Outbound buffer overflow on client_fd 1839
Outbound buffer overflow on client_fd 1840
Outbound buffer overflow on client_fd 1841
Outbound buffer overflow on client_fd 1842
Outbound buffer overflow on client_fd 1843
Outbound buffer overflow on client_fd 1850
Outbound buffer overflow on client_fd 1851
Outbound buffer overflow on client_fd 1852
Outbound buffer overflow on client_fd 1853
Outbound buffer overflow on client_fd 1854
Outbound buffer overflow on client_fd 1855
Outbound buffer overflow on client_fd 303
Outbound buffer overflow on client_fd 330
Outbound buffer overflow on client_fd 331
Outbound buffer overflow on client_fd 332
Outbound buffer overflow on client_fd 820
Outbound buffer overflow on client_fd 358
Outbound buffer overflow on client_fd 108
Outbound buffer overflow on client_fd 809
Outbound buffer overflow on client_fd 810
Outbound buffer overflow on client_fd 813
Outbound buffer overflow on client_fd 814
Outbound buffer overflow on client_fd 817
Outbound buffer overflow on client_fd 1279
Outbound buffer overflow on client_fd 1280
Outbound buffer overflow on client_fd 1281
Outbound buffer overflow on client_fd 1286
Outbound buffer overflow on client_fd 1287
Outbound buffer overflow on client_fd 1288
Outbound buffer overflow on client_fd 851
Outbound buffer overflow on client_fd 854
Outbound buffer overflow on client_fd 855
Outbound buffer overflow on client_fd 856
Outbound buffer overflow on client_fd 1294
Outbound buffer overflow on client_fd 1295
Outbound buffer overflow on client_fd 1296
Outbound buffer overflow on client_fd 1297
989)
New client connected with client_fd = 94 (active=2990)
New client connected with client_fd = 62 (active=2988)
New client connected with client_fd = 116 (active=2989)
New client connected with client_fd = 117 (active=2990)
New client connected with client_fd = 204 (active=2991)
New client connected with client_fd = 205 (active=2992)
New client connected with client_fd = 219 (active=2993)
New client connected with client_fd = 326 (active=2994)
New client connected with client_fd = 327 (active=2995)
New client connected with client_fd = 328 (active=2996)
New client connected with client_fd = 144 (active=2993)
New client connected with client_fd = 145 (active=2994)
New client connected with client_fd = 162 (active=2995)
New client connected with client_fd = 174 (active=2996)
New client connected with client_fd = 175 (active=2995)
New client connected with client_fd = 178 (active=2996)
New client connected with client_fd = 480 (active=2997)
New client connected with client_fd = 481 (active=2998)
New client connected with client_fd = 493 (active=2999)
New client connected with client_fd = 494 (active=3000)
New client connected with client_fd = 476 (active=3000)
New client connected with client_fd = 11 (active=2939)
New client connected with client_fd = 233 (active=2940)
New client connected with client_fd = 245 (active=2941)
New client connected with client_fd = 251 (active=2942)
New client connected with client_fd = 315 (active=2943)
New client connected with client_fd = 316 (active=2944)
New client connected with client_fd = 354 (active=2945)
New client connected with client_fd = 303 (active=2941)
New client connected with client_fd = 330 (active=2942)
New client connected with client_fd = 331 (active=2943)
New client connected with client_fd = 332 (active=2944)
New client connected with client_fd = 355 (active=2945)
New client connected with client_fd = 356 (active=2946)
New client connected with client_fd = 357 (active=2947)
New client connected with client_fd = 359 (active=2948)
New client connected with client_fd = 360 (active=2949)
New client connected with client_fd = 361 (active=2950)
New client connected with client_fd = 362 (active=2951)
New client connected with client_fd = 363 (active=2952)
New client connected with client_fd = 364 (active=2953)
New client connected with client_fd = 365 (active=2954)
New client connected with client_fd = 366 (active=2955)
New client connected with client_fd = 367 (active=2956)
New client connected with client_fd = 368 (active=2957)
New client connected with client_fd = 369 (active=2958)
New client connected with client_fd = 370 (active=2959)
New client connected with client_fd = 717 (active=2960)
New client connected with client_fd = 719 (active=2961)
New client connected with client_fd = 720 (active=2962)
New client connected with client_fd = 721 (active=2963)
New client connected with client_fd = 108 (active=2951)
New client connected with client_fd = 358 (active=2952)
New client connected with client_fd = 722 (active=2953)
New client connected with client_fd = 723 (active=2946)
New client connected with client_fd = 724 (active=2947)
New client connected with client_fd = 725 (active=2948)
New client connected with client_fd = 726 (active=2949)
New client connected with client_fd = 727 (active=2950)
New client connected with client_fd = 728 (active=2951)
New client connected with client_fd = 809 (active=2952)
New client connected with client_fd = 810 (active=2953)
New client connected with client_fd = 813 (active=2954)
New client connected with client_fd = 814 (active=2955)
New client connected with client_fd = 817 (active=2956)
New client connected with client_fd = 820 (active=2957)
New client connected with client_fd = 851 (active=2958)
New client connected with client_fd = 854 (active=2959)
New client connected with client_fd = 855 (active=2960)
New client connected with client_fd = 856 (active=2961)
New client connected with client_fd = 1279 (active=2962)
New client connected with client_fd = 1280 (active=2963)
New client connected with client_fd = 1281 (active=2964)
NewOutbound buffer overflow on client_fd 354
Outbound buffer overflow on client_fd 316
Outbound buffer overflow on client_fd 315
Outbound buffer overflow on client_fd 251
Outbound buffer overflow on client_fd 245
Outbound buffer overflow on client_fd 11
Outbound buffer overflow on client_fd 233
Outbound buffer overflow on client_fd 303
Outbound buffer overflow on client_fd 330
Outbound buffer overflow on client_fd 331
Outbound buffer overflow on client_fd 332
Outbound buffer overflow on client_fd 175
Outbound buffer overflow on client_fd 328
Outbound buffer overflow on client_fd 327
Outbound buffer overflow on client_fd 1844
Outbound buffer overflow on client_fd 1845
Outbound buffer overflow on client_fd 1846
Outbound buffer overflow on client_fd 1847
Outbound buffer overflow on client_fd 1848
Outbound buffer overflow on client_fd 1849
Outbound buffer overflow on client_fd 203
Outbound buffer overflow on client_fd 197
Outbound buffer overflow on client_fd 196
Outbound buffer overflow on client_fd 202
Outbound buffer overflow on client_fd 158
Outbound buffer overflow on client_fd 157
Outbound buffer overflow on client_fd 193
Outbound buffer overflow on client_fd 156
Outbound buffer overflow on client_fd 14
Outbound buffer overflow on client_fd 74
Outbound buffer overflow on client_fd 73
Outbound buffer overflow on client_fd 90
Outbound buffer overflow on client_fd 117
Outbound buffer overflow on client_fd 62
Outbound buffer overflow on client_fd 852
Outbound buffer overflow on client_fd 1289
Outbound buffer overflow on client_fd 821
Outbound buffer overflow on client_fd 825
Outbound buffer overflow on client_fd 830
Outbound buffer overflow on client_fd 832
Outbound buffer overflow on client_fd 833
Outbound buffer overflow on client_fd 838
Outbound buffer overflow on client_fd 839
Outbound buffer overflow on client_fd 842
Outbound buffer overflow on client_fd 843
Outbound buffer overflow on client_fd 844
Outbound buffer overflow on client_fd 850
Outbound buffer overflow on client_fd 853
Outbound buffer overflow on client_fd 894
Outbound buffer overflow on client_fd 897
Outbound buffer overflow on client_fd 898
Outbound buffer overflow on client_fd 901
Outbound buffer overflow on client_fd 1133
Outbound buffer overflow on client_fd 1134
Outbound buffer overflow on client_fd 1135
Outbound buffer overflow on client_fd 1139
Outbound buffer overflow on client_fd 1140
Outbound buffer overflow on client_fd 1141
Outbound buffer overflow on client_fd 1142
Outbound buffer overflow on client_fd 1143
Outbound buffer overflow on client_fd 1144
Outbound buffer overflow on client_fd 1301
Outbound buffer overflow on client_fd 1302
Outbound buffer overflow on client_fd 1303
Outbound buffer overflow on client_fd 1304
Outbound buffer overflow on client_fd 1305
Outbound buffer overflow on client_fd 1308
Outbound buffer overflow on client_fd 1309
Outbound buffer overflow on client_fd 1310
 client connected with client_fd = 1286 (active=2965)
New client connected with client_fd = 1287 (active=2966)
New client connected with client_fd = 1288 (active=2967)
New client connected with client_fd = 1294 (active=2968)
New client connected with client_fd = 1295 (active=2969)
New client connected with client_fd = 1296 (active=2970)
New client connected with client_fd = 1297 (active=2971)
New client connected with client_fd = 1821 (active=2972)
New client connected with client_fd = 1822 (active=2973)
New client connected with client_fd = 1823 (active=2974)
New client connected with client_fd = 1824 (active=2975)
New client connected with client_fd = 1825 (active=2976)
New client connected with client_fd = 1826 (active=2977)
New client connected with client_fd = 1827 (active=2978)
New client connected with client_fd = 1828 (active=2979)
New client connected with client_fd = 1829 (active=2980)
New client connected with client_fd = 1830 (active=2981)
New client connected with client_fd = 1831 (active=2982)
New client connected with client_fd = 1832 (active=2983)
New client connected with client_fd = 1833 (active=2984)
New client connected with client_fd = 1834 (active=2985)
New client connected with client_fd = 1835 (active=2986)
New client connected with client_fd = 1836 (active=2987)
New client connected with client_fd = 1837 (active=2988)
New client connected with client_fd = 1838 (active=2989)
New client connected with client_fd = 1839 (active=2990)
New client connected with client_fd = 1840 (active=2991)
New client connected with client_fd = 1841 (active=2992)
New client connected with client_fd = 1842 (active=2993)
New client connected with client_fd = 1843 (active=2994)
New client connected with client_fd = 1850 (active=2995)
New client connected with client_fd = 1851 (active=2996)
New client connected with client_fd = 1852 (active=2997)
New client connected with client_fd = 1853 (active=2998)
New client connected with client_fd = 1854 (active=2999)
New client connected with client_fd = 1855 (active=3000)
New client connected with client_fd = 11 (active=2990)
New client connected with client_fd = 233 (active=2991)
New client connected with client_fd = 245 (active=2992)
New client connected with client_fd = 251 (active=2993)
New client connected with client_fd = 175 (active=2985)
New client connected with client_fd = 303 (active=2986)
New client connected with client_fd = 315 (active=2987)
New client connected with client_fd = 316 (active=2988)
New client connected with client_fd = 327 (active=2989)
New client connected with client_fd = 328 (active=2990)
New client connected with client_fd = 330 (active=2991)
New client connected with client_fd = 331 (active=2992)
New client connected with client_fd = 332 (active=2993)
New client connected with client_fd = 354 (active=2994)
New client connected with client_fd = 1844 (active=2995)
New client connected with client_fd = 1845 (active=2996)
New client connected with client_fd = 1846 (active=2997)
New client connected with client_fd = 1847 (active=2998)
New client connected with client_fd = 1848 (active=2999)
New client connected with client_fd = 14 (active=2991)
New client connected with client_fd = 156 (active=2992)
New client connected with client_fd = 157 (active=2993)
New client connected with client_fd = 158 (active=2994)
New client connected with client_fd = 193 (active=2995)
New client connected with client_fd = 196 (active=2996)
New client connected with client_fd = 197 (active=2997)
New client connected with client_fd = 202 (active=2998)
New client connected with client_fd = 73 (active=2997)
New client connected with client_fd = 74 (active=2998)
New client connected with client_fd = 90 (active=2998)
New client connected with client_fd = 62 (active=2995)
New client connected with client_fd = 117 (active=2996)
New client connected with client_fd = 203 (active=2997)
New client connected with client_fd = 852 (active=2998)
New client connected with client_fd = 821 (active=2966)
New client connected with client_fd = 825 (active=2967)
New client connected with clientOutbound buffer overflow on client_fd 1300
Outbound buffer overflow on client_fd 891
Outbound buffer overflow on client_fd 896
Outbound buffer overflow on client_fd 899
Outbound buffer overflow on client_fd 900
Outbound buffer overflow on client_fd 918
Outbound buffer overflow on client_fd 663
Outbound buffer overflow on client_fd 454
Outbound buffer overflow on client_fd 893
Outbound buffer overflow on client_fd 904
Outbound buffer overflow on client_fd 912
Outbound buffer overflow on client_fd 919
Outbound buffer overflow on client_fd 922
Outbound buffer overflow on client_fd 927
Outbound buffer overflow on client_fd 711
Outbound buffer overflow on client_fd 712
Outbound buffer overflow on client_fd 714
Outbound buffer overflow on client_fd 715
Outbound buffer overflow on client_fd 716
Outbound buffer overflow on client_fd 718
Outbound buffer overflow on client_fd 1146
Outbound buffer overflow on client_fd 1145
Outbound buffer overflow on client_fd 1148
Outbound buffer overflow on client_fd 1147
Outbound buffer overflow on client_fd 1150
Outbound buffer overflow on client_fd 1149
Outbound buffer overflow on client_fd 491
Outbound buffer overflow on client_fd 490
Outbound buffer overflow on client_fd 183
Outbound buffer overflow on client_fd 182
Outbound buffer overflow on client_fd 185
Outbound buffer overflow on client_fd 184
Outbound buffer overflow on client_fd 153
Outbound buffer overflow on client_fd 190
Outbound buffer overflow on client_fd 189
Outbound buffer overflow on client_fd 155
Outbound buffer overflow on client_fd 154
Outbound buffer overflow on client_fd 149
Outbound buffer overflow on client_fd 148
Outbound buffer overflow on client_fd 151
Outbound buffer overflow on client_fd 150
Outbound buffer overflow on client_fd 188
Outbound buffer overflow on client_fd 187
Outbound buffer overflow on client_fd 186
Outbound buffer overflow on client_fd 181
Outbound buffer overflow on client_fd 180
Outbound buffer overflow on client_fd 179
_fd = 830 (active=2968)
New client connected with client_fd = 832 (active=2969)
New client connected with client_fd = 833 (active=2970)
New client connected with client_fd = 838 (active=2971)
New client connected with client_fd = 839 (active=2972)
New client connected with client_fd = 842 (active=2973)
New client connected with client_fd = 843 (active=2974)
New client connected with client_fd = 844 (active=2975)
New client connected with client_fd = 850 (active=2976)
New client connected with client_fd = 853 (active=2977)
New client connected with client_fd = 894 (active=2978)
New client connected with client_fd = 897 (active=2979)
New client connected with client_fd = 898 (active=2980)
New client connected with client_fd = 901 (active=2981)
New client connected with client_fd = 1133 (active=2982)
New client connected with client_fd = 1134 (active=2983)
New client connected with client_fd = 1135 (active=2984)
New client connected with client_fd = 1139 (active=2985)
New client connected with client_fd = 1140 (active=2986)
New client connected with client_fd = 1141 (active=2987)
New client connected with client_fd = 1142 (active=2988)
New client connected with client_fd = 1143 (active=2989)
New client connected with client_fd = 1144 (active=2990)
New client connected with client_fd = 1289 (active=2991)
New client connected with client_fd = 1301 (active=2992)
New client connected with client_fd = 1302 (active=2993)
New client connected with client_fd = 1303 (active=2994)
New client connected with client_fd = 1304 (active=2995)
New client connected with client_fd = 1305 (active=2996)
New client connected with client_fd = 1308 (active=2997)
New client connected with client_fd = 1309 (active=2998)
New client connected with client_fd = 1300 (active=2998)
New client connected with client_fd = 891 (active=2994)
New client connected with client_fd = 896 (active=2995)
New client connected with client_fd = 899 (active=2996)
New client connected with client_fd = 900 (active=2997)
New client connected with client_fd = 918 (active=2998)
New client connected with client_fd = 663 (active=2998)
New client connected with client_fd = 454 (active=2992)
New client connected with client_fd = 893 (active=2993)
New client connected with client_fd = 904 (active=2994)
New client connected with client_fd = 912 (active=2995)
New client connected with client_fd = 711 (active=2990)
New client connected with client_fd = 712 (active=2991)
New client connected with client_fd = 714 (active=2992)
New client connected with client_fd = 715 (active=2993)
New client connected with client_fd = 716 (active=2994)
New client connected with client_fd = 718 (active=2995)
New client connected with client_fd = 919 (active=2996)
New client connected with client_fd = 922 (active=2997)
New client connected with client_fd = 927 (active=2998)
New client connected with client_fd = 1146 (active=2998)
New client connected with client_fd = 1145 (active=2996)
New client connected with client_fd = 1147 (active=2997)
New client connected with client_fd = 1148 (active=2998)
New client connected with client_fd = 1149 (active=2997)
New client connected with client_fd = 1150 (active=2998)
New client connected with client_fd = 182 (active=2995)
New client connected with client_fd = 183 (active=2996)
New client connected with client_fd = 184 (active=2995)
New client connected with client_fd = 185 (active=2996)
New client connected with client_fd = 153 (active=2996)
New client connected with client_fd = 148 (active=2983)
New client connected with client_fd = 149 (active=2984)
New client connected with client_fd = 150 (active=2985)
New client connected with client_fd = 151 (active=2986)
New client connected with client_fd = 154 (active=2987)
New client connected with client_fd = 155 (active=2988)
New client connected with client_fd = 179 (active=2989)
New client connected with client_fd = 180 (active=2990)
New client connected with client_fd = 181 (active=2991)
New client connected with client_fd = 186 (active=2992)
New client connected with client_fd = 187 (active=2993)
New client conneOutbound buffer overflow on client_fd 195
Outbound buffer overflow on client_fd 192
Outbound buffer overflow on client_fd 191
Outbound buffer overflow on client_fd 152
Outbound buffer overflow on client_fd 892
Outbound buffer overflow on client_fd 895
Outbound buffer overflow on client_fd 902
Outbound buffer overflow on client_fd 903
Outbound buffer overflow on client_fd 909
Outbound buffer overflow on client_fd 910
Outbound buffer overflow on client_fd 915
Outbound buffer overflow on client_fd 920
Outbound buffer overflow on client_fd 921
Outbound buffer overflow on client_fd 923
Outbound buffer overflow on client_fd 924
Outbound buffer overflow on client_fd 925
Outbound buffer overflow on client_fd 926
Outbound buffer overflow on client_fd 107
Outbound buffer overflow on client_fd 89
Outbound buffer overflow on client_fd 239
Outbound buffer overflow on client_fd 235
Outbound buffer overflow on client_fd 234
Outbound buffer overflow on client_fd 88
Outbound buffer overflow on client_fd 811
Outbound buffer overflow on client_fd 812
Outbound buffer overflow on client_fd 815
Outbound buffer overflow on client_fd 816
Outbound buffer overflow on client_fd 1277
Outbound buffer overflow on client_fd 1278
Outbound buffer overflow on client_fd 1283
Outbound buffer overflow on client_fd 1284
Outbound buffer overflow on client_fd 1285
Outbound buffer overflow on client_fd 1290
Outbound buffer overflow on client_fd 1291
Outbound buffer overflow on client_fd 889
Outbound buffer overflow on client_fd 1295
Outbound buffer overflow on client_fd 1294
Outbound buffer overflow on client_fd 1288
Outbound buffer overflow on client_fd 1280
Outbound buffer overflow on client_fd 1281
Outbound buffer overflow on client_fd 1296
Outbound buffer overflow on client_fd 1287
Outbound buffer overflow on client_fd 856
Outbound buffer overflow on client_fd 1279
Outbound buffer overflow on client_fd 1286
Outbound buffer overflow on client_fd 1833
Outbound buffer overflow on client_fd 1832
Outbound buffer overflow on client_fd 1831
Outbound buffer overflow on client_fd 1830
Outbound buffer overflow on client_fd 1829
Outbound buffer overflow on client_fd 1828
Outbound buffer overflow on client_fd 1827
Outbound buffer overflow on client_fd 1826
Outbound buffer overflow on client_fd 1825
Outbound buffer overflow on client_fd 1824
Outbound buffer overflow on client_fd 1823
Outbound buffer overflow on client_fd 1822
Outbound buffer overflow on client_fd 1821
Outbound buffer overflow on client_fd 1297
Outbound buffer overflow on client_fd 1853
Outbound buffer overflow on client_fd 1852
Outbound buffer overflow on client_fd 1851
Outbound buffer overflow on client_fd 1836
Outbound buffer overflow on client_fd 1835
Outbound buffer overflow on client_fd 1850
Outbound buffer overflow on client_fd 1843
Outbound buffer overflow on client_fd 1842
Outbound buffer overflow on client_fd 1838
Outbound buffer overflow on client_fd 1837
Outbound buffer overflow on client_fd 1834
Outbound buffer overflow on client_fd 1841
Outbound buffer overflow on client_fd 1840
Outbound buffer overflow on client_fd 1839
cted with client_fd = 188 (active=2994)
New client connected with client_fd = 189 (active=2995)
New client connected with client_fd = 152 (active=2992)
New client connected with client_fd = 190 (active=2993)
New client connected with client_fd = 191 (active=2994)
New client connected with client_fd = 192 (active=2995)
New client connected with client_fd = 195 (active=2996)
New client connected with client_fd = 490 (active=2984)
New client connected with client_fd = 491 (active=2985)
New client connected with client_fd = 892 (active=2986)
New client connected with client_fd = 895 (active=2987)
New client connected with client_fd = 902 (active=2988)
New client connected with client_fd = 903 (active=2989)
New client connected with client_fd = 909 (active=2990)
New client connected with client_fd = 910 (active=2991)
New client connected with client_fd = 915 (active=2992)
New client connected with client_fd = 920 (active=2993)
New client connected with client_fd = 921 (active=2994)
New client connected with client_fd = 923 (active=2995)
New client connected with client_fd = 924 (active=2996)
New client connected with client_fd = 88 (active=2980)
New client connected with client_fd = 89 (active=2981)
New client connected with client_fd = 107 (active=2982)
New client connected with client_fd = 234 (active=2983)
New client connected with client_fd = 235 (active=2984)
New client connected with client_fd = 239 (active=2985)
New client connected with client_fd = 811 (active=2986)
New client connected with client_fd = 812 (active=2987)
New client connected with client_fd = 815 (active=2988)
New client connected with client_fd = 816 (active=2989)
New client connected with client_fd = 925 (active=2990)
New client connected with client_fd = 926 (active=2991)
New client connected with client_fd = 1277 (active=2992)
New client connected with client_fd = 1278 (active=2993)
New client connected with client_fd = 1283 (active=2994)
New client connected with client_fd = 1284 (active=2995)
New client connected with client_fd = 1285 (active=2996)
New client connected with client_fd = 1290 (active=2997)
New client connected with client_fd = 1291 (active=2998)
New client connected with client_fd = 889 (active=2998)
New client connected with client_fd = 1280 (active=2994)
New client connected with client_fd = 1281 (active=2995)
New client connected with client_fd = 1288 (active=2996)
New client connected with client_fd = 1294 (active=2997)
New client connected with client_fd = 1295 (active=2998)
New client connected with client_fd = 856 (active=2994)
New client connected with client_fd = 1279 (active=2995)
New client connected with client_fd = 1286 (active=2996)
New client connected with client_fd = 1287 (active=2997)
New client connected with client_fd = 1296 (active=2998)
New client connected with client_fd = 1310 (active=2992)
New client connected with client_fd = 1827 (active=2993)
New client connected with client_fd = 1828 (active=2994)
New client connected with client_fd = 1829 (active=2995)
New client connected with client_fd = 1297 (active=2989)
New client connected with client_fd = 1821 (active=2990)
New client connected with client_fd = 1822 (active=2991)
New client connected with client_fd = 1823 (active=2992)
New client connected with client_fd = 1824 (active=2993)
New client connected with client_fd = 1825 (active=2994)
New client connected with client_fd = 1826 (active=2995)
New client connected with client_fd = 1830 (active=2996)
New client connected with client_fd = 1831 (active=2997)
New client connected with client_fd = 1832 (active=2990)
New client connected with client_fd = 1833 (active=2991)
New client connected with client_fd = 1835 (active=2992)
New client connected with client_fd = 1836 (active=2993)
New client connected with client_fd = 1842 (active=2994)
New client connected with client_fd = 1834 (active=2989)
New client connected with client_fd = 1837 (active=2990)
New client connected with client_fd = 1838 (active=2991)
New client connected with client_fd = 1839 (active=2992)
New client connected with client_fd = 1840 (Outbound buffer overflow on client_fd 1855
Outbound buffer overflow on client_fd 1854
Outbound buffer overflow on client_fd 11
Outbound buffer overflow on client_fd 251
Outbound buffer overflow on client_fd 330
Outbound buffer overflow on client_fd 328
Outbound buffer overflow on client_fd 327
Outbound buffer overflow on client_fd 316
Outbound buffer overflow on client_fd 315
Outbound buffer overflow on client_fd 245
Outbound buffer overflow on client_fd 303
Outbound buffer overflow on client_fd 175
Outbound buffer overflow on client_fd 233
Outbound buffer overflow on client_fd 1847
Outbound buffer overflow on client_fd 1846
Outbound buffer overflow on client_fd 1845
Outbound buffer overflow on client_fd 1844
Outbound buffer overflow on client_fd 354
Outbound buffer overflow on client_fd 1848
Outbound buffer overflow on client_fd 202
Outbound buffer overflow on client_fd 197
Outbound buffer overflow on client_fd 332
Outbound buffer overflow on client_fd 331
Outbound buffer overflow on client_fd 156
Outbound buffer overflow on client_fd 14
Outbound buffer overflow on client_fd 196
Outbound buffer overflow on client_fd 193
Outbound buffer overflow on client_fd 74
Outbound buffer overflow on client_fd 73
Outbound buffer overflow on client_fd 158
Outbound buffer overflow on client_fd 157
Outbound buffer overflow on client_fd 852
Outbound buffer overflow on client_fd 203
Outbound buffer overflow on client_fd 117
Outbound buffer overflow on client_fd 62
Outbound buffer overflow on client_fd 110
Outbound buffer overflow on client_fd 135
Outbound buffer overflow on client_fd 109
Outbound buffer overflow on client_fd 685
Outbound buffer overflow on client_fd 684
Outbound buffer overflow on client_fd 682
Outbound buffer overflow on client_fd 883
Outbound buffer overflow on client_fd 887
Outbound buffer overflow on client_fd 821
Outbound buffer overflow on client_fd 825
Outbound buffer overflow on client_fd 830
Outbound buffer overflow on client_fd 832
Outbound buffer overflow on client_fd 833
Outbound buffer overflow on client_fd 838
Outbound buffer overflow on client_fd 1142
Outbound buffer overflow on client_fd 1141
Outbound buffer overflow on client_fd 1140
Outbound buffer overflow on client_fd 1309
Outbound buffer overflow on client_fd 1300
Outbound buffer overflow on client_fd 896
Outbound buffer overflow on client_fd 891
Outbound buffer overflow on client_fd 918
Outbound buffer overflow on client_fd 900
Outbound buffer overflow on client_fd 899
Outbound buffer overflow on client_fd 683
Outbound buffer overflow on client_fd 317
Outbound buffer overflow on client_fd 881
Outbound buffer overflow on client_fd 882
Outbound buffer overflow on client_fd 884
Outbound buffer overflow on client_fd 886
Outbound buffer overflow on client_fd 890
Outbound buffer overflow on client_fd 314
Outbound buffer overflow on client_fd 313
Outbound buffer overflow on client_fd 27
Outbound buffer overflow on client_fd 23
Outbound buffer overflow on client_fd 20
Outbound buffer overflow on client_fd 132
Outbound buffer overflow on client_fd 111
Outbound buffer overflow on client_fd 71
Outbound buffer overflow on client_fd 58
Outbound buffer overflow on client_fd 87
Outbound buffer overflow on client_fd 48
active=2993)
New client connected with client_fd = 1841 (active=2994)
New client connected with client_fd = 1843 (active=2995)
New client connected with client_fd = 1849 (active=2996)
New client connected with client_fd = 1850 (active=2997)
New client connected with client_fd = 1851 (active=2998)
New client connected with client_fd = 11 (active=2996)
New client connected with client_fd = 1852 (active=2997)
New client connected with client_fd = 1853 (active=2998)
New client connected with client_fd = 175 (active=2989)
New client connected with client_fd = 233 (active=2990)
New client connected with client_fd = 245 (active=2991)
New client connected with client_fd = 251 (active=2992)
New client connected with client_fd = 303 (active=2993)
New client connected with client_fd = 315 (active=2994)
New client connected with client_fd = 316 (active=2995)
New client connected with client_fd = 327 (active=2991)
New client connected with client_fd = 328 (active=2992)
New client connected with client_fd = 330 (active=2993)
New client connected with client_fd = 354 (active=2994)
New client connected with client_fd = 1844 (active=2995)
New client connected with client_fd = 1845 (active=2995)
New client connected with client_fd = 1846 (active=2996)
New client connected with client_fd = 1847 (active=2997)
New client connected with client_fd = 1848 (active=2998)
New client connected with client_fd = 197 (active=2995)
New client connected with client_fd = 202 (active=2996)
New client connected with client_fd = 331 (active=2997)
New client connected with client_fd = 332 (active=2998)
New client connected with client_fd = 14 (active=2995)
New client connected with client_fd = 156 (active=2996)
New client connected with client_fd = 193 (active=2997)
New client connected with client_fd = 196 (active=2998)
New client connected with client_fd = 74 (active=2998)
New client connected with client_fd = 73 (active=2996)
New client connected with client_fd = 157 (active=2997)
New client connected with client_fd = 158 (active=2998)
New client connected with client_fd = 203 (active=2997)
New client connected with client_fd = 852 (active=2998)
New client connected with client_fd = 62 (active=2997)
New client connected with client_fd = 117 (active=2998)
New client connected with client_fd = 109 (active=2996)
New client connected with client_fd = 110 (active=2997)
New client connected with client_fd = 135 (active=2998)
New client connected with client_fd = 682 (active=2994)
New client connected with client_fd = 684 (active=2995)
New client connected with client_fd = 685 (active=2996)
New client connected with client_fd = 883 (active=2997)
New client connected with client_fd = 821 (active=2992)
New client connected with client_fd = 825 (active=2993)
New client connected with client_fd = 830 (active=2994)
New client connected with client_fd = 832 (active=2995)
New client connected with client_fd = 833 (active=2996)
New client connected with client_fd = 838 (active=2997)
New client connected with client_fd = 887 (active=2998)
New client connected with client_fd = 1854 (active=2999)
New client connected with client_fd = 1855 (active=3000)
New client connected with client_fd = 1140 (active=2998)
New client connected with client_fd = 1141 (active=2999)
New client connected with client_fd = 1142 (active=3000)
New client connected with client_fd = 1309 (active=3000)
New client connected with client_fd = 1300 (active=3000)
New client connected with client_fd = 891 (active=2999)
New client connected with client_fd = 896 (active=3000)
New client connected with client_fd = 918 (active=3000)
New client connected with client_fd = 899 (active=2999)
New client connected with client_fd = 900 (active=3000)
New client connected with client_fd = 317 (active=2999)
New client connected with client_fd = 683 (active=3000)
New client connected with client_fd = 881 (active=2996)
New client connected with client_fd = 882 (active=2997)
New client connected with client_fd = 884 (active=2998)
New client connected with client_fd = 886 (active=2999)
New client connected with client_fd =Outbound buffer overflow on client_fd 2631
Outbound buffer overflow on client_fd 2632
Outbound buffer overflow on client_fd 2633
Outbound buffer overflow on client_fd 2634
Outbound buffer overflow on client_fd 663
Outbound buffer overflow on client_fd 912
Outbound buffer overflow on client_fd 904
Outbound buffer overflow on client_fd 893
Outbound buffer overflow on client_fd 454
Outbound buffer overflow on client_fd 712
Outbound buffer overflow on client_fd 711
Outbound buffer overflow on client_fd 919
Outbound buffer overflow on client_fd 716
Outbound buffer overflow on client_fd 715
Outbound buffer overflow on client_fd 714
Outbound buffer overflow on client_fd 1148
Outbound buffer overflow on client_fd 1147
Outbound buffer overflow on client_fd 1146
Outbound buffer overflow on client_fd 927
Outbound buffer overflow on client_fd 922
Outbound buffer overflow on client_fd 718
Outbound buffer overflow on client_fd 1145
Outbound buffer overflow on client_fd 1150
Outbound buffer overflow on client_fd 1149
Outbound buffer overflow on client_fd 183
Outbound buffer overflow on client_fd 182
Outbound buffer overflow on client_fd 189
Outbound buffer overflow on client_fd 153
Outbound buffer overflow on client_fd 188
Outbound buffer overflow on client_fd 192
Outbound buffer overflow on client_fd 191
Outbound buffer overflow on client_fd 190
Outbound buffer overflow on client_fd 152
Outbound buffer overflow on client_fd 187
Outbound buffer overflow on client_fd 186
Outbound buffer overflow on client_fd 181
Outbound buffer overflow on client_fd 180
Outbound buffer overflow on client_fd 179
Outbound buffer overflow on client_fd 155
Outbound buffer overflow on client_fd 154
Outbound buffer overflow on client_fd 151
Outbound buffer overflow on client_fd 150
Outbound buffer overflow on client_fd 149
Outbound buffer overflow on client_fd 148
Outbound buffer overflow on client_fd 923
Outbound buffer overflow on client_fd 72
Outbound buffer overflow on client_fd 41
Outbound buffer overflow on client_fd 137
Outbound buffer overflow on client_fd 134
Outbound buffer overflow on client_fd 121
Outbound buffer overflow on client_fd 353
Outbound buffer overflow on client_fd 352
Outbound buffer overflow on client_fd 40
Outbound buffer overflow on client_fd 492
Outbound buffer overflow on client_fd 195
Outbound buffer overflow on client_fd 892
Outbound buffer overflow on client_fd 491
Outbound buffer overflow on client_fd 490
Outbound buffer overflow on client_fd 921
Outbound buffer overflow on client_fd 924
Outbound buffer overflow on client_fd 920
Outbound buffer overflow on client_fd 915
Outbound buffer overflow on client_fd 910
Outbound buffer overflow on client_fd 909
Outbound buffer overflow on client_fd 903
Outbound buffer overflow on client_fd 902
Outbound buffer overflow on client_fd 895
 20 (active=2989)
New client connected with client_fd = 23 (active=2990)
New client connected with client_fd = 27 (active=2991)
New client connected with client_fd = 48 (active=2988)
New client connected with client_fd = 58 (active=2989)
New client connected with client_fd = 71 (active=2990)
New client connected with client_fd = 87 (active=2991)
New client connected with client_fd = 111 (active=2987)
New client connected with client_fd = 132 (active=2988)
New client connected with client_fd = 313 (active=2989)
New client connected with client_fd = 314 (active=2990)
New client connected with client_fd = 454 (active=2991)
New client connected with client_fd = 663 (active=2992)
New client connected with client_fd = 890 (active=2993)
New client connected with client_fd = 711 (active=2992)
New client connected with client_fd = 712 (active=2993)
New client connected with client_fd = 893 (active=2994)
New client connected with client_fd = 904 (active=2995)
New client connected with client_fd = 912 (active=2996)
New client connected with client_fd = 2631 (active=2997)
New client connected with client_fd = 919 (active=2997)
New client connected with client_fd = 2632 (active=2998)
New client connected with client_fd = 2633 (active=2999)
New client connected with client_fd = 714 (active=2994)
New client connected with client_fd = 715 (active=2994)
New client connected with client_fd = 716 (active=2995)
New client connected with client_fd = 927 (active=2996)
New client connected with client_fd = 1146 (active=2997)
New client connected with client_fd = 718 (active=2996)
New client connected with client_fd = 922 (active=2997)
New client connected with client_fd = 1147 (active=2998)
New client connected with client_fd = 1148 (active=2999)
New client connected with client_fd = 2634 (active=3000)
New client connected with client_fd = 1145 (active=3000)
New client connected with client_fd = 1149 (active=2999)
New client connected with client_fd = 1150 (active=3000)
New client connected with client_fd = 182 (active=2999)
New client connected with client_fd = 183 (active=3000)
New client connected with client_fd = 152 (active=2994)
New client connected with client_fd = 153 (active=2995)
New client connected with client_fd = 188 (active=2996)
New client connected with client_fd = 189 (active=2997)
New client connected with client_fd = 190 (active=2998)
New client connected with client_fd = 191 (active=2999)
New client connected with client_fd = 192 (active=3000)
New client connected with client_fd = 148 (active=2990)
New client connected with client_fd = 149 (active=2991)
New client connected with client_fd = 150 (active=2992)
New client connected with client_fd = 151 (active=2993)
New client connected with client_fd = 154 (active=2994)
New client connected with client_fd = 155 (active=2995)
New client connected with client_fd = 179 (active=2996)
New client connected with client_fd = 180 (active=2997)
New client connected with client_fd = 181 (active=2997)
New client connected with client_fd = 186 (active=2998)
New client connected with client_fd = 187 (active=2999)
New client connected with client_fd = 923 (active=3000)
New client connected with client_fd = 40 (active=2988)
New client connected with client_fd = 41 (active=2989)
New client connected with client_fd = 72 (active=2990)
New client connected with client_fd = 121 (active=2991)
New client connected with client_fd = 134 (active=2991)
New client connected with client_fd = 137 (active=2992)
New client connected with client_fd = 195 (active=2993)
New client connected with client_fd = 352 (active=2994)
New client connected with client_fd = 353 (active=2994)
New client connected with client_fd = 490 (active=2995)
New client connected with client_fd = 491 (active=2996)
New client connected with client_fd = 492 (active=2997)
New client connected with client_fd = 892 (active=2998)
New client connected with client_fd = 921 (active=2999)
New client connected with client_fd = 924 (active=3000)
New client connected with client_fd = 895 (active=2994)
New client connected with client_fd = 902 (acOutbound buffer overflow on client_fd 88
Outbound buffer overflow on client_fd 89
Outbound buffer overflow on client_fd 107
Outbound buffer overflow on client_fd 234
Outbound buffer overflow on client_fd 235
Outbound buffer overflow on client_fd 239
Outbound buffer overflow on client_fd 205
Outbound buffer overflow on client_fd 204
Outbound buffer overflow on client_fd 116
Outbound buffer overflow on client_fd 76
Outbound buffer overflow on client_fd 812
Outbound buffer overflow on client_fd 1277
Outbound buffer overflow on client_fd 326
Outbound buffer overflow on client_fd 219
Outbound buffer overflow on client_fd 94
Outbound buffer overflow on client_fd 93
Outbound buffer overflow on client_fd 92
Outbound buffer overflow on client_fd 926
Outbound buffer overflow on client_fd 925
Outbound buffer overflow on client_fd 816
Outbound buffer overflow on client_fd 815
Outbound buffer overflow on client_fd 811
Outbound buffer overflow on client_fd 1285
Outbound buffer overflow on client_fd 1278
Outbound buffer overflow on client_fd 1284
Outbound buffer overflow on client_fd 1283
Outbound buffer overflow on client_fd 1291
Outbound buffer overflow on client_fd 1290
Outbound buffer overflow on client_fd 889
Outbound buffer overflow on client_fd 120
Outbound buffer overflow on client_fd 19
Outbound buffer overflow on client_fd 845
Outbound buffer overflow on client_fd 846
Outbound buffer overflow on client_fd 847
Outbound buffer overflow on client_fd 848
Outbound buffer overflow on client_fd 849
Outbound buffer overflow on client_fd 1292
Outbound buffer overflow on client_fd 1293
Outbound buffer overflow on client_fd 1298
Outbound buffer overflow on client_fd 1299
Outbound buffer overflow on client_fd 1294
Outbound buffer overflow on client_fd 668
Outbound buffer overflow on client_fd 667
Outbound buffer overflow on client_fd 1295
Outbound buffer overflow on client_fd 1281
Outbound buffer overflow on client_fd 1280
Outbound buffer overflow on client_fd 1296
Outbound buffer overflow on client_fd 1287
Outbound buffer overflow on client_fd 1279
Outbound buffer overflow on client_fd 1829
Outbound buffer overflow on client_fd 1828
Outbound buffer overflow on client_fd 1288
Outbound buffer overflow on client_fd 1286
Outbound buffer overflow on client_fd 856
Outbound buffer overflow on client_fd 1827
Outbound buffer overflow on client_fd 1310
Outbound buffer overflow on client_fd 1826
Outbound buffer overflow on client_fd 1825
Outbound buffer overflow on client_fd 1823
Outbound buffer overflow on client_fd 1822
Outbound buffer overflow on client_fd 1821
Outbound buffer overflow on client_fd 1833
Outbound buffer overflow on client_fd 1824
Outbound buffer overflow on client_fd 1832
Outbound buffer overflow on client_fd 1297
Outbound buffer overflow on client_fd 1831
Outbound buffer overflow on client_fd 1830
Outbound buffer overflow on client_fd 1835
tive=2995)
New client connected with client_fd = 903 (active=2996)
New client connected with client_fd = 909 (active=2997)
New client connected with client_fd = 88 (active=2992)
New client connected with client_fd = 89 (active=2993)
New client connected with client_fd = 107 (active=2994)
New client connected with client_fd = 234 (active=2995)
New client connected with client_fd = 235 (active=2996)
New client connected with client_fd = 239 (active=2997)
New client connected with client_fd = 910 (active=2998)
New client connected with client_fd = 915 (active=2999)
New client connected with client_fd = 920 (active=3000)
New client connected with client_fd = 76 (active=2985)
New client connected with client_fd = 92 (active=2986)
New client connected with client_fd = 93 (active=2987)
New client connected with client_fd = 94 (active=2988)
New client connected with client_fd = 116 (active=2989)
New client connected with client_fd = 204 (active=2990)
New client connected with client_fd = 205 (active=2991)
New client connected with client_fd = 219 (active=2991)
New client connected with client_fd = 326 (active=2992)
New client connected with client_fd = 811 (active=2993)
New client connected with client_fd = 812 (active=2991)
New client connected with client_fd = 815 (active=2992)
New client connected with client_fd = 816 (active=2993)
New client connected with client_fd = 925 (active=2994)
New client connected with client_fd = 926 (active=2995)
New client connected with client_fd = 1277 (active=2996)
New client connected with client_fd = 1278 (active=2997)
New client connected with client_fd = 1283 (active=2998)
New client connected with client_fd = 1284 (active=2997)
New client connected with client_fd = 1285 (active=2998)
New client connected with client_fd = 1290 (active=2999)
New client connected with client_fd = 1291 (active=3000)
New client connected with client_fd = 889 (active=3000)
New client connected with client_fd = 19 (active=2990)
New client connected with client_fd = 120 (active=2991)
New client connected with client_fd = 845 (active=2991)
New client connected with client_fd = 846 (active=2992)
New client connected with client_fd = 847 (active=2993)
New client connected with client_fd = 848 (active=2994)
New client connected with client_fd = 667 (active=2990)
New client connected with client_fd = 668 (active=2991)
New client connected with client_fd = 849 (active=2992)
New client connected with client_fd = 1280 (active=2993)
New client connected with client_fd = 1281 (active=2994)
New client connected with client_fd = 1292 (active=2995)
New client connected with client_fd = 1293 (active=2996)
New client connected with client_fd = 1294 (active=2997)
New client connected with client_fd = 1295 (active=2998)
New client connected with client_fd = 1298 (active=2999)
New client connected with client_fd = 1299 (active=3000)
New client connected with client_fd = 1279 (active=2995)
New client connected with client_fd = 1287 (active=2996)
New client connected with client_fd = 1288 (active=2997)
New client connected with client_fd = 1296 (active=2998)
New client connected with client_fd = 856 (active=2995)
New client connected with client_fd = 1286 (active=2996)
New client connected with client_fd = 1310 (active=2997)
New client connected with client_fd = 1827 (active=2998)
New client connected with client_fd = 1828 (active=2999)
New client connected with client_fd = 1829 (active=3000)
New client connected with client_fd = 1821 (active=2995)
New client connected with client_fd = 1822 (active=2996)
New client connected with client_fd = 1823 (active=2997)
New client connected with client_fd = 1297 (active=2995)
New client connected with client_fd = 1824 (active=2996)
New client connected with client_fd = 1825 (active=2997)
New client connected with client_fd = 1826 (active=2998)
New client connected with client_fd = 1830 (active=2996)
New client connected with client_fd = 1831 (active=2997)
New client connected with client_fd = 1832 (active=2998)
New client connected with client_fd = 1833 (active=2999)
New client connected withOutbound buffer overflow on client_fd 1843
Outbound buffer overflow on client_fd 1841
Outbound buffer overflow on client_fd 1840
Outbound buffer overflow on client_fd 1839
Outbound buffer overflow on client_fd 1838
Outbound buffer overflow on client_fd 1842
Outbound buffer overflow on client_fd 1836
Outbound buffer overflow on client_fd 1849
Outbound buffer overflow on client_fd 1851
Outbound buffer overflow on client_fd 1850
Outbound buffer overflow on client_fd 1852
Outbound buffer overflow on client_fd 11
Outbound buffer overflow on client_fd 1844
Outbound buffer overflow on client_fd 1848
Outbound buffer overflow on client_fd 1847
Outbound buffer overflow on client_fd 1837
Outbound buffer overflow on client_fd 1834
Outbound buffer overflow on client_fd 1846
Outbound buffer overflow on client_fd 1845
Outbound buffer overflow on client_fd 316
Outbound buffer overflow on client_fd 315
Outbound buffer overflow on client_fd 303
Outbound buffer overflow on client_fd 354
Outbound buffer overflow on client_fd 330
Outbound buffer overflow on client_fd 328
Outbound buffer overflow on client_fd 327
Outbound buffer overflow on client_fd 233
Outbound buffer overflow on client_fd 175
Outbound buffer overflow on client_fd 651
Outbound buffer overflow on client_fd 251
Outbound buffer overflow on client_fd 245
Outbound buffer overflow on client_fd 332
Outbound buffer overflow on client_fd 331
Outbound buffer overflow on client_fd 202
Outbound buffer overflow on client_fd 197
Outbound buffer overflow on client_fd 74
Outbound buffer overflow on client_fd 158
Outbound buffer overflow on client_fd 157
Outbound buffer overflow on client_fd 73
Outbound buffer overflow on client_fd 196
Outbound buffer overflow on client_fd 852
Outbound buffer overflow on client_fd 203
Outbound buffer overflow on client_fd 193
Outbound buffer overflow on client_fd 156
Outbound buffer overflow on client_fd 117
Outbound buffer overflow on client_fd 62
Outbound buffer overflow on client_fd 135
Outbound buffer overflow on client_fd 110
Outbound buffer overflow on client_fd 109
Outbound buffer overflow on client_fd 883
Outbound buffer overflow on client_fd 685
Outbound buffer overflow on client_fd 684
Outbound buffer overflow on client_fd 682
Outbound buffer overflow on client_fd 832
Outbound buffer overflow on client_fd 830
Outbound buffer overflow on client_fd 825
Outbound buffer overflow on client_fd 821
Outbound buffer overflow on client_fd 710
Outbound buffer overflow on client_fd 739
Outbound buffer overflow on client_fd 740
Outbound buffer overflow on client_fd 741
Outbound buffer overflow on client_fd 742
Outbound buffer overflow on client_fd 743
Outbound buffer overflow on client_fd 745
Outbound buffer overflow on client_fd 747
Outbound buffer overflow on client_fd 748
Outbound buffer overflow on client_fd 218
Outbound buffer overflow on client_fd 217
Outbound buffer overflow on client_fd 216
Outbound buffer overflow on client_fd 215
Outbound buffer overflow on client_fd 136
Outbound buffer overflow on client_fd 592
Outbound buffer overflow on client_fd 591
Outbound buffer overflow on client_fd 590
Outbound buffer overflow on client_fd 588
Outbound buffer overflow on client_fd 59
Outbound buffer overflow on client_fd 254
Outbound buffer overflow on client_fd 1855
Outbound buffer overflow on client_fd 1854
Outbound buffer overflow on client_fd 887
Outbound buffer overflow on client_fd 838
Outbound buffer overflow on client_fd 833
Outbound buffer overflow on client_fd 1141
Outbound buffer overflow on client_fd 1142
Outbound buffer overflow on client_fd 1140
 client_fd = 1835 (active=3000)
New client connected with client_fd = 1836 (active=2994)
New client connected with client_fd = 1838 (active=2995)
New client connected with client_fd = 1839 (active=2996)
New client connected with client_fd = 1840 (active=2997)
New client connected with client_fd = 1841 (active=2997)
New client connected with client_fd = 1842 (active=2998)
New client connected with client_fd = 1843 (active=2999)
New client connected with client_fd = 1849 (active=3000)
New client connected with client_fd = 11 (active=2997)
New client connected with client_fd = 1850 (active=2998)
New client connected with client_fd = 1851 (active=2999)
New client connected with client_fd = 1852 (active=3000)
New client connected with client_fd = 1834 (active=2996)
New client connected with client_fd = 1837 (active=2997)
New client connected with client_fd = 1844 (active=2998)
New client connected with client_fd = 1847 (active=2999)
New client connected with client_fd = 1845 (active=2998)
New client connected with client_fd = 1846 (active=2999)
New client connected with client_fd = 1848 (active=3000)
New client connected with client_fd = 303 (active=2995)
New client connected with client_fd = 315 (active=2996)
New client connected with client_fd = 316 (active=2997)
New client connected with client_fd = 328 (active=2998)
New client connected with client_fd = 175 (active=2993)
New client connected with client_fd = 233 (active=2994)
New client connected with client_fd = 245 (active=2995)
New client connected with client_fd = 251 (active=2996)
New client connected with client_fd = 327 (active=2997)
New client connected with client_fd = 330 (active=2998)
New client connected with client_fd = 354 (active=2999)
New client connected with client_fd = 651 (active=3000)
New client connected with client_fd = 331 (active=2999)
New client connected with client_fd = 332 (active=3000)
New client connected with client_fd = 197 (active=2999)
New client connected with client_fd = 202 (active=3000)
New client connected with client_fd = 74 (active=2998)
New client connected with client_fd = 157 (active=2999)
New client connected with client_fd = 158 (active=3000)
New client connected with client_fd = 73 (active=2999)
New client connected with client_fd = 196 (active=3000)
New client connected with client_fd = 156 (active=2997)
New client connected with client_fd = 193 (active=2998)
New client connected with client_fd = 203 (active=2999)
New client connected with client_fd = 852 (active=3000)
New client connected with client_fd = 62 (active=2999)
New client connected with client_fd = 117 (active=3000)
New client connected with client_fd = 109 (active=2998)
New client connected with client_fd = 110 (active=2999)
New client connected with client_fd = 135 (active=3000)
New client connected with client_fd = 682 (active=2992)
New client connected with client_fd = 684 (active=2993)
New client connected with client_fd = 685 (active=2994)
New client connected with client_fd = 710 (active=2995)
New client connected with client_fd = 821 (active=2996)
New client connected with client_fd = 825 (active=2997)
New client connected with client_fd = 739 (active=2990)
New client connected with client_fd = 740 (active=2991)
New client connected with client_fd = 741 (active=2992)
New client connected with client_fd = 742 (active=2993)
New client connected with client_fd = 743 (active=2994)
New client connected with client_fd = 59 (active=2984)
New client connected with client_fd = 136 (active=2985)
New client connected with client_fd = 215 (active=2981)
New client connected with client_fd = 216 (active=2982)
New client connected with client_fd = 217 (active=2983)
New client connected with client_fd = 218 (active=2984)
New client connected with client_fd = 254 (active=2983)
New client connected with client_fd = 588 (active=2984)
New client connected with client_fd = 590 (active=2985)
New client connected with client_fd = 591 (active=2986)
New client connected with client_fd = 592 (active=2987)
New client connected with client_fd = 745 (active=2987)
New client connecteOutbound buffer overflow on client_fd 1309
Outbound buffer overflow on client_fd 823
Outbound buffer overflow on client_fd 824
Outbound buffer overflow on client_fd 826
Outbound buffer overflow on client_fd 827
Outbound buffer overflow on client_fd 828
Outbound buffer overflow on client_fd 829
Outbound buffer overflow on client_fd 841
Outbound buffer overflow on client_fd 1306
Outbound buffer overflow on client_fd 1307
Outbound buffer overflow on client_fd 1311
Outbound buffer overflow on client_fd 1312
Outbound buffer overflow on client_fd 665
Outbound buffer overflow on client_fd 664
Outbound buffer overflow on client_fd 831
Outbound buffer overflow on client_fd 834
Outbound buffer overflow on client_fd 835
Outbound buffer overflow on client_fd 836
Outbound buffer overflow on client_fd 837
Outbound buffer overflow on client_fd 840
Outbound buffer overflow on client_fd 1274
Outbound buffer overflow on client_fd 1275
Outbound buffer overflow on client_fd 1276
Outbound buffer overflow on client_fd 662
Outbound buffer overflow on client_fd 818
Outbound buffer overflow on client_fd 661
Outbound buffer overflow on client_fd 660
Outbound buffer overflow on client_fd 652
Outbound buffer overflow on client_fd 650
Outbound buffer overflow on client_fd 350
Outbound buffer overflow on client_fd 351
Outbound buffer overflow on client_fd 403
Outbound buffer overflow on client_fd 819
Outbound buffer overflow on client_fd 822
Outbound buffer overflow on client_fd 913
Outbound buffer overflow on client_fd 310
Outbound buffer overflow on client_fd 744
Outbound buffer overflow on client_fd 247
Outbound buffer overflow on client_fd 246
Outbound buffer overflow on client_fd 232
Outbound buffer overflow on client_fd 589
Outbound buffer overflow on client_fd 253
Outbound buffer overflow on client_fd 252
Outbound buffer overflow on client_fd 248
Outbound buffer overflow on client_fd 249
Outbound buffer overflow on client_fd 250
Outbound buffer overflow on client_fd 349
Outbound buffer overflow on client_fd 696
Outbound buffer overflow on client_fd 697
Outbound buffer overflow on client_fd 698
Outbound buffer overflow on client_fd 708
Outbound buffer overflow on client_fd 713
Outbound buffer overflow on client_fd 729
Outbound buffer overflow on client_fd 730
Outbound buffer overflow on client_fd 731
Outbound buffer overflow on client_fd 732
Outbound buffer overflow on client_fd 733
Outbound buffer overflow on client_fd 734
Outbound buffer overflow on client_fd 735
Outbound buffer overflow on client_fd 736
Outbound buffer overflow on client_fd 737
Outbound buffer overflow on client_fd 738
Outbound buffer overflow on client_fd 746
Outbound buffer overflow on client_fd 1765
Outbound buffer overflow on client_fd 1766
Outbound buffer overflow on client_fd 1767
Outbound buffer overflow on client_fd 1768
Outbound buffer overflow on client_fd 1769
Outbound buffer overflow on client_fd 1770
Outbound buffer overflow on client_fd 1771
Outbound buffer overflow on client_fd 1772
Outbound buffer overflow on client_fd 1773
Outbound buffer overflow on client_fd 1774
Outbound buffer overflow on client_fd 1775
Outbound buffer overflow on client_fd 1776
Outbound buffer overflow on client_fd 1777
Outbound buffer overflow on client_fd 1778
Outbound buffer overflow on client_fd 1779
Outbound buffer overflow on client_fd 1780
Outbound buffer overflow on client_fd 1781
Outbound buffer overflow on client_fd 1782
Outbound buffer overflow on client_fd 1783
Outbound buffer overflow on client_fd 1784
Outbound buffer overflow on client_fd 1785
Outbound buffer overflow on client_fd 1786
Outbound buffer overflow on client_fd 1787
Outbound buffer overflow on client_fd 1788
Outbound buffer overflow on client_fd 1789
Outbound buffer overflow on client_fd 1790
Outbound buffer overflow on client_fd 1800
Outbound buffer overflow on client_fd 1801
Outbound buffer overflow on client_fd 1802
Outbound buffer overflow on client_fd 1804
Outbound buffer overflow on client_fd 1805
Outbound buffer overflow on client_fd 1806
Outbound buffer overflow on client_fd 1807
Outbound buffer overflow on client_fd 1808
Outbound buffer overflow on client_fd 1809
Outbound buffer overflow on client_fd 1810
Outbound buffer overflow on client_fd 1811
Outbound buffer overflow on client_fd 1812
Outbound buffer overflow on client_fd 1813
Outbound buffer overflow on client_fd 1814
Outbound buffer overflow on client_fd 1815
Outbound buffer overflow on client_fd 1816
Outbound buffer overflow on client_fd 1817
Outbound buffer overflow on client_fd 1818
Outbound buffer overflow on client_fd 1819
Outbound buffer overflow on client_fd 1820
Outbound buffer overflow on client_fd 900
Outbound buffer overflow on client_fd 899
Outbound buffer overflow on client_fd 158
Outbound buffer overflow on client_fd 882
Outbound buffer overflow on client_fd 881
Outbound buffer overflow on client_fd 896
Outbound buffer overflow on client_fd 87
Outbound buffer overflow on client_fd 157
Outbound buffer overflow on client_fd 71
Outbound buffer overflow on client_fd 58
Outbound buffer overflow on client_fd 330
Outbound buffer overflow on client_fd 196
Outbound buffer overflow on client_fd 73
Outbound buffer overflow on client_fd 74
Outbound buffer overflow on client_fd 354
Outbound buffer overflow on client_fd 332
Outbound buffer overflow on client_fd 317
Outbound buffer overflow on client_fd 918
Outbound buffer overflow on client_fd 891
Outbound buffer overflow on client_fd 906
Outbound buffer overflow on client_fd 1300
Outbound buffer overflow on client_fd 331
Outbound buffer overflow on client_fd 27
Outbound buffer overflow on client_fd 23
Outbound buffer overflow on client_fd 20
Outbound buffer overflow on client_fd 185
Outbound buffer overflow on client_fd 193
Outbound buffer overflow on client_fd 852
Outbound buffer overflow on client_fd 203
Outbound buffer overflow on client_fd 184
Outbound buffer overflow on client_fd 202
Outbound buffer overflow on client_fd 48
Outbound buffer overflow on client_fd 197
Outbound buffer overflow on client_fd 327
Outbound buffer overflow on client_fd 683
Outbound buffer overflow on client_fd 156
Outbound buffer overflow on client_fd 912
Outbound buffer overflow on client_fd 904
Outbound buffer overflow on client_fd 893
Outbound buffer overflow on client_fd 712
Outbound buffer overflow on client_fd 711
Outbound buffer overflow on client_fd 132
d with client_fd = 747 (active=2988)
New client connected with client_fd = 748 (active=2989)
New client connected with client_fd = 830 (active=2990)
New client connected with client_fd = 832 (active=2991)
New client connected with client_fd = 833 (active=2992)
New client connected with client_fd = 838 (active=2993)
New client connected with client_fd = 883 (active=2994)
New client connected with client_fd = 887 (active=2995)
New client connected with client_fd = 1140 (active=2996)
New client connected with client_fd = 1141 (active=2997)
New client connected with client_fd = 1142 (active=2998)
New client connected with client_fd = 1854 (active=2999)
New client connected with client_fd = 1855 (active=3000)
New client connected with client_fd = 1309 (active=3000)
New client connected with client_fd = 823 (active=2990)
New client connected with client_fd = 824 (active=2991)
New client connected with client_fd = 826 (active=2992)
New client connected with client_fd = 827 (active=2993)
New client connected with client_fd = 828 (active=2994)
New client connected with client_fd = 829 (active=2995)
New client connected with client_fd = 841 (active=2996)
New client connected with client_fd = 1306 (active=2997)
New client connected with client_fd = 1307 (active=2998)
New client connected with client_fd = 1311 (active=2999)
New client connected with client_fd = 1312 (active=3000)
New client connected with client_fd = 664 (active=2990)
New client connected with client_fd = 665 (active=2991)
New client connected with client_fd = 831 (active=2992)
New client connected with client_fd = 834 (active=2993)
New client connected with client_fd = 835 (active=2994)
New client connected with client_fd = 836 (active=2995)
New client connected with client_fd = 837 (active=2996)
New client connected with client_fd = 840 (active=2997)
New client connected with client_fd = 1274 (active=2998)
New client connected with client_fd = 1275 (active=2999)
New client connected with client_fd = 1276 (active=3000)
New client connected with client_fd = 662 (active=2999)
New client connected with client_fd = 818 (active=3000)
New client connected with client_fd = 350 (active=2991)
New client connected with client_fd = 351 (active=2992)
New client connected with client_fd = 403 (active=2993)
New client connected with client_fd = 650 (active=2994)
New client connected with client_fd = 652 (active=2995)
New client connected with client_fd = 660 (active=2996)
New client connected with client_fd = 661 (active=2997)
New client connected with client_fd = 819 (active=2998)
New client connected with client_fd = 822 (active=2999)
New client connected with client_fd = 913 (active=3000)
New client connected with client_fd = 310 (active=2999)
New client connected with client_fd = 744 (active=3000)
New client connected with client_fd = 232 (active=2929)
New client connected with client_fd = 246 (active=2930)
New client connected with client_fd = 247 (active=2931)
New client connected with client_fd = 248 (active=2932)
New client connected with client_fd = 249 (active=2933)
New client connected with client_fd = 250 (active=2934)
New client connected with client_fd = 252 (active=2935)
New client connected with client_fd = 20 (active=2911)
New client connected with client_fd = 23 (active=2912)
New client connected with client_fd = 27 (active=2913)
New client connected with client_fd = 58 (active=2914)
New client connected with client_fd = 48 (active=2904)
New client connected with client_fd = 71 (active=2905)
New client connected with client_fd = 73 (active=2906)
New client connected with client_fd = 74 (active=2907)
New client connected with client_fd = 87 (active=2902)
New client connected with client_fd = 132 (active=2903)
New client connected with client_fd = 156 (active=2904)
New client connected with client_fd = 157 (active=2905)
New client connected with client_fd = 158 (active=2906)
New client connected with client_fd = 184 (active=2907)
New client connected with client_fd = 185 (active=2908)
New client connected with client_fd = 193 (active=2909)
New client connected wiOutbound buffer overflow on client_fd 2631
Outbound buffer overflow on client_fd 2633
Outbound buffer overflow on client_fd 2632
Outbound buffer overflow on client_fd 919
Outbound buffer overflow on client_fd 890
Outbound buffer overflow on client_fd 663
Outbound buffer overflow on client_fd 454
Outbound buffer overflow on client_fd 313
Outbound buffer overflow on client_fd 314
Outbound buffer overflow on client_fd 111
Outbound buffer overflow on client_fd 714
Outbound buffer overflow on client_fd 1147
Outbound buffer overflow on client_fd 1145
Outbound buffer overflow on client_fd 2634
Outbound buffer overflow on client_fd 1146
Outbound buffer overflow on client_fd 1148
Outbound buffer overflow on client_fd 927
Outbound buffer overflow on client_fd 922
Outbound buffer overflow on client_fd 718
Outbound buffer overflow on client_fd 716
Outbound buffer overflow on client_fd 715
Outbound buffer overflow on client_fd 1150
Outbound buffer overflow on client_fd 1149
th client_fd = 196 (active=2910)
New client connected with client_fd = 197 (active=2911)
New client connected with client_fd = 202 (active=2912)
New client connected with client_fd = 111 (active=2903)
New client connected with client_fd = 203 (active=2904)
New client connected with client_fd = 253 (active=2905)
New client connected with client_fd = 313 (active=2906)
New client connected with client_fd = 314 (active=2903)
New client connected with client_fd = 317 (active=2904)
New client connected with client_fd = 327 (active=2905)
New client connected with client_fd = 330 (active=2906)
New client connected with client_fd = 331 (active=2907)
New client connected with client_fd = 332 (active=2908)
New client connected with client_fd = 349 (active=2909)
New client connected with client_fd = 354 (active=2910)
New client connected with client_fd = 454 (active=2911)
New client connected with client_fd = 589 (active=2905)
New client connected with client_fd = 663 (active=2906)
New client connected with client_fd = 683 (active=2907)
New client connected with client_fd = 696 (active=2908)
New client connected with client_fd = 697 (active=2909)
New client connected with client_fd = 698 (active=2910)
New client connected with client_fd = 708 (active=2911)
New client connected with client_fd = 711 (active=2912)
New client connected with client_fd = 712 (active=2913)
New client connected with client_fd = 713 (active=2912)
New client connected with client_fd = 714 (active=2913)
New client connected with client_fd = 715 (active=2914)
New client connected with client_fd = 716 (active=2915)
New client connected with client_fd = 718 (active=2916)
New client connected with client_fd = 729 (active=2917)
New client connected with client_fd = 730 (active=2918)
New client connected with client_fd = 731 (active=2919)
New client connected with client_fd = 732 (active=2920)
New client connected with client_fd = 733 (active=2921)
New client connected with client_fd = 734 (active=2922)
New client connected with client_fd = 735 (active=2923)
New client connected with client_fd = 736 (active=2924)
New client connected with client_fd = 737 (active=2925)
New client connected with client_fd = 738 (active=2926)
New client connected with client_fd = 746 (active=2927)
New client connected with client_fd = 852 (active=2928)
New client connected with client_fd = 881 (active=2929)
New client connected with client_fd = 882 (active=2930)
New client connected with client_fd = 890 (active=2931)
New client connected with client_fd = 891 (active=2932)
New client connected with client_fd = 893 (active=2933)
New client connected with client_fd = 896 (active=2934)
New client connected with client_fd = 899 (active=2935)
New client connected with client_fd = 900 (active=2936)
New client connected with client_fd = 904 (active=2937)
New client connected with client_fd = 906 (active=2938)
New client connected with client_fd = 912 (active=2939)
New client connected with client_fd = 918 (active=2940)
New client connected with client_fd = 919 (active=2941)
New client connected with client_fd = 922 (active=2942)
New client connected with client_fd = 927 (active=2943)
New client connected with client_fd = 1145 (active=2944)
New client connected with client_fd = 1146 (active=2945)
New client connected with client_fd = 1147 (active=2946)
New client connected with client_fd = 1148 (active=2947)
New client connected with client_fd = 1149 (active=2948)
New client connected with client_fd = 1150 (active=2949)
New client connected with client_fd = 1300 (active=2950)
New client connected with client_fd = 1765 (active=2951)
New client connected with client_fd = 1766 (active=2952)
New client connected with client_fd = 1767 (active=2953)
New client connected with client_fd = 1768 (active=2954)
New client connected with client_fd = 1769 (active=2955)
New client connected with client_fd = 1770 (active=2956)
New client connected with client_fd = 1771 (active=2957)
New client connected with client_fd = 1772 (active=2958)
New client connected with client_fd = 1773 (active=2959)
New client connOutbound buffer overflow on client_fd 164
Outbound buffer overflow on client_fd 1295
Outbound buffer overflow on client_fd 1294
Outbound buffer overflow on client_fd 1293
Outbound buffer overflow on client_fd 845
Outbound buffer overflow on client_fd 206
Outbound buffer overflow on client_fd 163
Outbound buffer overflow on client_fd 1299
Outbound buffer overflow on client_fd 1298
Outbound buffer overflow on client_fd 856
Outbound buffer overflow on client_fd 1286
Outbound buffer overflow on client_fd 1827
Outbound buffer overflow on client_fd 1828
Outbound buffer overflow on client_fd 49
Outbound buffer overflow on client_fd 1821
Outbound buffer overflow on client_fd 1297
Outbound buffer overflow on client_fd 42
Outbound buffer overflow on client_fd 91
Outbound buffer overflow on client_fd 1836
Outbound buffer overflow on client_fd 1839
Outbound buffer overflow on client_fd 1848
Outbound buffer overflow on client_fd 1846
Outbound buffer overflow on client_fd 1845
Outbound buffer overflow on client_fd 328
Outbound buffer overflow on client_fd 316
Outbound buffer overflow on client_fd 315
Outbound buffer overflow on client_fd 303
Outbound buffer overflow on client_fd 1847
Outbound buffer overflow on client_fd 1844
Outbound buffer overflow on client_fd 1837
Outbound buffer overflow on client_fd 1834
Outbound buffer overflow on client_fd 1851
Outbound buffer overflow on client_fd 1850
Outbound buffer overflow on client_fd 11
ected with client_fd = 1774 (active=2960)
New client connected with client_fd = 1775 (active=2961)
New client connected with client_fd = 1776 (active=2962)
New client connected with client_fd = 1777 (active=2963)
New client connected with client_fd = 1778 (active=2964)
New client connected with client_fd = 1779 (active=2965)
New client connected with client_fd = 1780 (active=2966)
New client connected with client_fd = 1781 (active=2967)
New client connected with client_fd = 1782 (active=2968)
New client connected with client_fd = 1783 (active=2969)
New client connected with client_fd = 1784 (active=2970)
New client connected with client_fd = 1785 (active=2971)
New client connected with client_fd = 1786 (active=2972)
New client connected with client_fd = 1787 (active=2973)
New client connected with client_fd = 1788 (active=2974)
New client connected with client_fd = 1789 (active=2975)
New client connected with client_fd = 1790 (active=2976)
New client connected with client_fd = 1800 (active=2977)
New client connected with client_fd = 1801 (active=2978)
New client connected with client_fd = 1802 (active=2979)
New client connected with client_fd = 1804 (active=2980)
New client connected with client_fd = 1805 (active=2981)
New client connected with client_fd = 1806 (active=2982)
New client connected with client_fd = 1807 (active=2983)
New client connected with client_fd = 1808 (active=2984)
New client connected with client_fd = 1809 (active=2985)
New client connected with client_fd = 1810 (active=2986)
New client connected with client_fd = 1811 (active=2987)
New client connected with client_fd = 1812 (active=2988)
New client connected with client_fd = 1813 (active=2989)
New client connected with client_fd = 1814 (active=2990)
New client connected with client_fd = 1815 (active=2991)
New client connected with client_fd = 1816 (active=2992)
New client connected with client_fd = 1817 (active=2993)
New client connected with client_fd = 1818 (active=2994)
New client connected with client_fd = 1819 (active=2995)
New client connected with client_fd = 1820 (active=2996)
New client connected with client_fd = 2631 (active=2997)
New client connected with client_fd = 2632 (active=2998)
New client connected with client_fd = 2633 (active=2999)
New client connected with client_fd = 2634 (active=3000)
New client connected with client_fd = 164 (active=2996)
New client connected with client_fd = 845 (active=2997)
New client connected with client_fd = 163 (active=2996)
New client connected with client_fd = 206 (active=2997)
New client connected with client_fd = 856 (active=2992)
New client connected with client_fd = 1286 (active=2993)
New client connected with client_fd = 1293 (active=2994)
New client connected with client_fd = 1294 (active=2995)
New client connected with client_fd = 1295 (active=2996)
New client connected with client_fd = 1298 (active=2997)
New client connected with client_fd = 1299 (active=2998)
New client connected with client_fd = 1827 (active=2999)
New client connected with client_fd = 1828 (active=3000)
New client connected with client_fd = 49 (active=2998)
New client connected with client_fd = 1297 (active=2999)
New client connected with client_fd = 1821 (active=3000)
New client connected with client_fd = 42 (active=3000)
New client connected with client_fd = 91 (active=3000)
New client connected with client_fd = 1836 (active=2999)
New client connected with client_fd = 1839 (active=3000)
New client connected with client_fd = 303 (active=2994)
New client connected with client_fd = 315 (active=2995)
New client connected with client_fd = 316 (active=2992)
New client connected with client_fd = 328 (active=2993)
New client connected with client_fd = 1834 (active=2994)
New client connected with client_fd = 1837 (active=2995)
New client connected with client_fd = 1844 (active=2996)
New client connected with client_fd = 1845 (active=2997)
New client connected with client_fd = 11 (active=2995)
New client connected with client_fd = 1846 (active=2996)
New client connected with client_fd = 1847 (active=2997)
New client connected witOutbound buffer overflow on client_fd 251
Outbound buffer overflow on client_fd 245
Outbound buffer overflow on client_fd 233
Outbound buffer overflow on client_fd 175
Outbound buffer overflow on client_fd 885
Outbound buffer overflow on client_fd 888
Outbound buffer overflow on client_fd 1854
Outbound buffer overflow on client_fd 1142
Outbound buffer overflow on client_fd 1309
Outbound buffer overflow on client_fd 1855
Outbound buffer overflow on client_fd 1307
Outbound buffer overflow on client_fd 1306
Outbound buffer overflow on client_fd 841
Outbound buffer overflow on client_fd 829
Outbound buffer overflow on client_fd 828
Outbound buffer overflow on client_fd 827
Outbound buffer overflow on client_fd 826
Outbound buffer overflow on client_fd 824
Outbound buffer overflow on client_fd 823
Outbound buffer overflow on client_fd 664
Outbound buffer overflow on client_fd 665
Outbound buffer overflow on client_fd 1274
Outbound buffer overflow on client_fd 351
Outbound buffer overflow on client_fd 350
Outbound buffer overflow on client_fd 660
Outbound buffer overflow on client_fd 652
Outbound buffer overflow on client_fd 650
Outbound buffer overflow on client_fd 403
Outbound buffer overflow on client_fd 480
Outbound buffer overflow on client_fd 178
Outbound buffer overflow on client_fd 493
Outbound buffer overflow on client_fd 494
Outbound buffer overflow on client_fd 74
Outbound buffer overflow on client_fd 73
Outbound buffer overflow on client_fd 71
Outbound buffer overflow on client_fd 481
Outbound buffer overflow on client_fd 4
Outbound buffer overflow on client_fd 203
Outbound buffer overflow on client_fd 111
Outbound buffer overflow on client_fd 184
Outbound buffer overflow on client_fd 158
Outbound buffer overflow on client_fd 157
Outbound buffer overflow on client_fd 156
Outbound buffer overflow on client_fd 132
Outbound buffer overflow on client_fd 332
Outbound buffer overflow on client_fd 116
Outbound buffer overflow on client_fd 94
Outbound buffer overflow on client_fd 1283
Outbound buffer overflow on client_fd 1278
Outbound buffer overflow on client_fd 694
Outbound buffer overflow on client_fd 695
Outbound buffer overflow on client_fd 699
Outbound buffer overflow on client_fd 700
Outbound buffer overflow on client_fd 701
Outbound buffer overflow on client_fd 702
Outbound buffer overflow on client_fd 703
Outbound buffer overflow on client_fd 704
Outbound buffer overflow on client_fd 705
Outbound buffer overflow on client_fd 706
Outbound buffer overflow on client_fd 707
Outbound buffer overflow on client_fd 709
Outbound buffer overflow on client_fd 925
Outbound buffer overflow on client_fd 811
Outbound buffer overflow on client_fd 816
Outbound buffer overflow on client_fd 815
Outbound buffer overflow on client_fd 812
Outbound buffer overflow on client_fd 204
Outbound buffer overflow on client_fd 219
Outbound buffer overflow on client_fd 326
Outbound buffer overflow on client_fd 1290
Outbound buffer overflow on client_fd 1285
Outbound buffer overflow on client_fd 1284
Outbound buffer overflow on client_fd 1277
Outbound buffer overflow on client_fd 926
Outbound buffer overflow on client_fd 1291
Outbound buffer overflow on client_fd 19
Outbound buffer overflow on client_fd 298
Outbound buffer overflow on client_fd 299
Outbound buffer overflow on client_fd 690
Outbound buffer overflow on client_fd 691
Outbound buffer overflow on client_fd 692
Outbound buffer overflow on client_fd 693
Outbound buffer overflow on client_fd 1791
Outbound buffer overflow on client_fd 1792
Outbound buffer overflow on client_fd 1793
Outbound buffer overflow on client_fd 1794
Outbound buffer overflow on client_fd 1795
Outbound buffer overflow on client_fd 1796
Outbound buffer overflow on client_fd 1797
Outbound buffer overflow on client_fd 1798
Outbound buffer overflow on client_fd 1799
Outbound buffer overflow on client_fd 1803
Outbound buffer overflow on client_fd 845
Outbound buffer overflow on client_fd 164
Outbound buffer overflow on client_fd 206
Outbound buffer overflow on client_fd 163
h client_fd = 1848 (active=2998)
New client connected with client_fd = 175 (active=2995)
New client connected with client_fd = 233 (active=2996)
New client connected with client_fd = 245 (active=2997)
New client connected with client_fd = 251 (active=2998)
New client connected with client_fd = 1850 (active=2999)
New client connected with client_fd = 1851 (active=3000)
New client connected with client_fd = 885 (active=2999)
New client connected with client_fd = 888 (active=3000)
New client connected with client_fd = 1142 (active=2999)
New client connected with client_fd = 1854 (active=3000)
New client connected with client_fd = 1309 (active=3000)
New client connected with client_fd = 1855 (active=3000)
New client connected with client_fd = 823 (active=2992)
New client connected with client_fd = 824 (active=2993)
New client connected with client_fd = 826 (active=2994)
New client connected with client_fd = 827 (active=2995)
New client connected with client_fd = 828 (active=2996)
New client connected with client_fd = 829 (active=2997)
New client connected with client_fd = 841 (active=2998)
New client connected with client_fd = 1306 (active=2999)
New client connected with client_fd = 1307 (active=3000)
New client connected with client_fd = 664 (active=2999)
New client connected with client_fd = 665 (active=3000)
New client connected with client_fd = 350 (active=2998)
New client connected with client_fd = 351 (active=2999)
New client connected with client_fd = 1274 (active=3000)
New client connected with client_fd = 403 (active=2997)
New client connected with client_fd = 650 (active=2998)
New client connected with client_fd = 652 (active=2999)
New client connected with client_fd = 660 (active=3000)
New client connected with client_fd = 178 (active=2999)
New client connected with client_fd = 480 (active=3000)
New client connected with client_fd = 71 (active=2995)
New client connected with client_fd = 73 (active=2996)
New client connected with client_fd = 74 (active=2997)
New client connected with client_fd = 481 (active=2998)
New client connected with client_fd = 493 (active=2999)
New client connected with client_fd = 494 (active=3000)
New client connected with client_fd = 4 (active=3000)
New client connected with client_fd = 111 (active=2994)
New client connected with client_fd = 132 (active=2995)
New client connected with client_fd = 156 (active=2996)
New client connected with client_fd = 157 (active=2997)
New client connected with client_fd = 158 (active=2998)
New client connected with client_fd = 184 (active=2999)
New client connected with client_fd = 203 (active=3000)
New client connected with client_fd = 332 (active=3000)
New client connected with client_fd = 94 (active=2999)
New client connected with client_fd = 116 (active=3000)
New client connected with client_fd = 1278 (active=2999)
New client connected with client_fd = 1283 (active=3000)
New client connected with client_fd = 204 (active=2981)
New client connected with client_fd = 219 (active=2982)
New client connected with client_fd = 326 (active=2983)
New client connected with client_fd = 694 (active=2984)
New client connected with client_fd = 695 (active=2985)
New client connected with client_fd = 699 (active=2986)
New client connected with client_fd = 700 (active=2987)
New client connected with client_fd = 701 (active=2988)
New client connected with client_fd = 702 (active=2988)
New client connected with client_fd = 703 (active=2984)
New client connected with client_fd = 704 (active=2985)
New client connected with client_fd = 705 (active=2986)
New client connected with client_fd = 706 (active=2987)
New client connected with client_fd = 707 (active=2988)
New client connected with client_fd = 19 (active=2988)
New client connected with client_fd = 298 (active=2973)
New client connected with client_fd = 299 (active=2974)
New client connected with client_fd = 690 (active=2975)
New client connected with client_fd = 691 (active=2976)
New client connected with client_fd = 692 (active=2977)
New client connected with client_fd = 693 (active=2978)
New client connected with cOutbound buffer overflow on client_fd 49
Outbound buffer overflow on client_fd 91
Outbound buffer overflow on client_fd 42
Outbound buffer overflow on client_fd 1828
Outbound buffer overflow on client_fd 1821
Outbound buffer overflow on client_fd 1298
Outbound buffer overflow on client_fd 1295
Outbound buffer overflow on client_fd 1294
Outbound buffer overflow on client_fd 1293
Outbound buffer overflow on client_fd 1297
Outbound buffer overflow on client_fd 1827
Outbound buffer overflow on client_fd 1299
Outbound buffer overflow on client_fd 1286
Outbound buffer overflow on client_fd 856
Outbound buffer overflow on client_fd 1837
Outbound buffer overflow on client_fd 328
Outbound buffer overflow on client_fd 316
Outbound buffer overflow on client_fd 1839
Outbound buffer overflow on client_fd 1836
Outbound buffer overflow on client_fd 315
Outbound buffer overflow on client_fd 303
Outbound buffer overflow on client_fd 245
Outbound buffer overflow on client_fd 233
Outbound buffer overflow on client_fd 175
Outbound buffer overflow on client_fd 1848
Outbound buffer overflow on client_fd 1847
Outbound buffer overflow on client_fd 1846
Outbound buffer overflow on client_fd 11
Outbound buffer overflow on client_fd 1845
Outbound buffer overflow on client_fd 1844
Outbound buffer overflow on client_fd 1851
Outbound buffer overflow on client_fd 251
Outbound buffer overflow on client_fd 1850
Outbound buffer overflow on client_fd 1834
Outbound buffer overflow on client_fd 888
Outbound buffer overflow on client_fd 885
Outbound buffer overflow on client_fd 1854
Outbound buffer overflow on client_fd 1142
Outbound buffer overflow on client_fd 203
Outbound buffer overflow on client_fd 258
Outbound buffer overflow on client_fd 257
Outbound buffer overflow on client_fd 256
Outbound buffer overflow on client_fd 255
Outbound buffer overflow on client_fd 259
Outbound buffer overflow on client_fd 332
Outbound buffer overflow on client_fd 133
Outbound buffer overflow on client_fd 1283
Outbound buffer overflow on client_fd 1278
lient_fd = 163 (active=2975)
New client connected with client_fd = 164 (active=2976)
New client connected with client_fd = 206 (active=2977)
New client connected with client_fd = 709 (active=2978)
New client connected with client_fd = 49 (active=2977)
New client connected with client_fd = 91 (active=2978)
New client connected with client_fd = 42 (active=2969)
New client connected with client_fd = 811 (active=2970)
New client connected with client_fd = 812 (active=2969)
New client connected with client_fd = 815 (active=2970)
New client connected with client_fd = 816 (active=2971)
New client connected with client_fd = 845 (active=2972)
New client connected with client_fd = 856 (active=2973)
New client connected with client_fd = 925 (active=2974)
New client connected with client_fd = 926 (active=2975)
New client connected with client_fd = 1277 (active=2976)
New client connected with client_fd = 1284 (active=2977)
New client connected with client_fd = 1285 (active=2978)
New client connected with client_fd = 316 (active=2976)
New client connected with client_fd = 328 (active=2977)
New client connected with client_fd = 1286 (active=2978)
New client connected with client_fd = 1290 (active=2978)
New client connected with client_fd = 303 (active=2976)
New client connected with client_fd = 315 (active=2977)
New client connected with client_fd = 1291 (active=2978)
New client connected with client_fd = 175 (active=2976)
New client connected with client_fd = 233 (active=2977)
New client connected with client_fd = 245 (active=2978)
New client connected with client_fd = 11 (active=2972)
New client connected with client_fd = 1293 (active=2973)
New client connected with client_fd = 1294 (active=2974)
New client connected with client_fd = 1295 (active=2975)
New client connected with client_fd = 251 (active=2973)
New client connected with client_fd = 1297 (active=2974)
New client connected with client_fd = 1298 (active=2975)
New client connected with client_fd = 1299 (active=2976)
New client connected with client_fd = 1791 (active=2977)
New client connected with client_fd = 1792 (active=2978)
New client connected with client_fd = 885 (active=2977)
New client connected with client_fd = 888 (active=2978)
New client connected with client_fd = 1793 (active=2979)
New client connected with client_fd = 1794 (active=2980)
New client connected with client_fd = 1795 (active=2981)
New client connected with client_fd = 1796 (active=2982)
New client connected with client_fd = 1797 (active=2983)
New client connected with client_fd = 1798 (active=2984)
New client connected with client_fd = 1799 (active=2985)
New client connected with client_fd = 1803 (active=2986)
New client connected with client_fd = 1142 (active=2985)
New client connected with client_fd = 1821 (active=2986)
New client connected with client_fd = 1827 (active=2987)
New client connected with client_fd = 1828 (active=2988)
New client connected with client_fd = 1834 (active=2989)
New client connected with client_fd = 1836 (active=2990)
New client connected with client_fd = 1837 (active=2991)
New client connected with client_fd = 1839 (active=2992)
New client connected with client_fd = 1844 (active=2993)
New client connected with client_fd = 1845 (active=2994)
New client connected with client_fd = 1846 (active=2995)
New client connected with client_fd = 1847 (active=2996)
New client connected with client_fd = 1848 (active=2997)
New client connected with client_fd = 1850 (active=2998)
New client connected with client_fd = 1851 (active=2999)
New client connected with client_fd = 1854 (active=3000)
New client connected with client_fd = 203 (active=3000)
New client connected with client_fd = 255 (active=2996)
New client connected with client_fd = 256 (active=2997)
New client connected with client_fd = 257 (active=2997)
New client connected with client_fd = 258 (active=2998)
New client connected with client_fd = 259 (active=2999)
New client connected with client_fd = 332 (active=3000)
New client connected with client_fd = 133 (active=2998)
New client connected with client_fd = 1278 (active=2999)
Outbound buffer overflow on client_fd 701
Outbound buffer overflow on client_fd 116
Outbound buffer overflow on client_fd 694
Outbound buffer overflow on client_fd 94
Outbound buffer overflow on client_fd 326
Outbound buffer overflow on client_fd 699
Outbound buffer overflow on client_fd 695
Outbound buffer overflow on client_fd 219
Outbound buffer overflow on client_fd 700
Outbound buffer overflow on client_fd 706
Outbound buffer overflow on client_fd 705
Outbound buffer overflow on client_fd 704
Outbound buffer overflow on client_fd 703
Outbound buffer overflow on client_fd 702
Outbound buffer overflow on client_fd 707
Outbound buffer overflow on client_fd 19
Outbound buffer overflow on client_fd 612
Outbound buffer overflow on client_fd 611
Outbound buffer overflow on client_fd 610
Outbound buffer overflow on client_fd 609
Outbound buffer overflow on client_fd 608
Outbound buffer overflow on client_fd 607
Outbound buffer overflow on client_fd 693
Outbound buffer overflow on client_fd 299
Outbound buffer overflow on client_fd 298
Outbound buffer overflow on client_fd 690
Outbound buffer overflow on client_fd 692
Outbound buffer overflow on client_fd 691
Outbound buffer overflow on client_fd 206
Outbound buffer overflow on client_fd 709
Outbound buffer overflow on client_fd 164
Outbound buffer overflow on client_fd 163
Outbound buffer overflow on client_fd 856
Outbound buffer overflow on client_fd 845
Outbound buffer overflow on client_fd 1285
Outbound buffer overflow on client_fd 1284
Outbound buffer overflow on client_fd 1277
Outbound buffer overflow on client_fd 91
Outbound buffer overflow on client_fd 49
Outbound buffer overflow on client_fd 926
Outbound buffer overflow on client_fd 925
Outbound buffer overflow on client_fd 811
Outbound buffer overflow on client_fd 42
Outbound buffer overflow on client_fd 816
Outbound buffer overflow on client_fd 812
Outbound buffer overflow on client_fd 815
Outbound buffer overflow on client_fd 1286
Outbound buffer overflow on client_fd 1290
Outbound buffer overflow on client_fd 328
Outbound buffer overflow on client_fd 316
Outbound buffer overflow on client_fd 1291
Outbound buffer overflow on client_fd 315
Outbound buffer overflow on client_fd 303
Outbound buffer overflow on client_fd 233
Outbound buffer overflow on client_fd 175
Outbound buffer overflow on client_fd 245
Outbound buffer overflow on client_fd 1295
Outbound buffer overflow on client_fd 1294
Outbound buffer overflow on client_fd 11
Outbound buffer overflow on client_fd 251
Outbound buffer overflow on client_fd 1297
Outbound buffer overflow on client_fd 1298
Outbound buffer overflow on client_fd 1299
Outbound buffer overflow on client_fd 1792
Outbound buffer overflow on client_fd 1791
Outbound buffer overflow on client_fd 1293
Outbound buffer overflow on client_fd 493
Outbound buffer overflow on client_fd 184
Outbound buffer overflow on client_fd 158
Outbound buffer overflow on client_fd 157
Outbound buffer overflow on client_fd 156
Outbound buffer overflow on client_fd 132
Outbound buffer overflow on client_fd 111
New client connected with client_fd = 1283 (active=3000)
New client connected with client_fd = 94 (active=2997)
New client connected with client_fd = 116 (active=2998)
New client connected with client_fd = 694 (active=2999)
New client connected with client_fd = 701 (active=3000)
New client connected with client_fd = 219 (active=2997)
New client connected with client_fd = 326 (active=2998)
New client connected with client_fd = 695 (active=2999)
New client connected with client_fd = 699 (active=3000)
New client connected with client_fd = 700 (active=2994)
New client connected with client_fd = 702 (active=2995)
New client connected with client_fd = 703 (active=2996)
New client connected with client_fd = 704 (active=2997)
New client connected with client_fd = 705 (active=2998)
New client connected with client_fd = 706 (active=2999)
New client connected with client_fd = 707 (active=3000)
New client connected with client_fd = 19 (active=3000)
New client connected with client_fd = 298 (active=2991)
New client connected with client_fd = 299 (active=2992)
New client connected with client_fd = 607 (active=2993)
New client connected with client_fd = 608 (active=2994)
New client connected with client_fd = 609 (active=2993)
New client connected with client_fd = 610 (active=2994)
New client connected with client_fd = 206 (active=2994)
New client connected with client_fd = 611 (active=2994)
New client connected with client_fd = 163 (active=2993)
New client connected with client_fd = 164 (active=2994)
New client connected with client_fd = 612 (active=2990)
New client connected with client_fd = 690 (active=2991)
New client connected with client_fd = 49 (active=2988)
New client connected with client_fd = 91 (active=2989)
New client connected with client_fd = 691 (active=2990)
New client connected with client_fd = 692 (active=2991)
New client connected with client_fd = 42 (active=2989)
New client connected with client_fd = 693 (active=2990)
New client connected with client_fd = 709 (active=2991)
New client connected with client_fd = 811 (active=2990)
New client connected with client_fd = 812 (active=2991)
New client connected with client_fd = 815 (active=2992)
New client connected with client_fd = 816 (active=2993)
New client connected with client_fd = 845 (active=2994)
New client connected with client_fd = 856 (active=2993)
New client connected with client_fd = 925 (active=2994)
New client connected with client_fd = 316 (active=2993)
New client connected with client_fd = 328 (active=2994)
New client connected with client_fd = 303 (active=2992)
New client connected with client_fd = 315 (active=2993)
New client connected with client_fd = 175 (active=2992)
New client connected with client_fd = 233 (active=2993)
New client connected with client_fd = 926 (active=2994)
New client connected with client_fd = 245 (active=2992)
New client connected with client_fd = 1277 (active=2993)
New client connected with client_fd = 1284 (active=2994)
New client connected with client_fd = 11 (active=2990)
New client connected with client_fd = 251 (active=2991)
New client connected with client_fd = 1285 (active=2992)
New client connected with client_fd = 1286 (active=2993)
New client connected with client_fd = 1290 (active=2994)
New client connected with client_fd = 1291 (active=2992)
New client connected with client_fd = 1293 (active=2993)
New client connected with client_fd = 1294 (active=2994)
New client connected with client_fd = 493 (active=2994)
New client connected with client_fd = 111 (active=2989)
New client connected with client_fd = 132 (active=2990)
New client connected with client_fd = 156 (active=2991)
New client connected with client_fd = 157 (active=2992)
New client connected with client_fd = 158 (active=2993)
New client connected with client_fd = 184 (active=2994)
New client connected with client_fd = 1295 (active=2995)
New client connected with client_fd = 1297 (active=2996)
New client connected with client_fd = 1298 (active=2997)
New client connected with client_fd = 1299 (active=2998)
New client connected with client_fd = 1791 (active=2999)
Outbound buffer overflow on client_fd 1850
Outbound buffer overflow on client_fd 1848
Outbound buffer overflow on client_fd 1847
Outbound buffer overflow on client_fd 1854
Outbound buffer overflow on client_fd 1851
Outbound buffer overflow on client_fd 1846
Outbound buffer overflow on client_fd 203
Outbound buffer overflow on client_fd 256
Outbound buffer overflow on client_fd 1283
Outbound buffer overflow on client_fd 332
Outbound buffer overflow on client_fd 701
Outbound buffer overflow on client_fd 259
Outbound buffer overflow on client_fd 694
Outbound buffer overflow on client_fd 116
Outbound buffer overflow on client_fd 255
Outbound buffer overflow on client_fd 258
Outbound buffer overflow on client_fd 1278
Outbound buffer overflow on client_fd 133
Outbound buffer overflow on client_fd 257
Outbound buffer overflow on client_fd 94
Outbound buffer overflow on client_fd 695
Outbound buffer overflow on client_fd 326
Outbound buffer overflow on client_fd 219
Outbound buffer overflow on client_fd 699
Outbound buffer overflow on client_fd 700
Outbound buffer overflow on client_fd 703
Outbound buffer overflow on client_fd 702
Outbound buffer overflow on client_fd 707
Outbound buffer overflow on client_fd 706
Outbound buffer overflow on client_fd 705
Outbound buffer overflow on client_fd 704
Outbound buffer overflow on client_fd 19
Outbound buffer overflow on client_fd 609
Outbound buffer overflow on client_fd 610
Outbound buffer overflow on client_fd 299
Outbound buffer overflow on client_fd 607
Outbound buffer overflow on client_fd 608
Outbound buffer overflow on client_fd 206
Outbound buffer overflow on client_fd 1309
Outbound buffer overflow on client_fd 1307
Outbound buffer overflow on client_fd 824
Outbound buffer overflow on client_fd 1855
Outbound buffer overflow on client_fd 1306
Outbound buffer overflow on client_fd 826
Outbound buffer overflow on client_fd 494
Outbound buffer overflow on client_fd 156
Outbound buffer overflow on client_fd 157
Outbound buffer overflow on client_fd 132
Outbound buffer overflow on client_fd 493
Outbound buffer overflow on client_fd 111
Outbound buffer overflow on client_fd 184
Outbound buffer overflow on client_fd 158
Outbound buffer overflow on client_fd 1792
Outbound buffer overflow on client_fd 1791
Outbound buffer overflow on client_fd 1299
Outbound buffer overflow on client_fd 1298
Outbound buffer overflow on client_fd 1297
Outbound buffer overflow on client_fd 1295
Outbound buffer overflow on client_fd 1851
Outbound buffer overflow on client_fd 1854
Outbound buffer overflow on client_fd 1846
Outbound buffer overflow on client_fd 1850
Outbound buffer overflow on client_fd 1848
Outbound buffer overflow on client_fd 1847
Outbound buffer overflow on client_fd 203
Outbound buffer overflow on client_fd 28
Outbound buffer overflow on client_fd 694
Outbound buffer overflow on client_fd 255
Outbound buffer overflow on client_fd 258
Outbound buffer overflow on client_fd 94
Outbound buffer overflow on client_fd 133
Outbound buffer overflow on client_fd 332
Outbound buffer overflow on client_fd 259
Outbound buffer overflow on client_fd 1283
New client connected with client_fd = 1792 (active=3000)
New client connected with client_fd = 1847 (active=2997)
New client connected with client_fd = 1848 (active=2998)
New client connected with client_fd = 1850 (active=2999)
New client connected with client_fd = 1854 (active=3000)
New client connected with client_fd = 1846 (active=2999)
New client connected with client_fd = 1851 (active=3000)
New client connected with client_fd = 203 (active=3000)
New client connected with client_fd = 256 (active=3000)
New client connected with client_fd = 1283 (active=3000)
New client connected with client_fd = 116 (active=2996)
New client connected with client_fd = 259 (active=2997)
New client connected with client_fd = 332 (active=2998)
New client connected with client_fd = 94 (active=2993)
New client connected with client_fd = 133 (active=2994)
New client connected with client_fd = 255 (active=2995)
New client connected with client_fd = 257 (active=2996)
New client connected with client_fd = 258 (active=2997)
New client connected with client_fd = 694 (active=2998)
New client connected with client_fd = 701 (active=2999)
New client connected with client_fd = 1278 (active=3000)
New client connected with client_fd = 219 (active=2998)
New client connected with client_fd = 326 (active=2999)
New client connected with client_fd = 695 (active=3000)
New client connected with client_fd = 699 (active=3000)
New client connected with client_fd = 700 (active=3000)
New client connected with client_fd = 702 (active=2998)
New client connected with client_fd = 703 (active=2999)
New client connected with client_fd = 707 (active=3000)
New client connected with client_fd = 704 (active=2998)
New client connected with client_fd = 705 (active=2999)
New client connected with client_fd = 706 (active=3000)
New client connected with client_fd = 19 (active=3000)
New client connected with client_fd = 299 (active=2997)
New client connected with client_fd = 607 (active=2998)
New client connected with client_fd = 608 (active=2998)
New client connected with client_fd = 609 (active=2999)
New client connected with client_fd = 610 (active=3000)
New client connected with client_fd = 206 (active=3000)
New client connected with client_fd = 1309 (active=3000)
New client connected with client_fd = 824 (active=2996)
New client connected with client_fd = 826 (active=2997)
New client connected with client_fd = 1306 (active=2998)
New client connected with client_fd = 1307 (active=2999)
New client connected with client_fd = 1855 (active=3000)
New client connected with client_fd = 494 (active=3000)
New client connected with client_fd = 132 (active=2998)
New client connected with client_fd = 156 (active=2999)
New client connected with client_fd = 157 (active=3000)
New client connected with client_fd = 111 (active=2999)
New client connected with client_fd = 493 (active=3000)
New client connected with client_fd = 158 (active=2999)
New client connected with client_fd = 184 (active=3000)
New client connected with client_fd = 1298 (active=2997)
New client connected with client_fd = 1299 (active=2998)
New client connected with client_fd = 1791 (active=2999)
New client connected with client_fd = 1792 (active=3000)
New client connected with client_fd = 1295 (active=2999)
New client connected with client_fd = 1297 (active=3000)
New client connected with client_fd = 1846 (active=2997)
New client connected with client_fd = 1850 (active=2998)
New client connected with client_fd = 1851 (active=2999)
New client connected with client_fd = 1854 (active=3000)
New client connected with client_fd = 1847 (active=2999)
New client connected with client_fd = 1848 (active=3000)
New client connected with client_fd = 203 (active=3000)
New client connected with client_fd = 28 (active=2995)
New client connected with client_fd = 94 (active=2996)
New client connected with client_fd = 133 (active=2997)
New client connected with client_fd = 255 (active=2996)
New client connected with client_fd = 258 (active=2997)
New client connected with client_fd = 259 (active=2997)
New client connected with client_fd = 332 (Outbound buffer overflow on client_fd 116
Outbound buffer overflow on client_fd 326
Outbound buffer overflow on client_fd 219
Outbound buffer overflow on client_fd 257
Outbound buffer overflow on client_fd 1278
Outbound buffer overflow on client_fd 701
Outbound buffer overflow on client_fd 695
Outbound buffer overflow on client_fd 699
Outbound buffer overflow on client_fd 706
Outbound buffer overflow on client_fd 705
Outbound buffer overflow on client_fd 704
Outbound buffer overflow on client_fd 707
Outbound buffer overflow on client_fd 703
Outbound buffer overflow on client_fd 702
Outbound buffer overflow on client_fd 19
Outbound buffer overflow on client_fd 164
Outbound buffer overflow on client_fd 163
Outbound buffer overflow on client_fd 481
Outbound buffer overflow on client_fd 74
Outbound buffer overflow on client_fd 73
Outbound buffer overflow on client_fd 71
Outbound buffer overflow on client_fd 494
Outbound buffer overflow on client_fd 156
Outbound buffer overflow on client_fd 132
Outbound buffer overflow on client_fd 111
Outbound buffer overflow on client_fd 157
Outbound buffer overflow on client_fd 493
Outbound buffer overflow on client_fd 184
Outbound buffer overflow on client_fd 158
Outbound buffer overflow on client_fd 1297
Outbound buffer overflow on client_fd 1295
Outbound buffer overflow on client_fd 1299
Outbound buffer overflow on client_fd 1298
Outbound buffer overflow on client_fd 1792
Outbound buffer overflow on client_fd 1791
Outbound buffer overflow on client_fd 1847
Outbound buffer overflow on client_fd 1846
Outbound buffer overflow on client_fd 1850
Outbound buffer overflow on client_fd 203
Outbound buffer overflow on client_fd 1854
Outbound buffer overflow on client_fd 1851
Outbound buffer overflow on client_fd 1848
Outbound buffer overflow on client_fd 610
Outbound buffer overflow on client_fd 609
Outbound buffer overflow on client_fd 608
Outbound buffer overflow on client_fd 481
Outbound buffer overflow on client_fd 74
Outbound buffer overflow on client_fd 73
Outbound buffer overflow on client_fd 71
Outbound buffer overflow on client_fd 494
Outbound buffer overflow on client_fd 111
Outbound buffer overflow on client_fd 157
Outbound buffer overflow on client_fd 132
Outbound buffer overflow on client_fd 493
Outbound buffer overflow on client_fd 133
Outbound buffer overflow on client_fd 94
Outbound buffer overflow on client_fd 258
Outbound buffer overflow on client_fd 184
Outbound buffer overflow on client_fd 158
Outbound buffer overflow on client_fd 332
Outbound buffer overflow on client_fd 255
Outbound buffer overflow on client_fd 28
Outbound buffer overflow on client_fd 116
Outbound buffer overflow on client_fd 694
Outbound buffer overflow on client_fd 607
Outbound buffer overflow on client_fd 257
Outbound buffer overflow on client_fd 219
Outbound buffer overflow on client_fd 1278
Outbound buffer overflow on client_fd 299
Outbound buffer overflow on client_fd 841
Outbound buffer overflow on client_fd 1298
Outbound buffer overflow on client_fd 1299
active=2998)
New client connected with client_fd = 694 (active=2999)
New client connected with client_fd = 116 (active=2999)
New client connected with client_fd = 219 (active=2995)
New client connected with client_fd = 257 (active=2996)
New client connected with client_fd = 326 (active=2997)
New client connected with client_fd = 701 (active=2998)
New client connected with client_fd = 1278 (active=2999)
New client connected with client_fd = 695 (active=2999)
New client connected with client_fd = 699 (active=2999)
New client connected with client_fd = 704 (active=2997)
New client connected with client_fd = 705 (active=2998)
New client connected with client_fd = 706 (active=2999)
New client connected with client_fd = 702 (active=2997)
New client connected with client_fd = 703 (active=2998)
New client connected with client_fd = 707 (active=2999)
New client connected with client_fd = 19 (active=2999)
New client connected with client_fd = 163 (active=2998)
New client connected with client_fd = 164 (active=2999)
New client connected with client_fd = 481 (active=2999)
New client connected with client_fd = 71 (active=2997)
New client connected with client_fd = 73 (active=2998)
New client connected with client_fd = 74 (active=2999)
New client connected with client_fd = 494 (active=2999)
New client connected with client_fd = 1283 (active=3000)
New client connected with client_fd = 132 (active=2999)
New client connected with client_fd = 156 (active=3000)
New client connected with client_fd = 111 (active=3000)
New client connected with client_fd = 157 (active=3000)
New client connected with client_fd = 493 (active=3000)
New client connected with client_fd = 158 (active=2999)
New client connected with client_fd = 184 (active=3000)
New client connected with client_fd = 1295 (active=2999)
New client connected with client_fd = 1297 (active=3000)
New client connected with client_fd = 1298 (active=2997)
New client connected with client_fd = 1299 (active=2998)
New client connected with client_fd = 1791 (active=2999)
New client connected with client_fd = 1792 (active=3000)
New client connected with client_fd = 1846 (active=2998)
New client connected with client_fd = 1847 (active=2999)
New client connected with client_fd = 203 (active=2999)
New client connected with client_fd = 1850 (active=3000)
New client connected with client_fd = 1851 (active=2999)
New client connected with client_fd = 1854 (active=3000)
New client connected with client_fd = 1848 (active=3000)
New client connected with client_fd = 608 (active=2998)
New client connected with client_fd = 609 (active=2999)
New client connected with client_fd = 610 (active=3000)
New client connected with client_fd = 481 (active=3000)
New client connected with client_fd = 74 (active=3000)
New client connected with client_fd = 71 (active=2999)
New client connected with client_fd = 73 (active=3000)
New client connected with client_fd = 494 (active=3000)
New client connected with client_fd = 111 (active=2999)
New client connected with client_fd = 157 (active=3000)
New client connected with client_fd = 132 (active=3000)
New client connected with client_fd = 493 (active=3000)
New client connected with client_fd = 94 (active=2999)
New client connected with client_fd = 133 (active=3000)
New client connected with client_fd = 28 (active=2995)
New client connected with client_fd = 158 (active=2996)
New client connected with client_fd = 184 (active=2997)
New client connected with client_fd = 255 (active=2998)
New client connected with client_fd = 258 (active=2999)
New client connected with client_fd = 332 (active=3000)
New client connected with client_fd = 116 (active=2999)
New client connected with client_fd = 694 (active=3000)
New client connected with client_fd = 219 (active=2996)
New client connected with client_fd = 257 (active=2997)
New client connected with client_fd = 299 (active=2998)
New client connected with client_fd = 607 (active=2999)
New client connected with client_fd = 1278 (active=3000)
New client connected with client_fd = 841 (active=2998)
New client connected with client_fd = 1298 (aOutbound buffer overflow on client_fd 695
Outbound buffer overflow on client_fd 701
Outbound buffer overflow on client_fd 1297
Outbound buffer overflow on client_fd 1295
Outbound buffer overflow on client_fd 650
Outbound buffer overflow on client_fd 403
Outbound buffer overflow on client_fd 1130
Outbound buffer overflow on client_fd 1132
Outbound buffer overflow on client_fd 1951
Outbound buffer overflow on client_fd 1952
Outbound buffer overflow on client_fd 1953
Outbound buffer overflow on client_fd 1954
Outbound buffer overflow on client_fd 1955
Outbound buffer overflow on client_fd 1956
Outbound buffer overflow on client_fd 2040
Outbound buffer overflow on client_fd 2041
Outbound buffer overflow on client_fd 2042
Outbound buffer overflow on client_fd 2043
Outbound buffer overflow on client_fd 2044
Outbound buffer overflow on client_fd 2045
Outbound buffer overflow on client_fd 2046
Outbound buffer overflow on client_fd 2047
Outbound buffer overflow on client_fd 2048
Outbound buffer overflow on client_fd 2049
Outbound buffer overflow on client_fd 2050
Outbound buffer overflow on client_fd 2051
Outbound buffer overflow on client_fd 2052
Outbound buffer overflow on client_fd 2053
Outbound buffer overflow on client_fd 2054
Outbound buffer overflow on client_fd 2055
Outbound buffer overflow on client_fd 2056
Outbound buffer overflow on client_fd 2057
Outbound buffer overflow on client_fd 2058
Outbound buffer overflow on client_fd 2059
Outbound buffer overflow on client_fd 2063
Outbound buffer overflow on client_fd 2064
Outbound buffer overflow on client_fd 2065
Outbound buffer overflow on client_fd 2097
Outbound buffer overflow on client_fd 2098
Outbound buffer overflow on client_fd 2099
Outbound buffer overflow on client_fd 2100
Outbound buffer overflow on client_fd 2101
Outbound buffer overflow on client_fd 2102
Outbound buffer overflow on client_fd 2103
Outbound buffer overflow on client_fd 2104
Outbound buffer overflow on client_fd 2105
Outbound buffer overflow on client_fd 2106
Outbound buffer overflow on client_fd 113
Outbound buffer overflow on client_fd 201
Outbound buffer overflow on client_fd 200
Outbound buffer overflow on client_fd 199
Outbound buffer overflow on client_fd 161
Outbound buffer overflow on client_fd 141
Outbound buffer overflow on client_fd 230
Outbound buffer overflow on client_fd 1882
Outbound buffer overflow on client_fd 1883
Outbound buffer overflow on client_fd 1884
Outbound buffer overflow on client_fd 1914
Outbound buffer overflow on client_fd 1915
Outbound buffer overflow on client_fd 1916
Outbound buffer overflow on client_fd 1944
Outbound buffer overflow on client_fd 1966
Outbound buffer overflow on client_fd 1967
Outbound buffer overflow on client_fd 1968
Outbound buffer overflow on client_fd 1969
Outbound buffer overflow on client_fd 1970
Outbound buffer overflow on client_fd 1971
Outbound buffer overflow on client_fd 1972
Outbound buffer overflow on client_fd 1973
Outbound buffer overflow on client_fd 1974
Outbound buffer overflow on client_fd 1975
Outbound buffer overflow on client_fd 2107
Outbound buffer overflow on client_fd 2108
Outbound buffer overflow on client_fd 2109
Outbound buffer overflow on client_fd 2110
Outbound buffer overflow on client_fd 2111
Outbound buffer overflow on client_fd 2114
Outbound buffer overflow on client_fd 2115
Outbound buffer overflow on client_fd 2116
Outbound buffer overflow on client_fd 2119
Outbound buffer overflow on client_fd 2120
Outbound buffer overflow on client_fd 2136
Outbound buffer overflow on client_fd 2138
Outbound buffer overflow on client_fd 2389
Outbound buffer overflow on client_fd 2390
Outbound buffer overflow on client_fd 2391
Outbound buffer overflow on client_fd 2392
Outbound buffer overflow on client_fd 2393
Outbound buffer overflow on client_fd 2394
Outbound buffer overflow on client_fd 2395
Outbound buffer overflow on client_fd 2396
Outbound buffer overflow on client_fd 2397
Outbound buffer overflow on client_fd 2432
Outbound buffer overflow on client_fd 2433
Outbound buffer overflow on client_fd 2434
Outbound buffer overflow on client_fd 2435
Outbound buffer overflow on client_fd 2452
Outbound buffer overflow on client_fd 2454
Outbound buffer overflow on client_fd 2455
Outbound buffer overflow on client_fd 2471
Outbound buffer overflow on client_fd 2472
Outbound buffer overflow on client_fd 2527
Outbound buffer overflow on client_fd 2528
Outbound buffer overflow on client_fd 269
Outbound buffer overflow on client_fd 267
Outbound buffer overflow on client_fd 231
Outbound buffer overflow on client_fd 333
Outbound buffer overflow on client_fd 279
Outbound buffer overflow on client_fd 750
Outbound buffer overflow on client_fd 752
Outbound buffer overflow on client_fd 753
Outbound buffer overflow on client_fd 754
Outbound buffer overflow on client_fd 1136
Outbound buffer overflow on client_fd 1137
Outbound buffer overflow on client_fd 1157
Outbound buffer overflow on client_fd 1171
Outbound buffer overflow on client_fd 1189
ctive=2999)
New client connected with client_fd = 1299 (active=3000)
New client connected with client_fd = 695 (active=2997)
New client connected with client_fd = 701 (active=2998)
New client connected with client_fd = 1295 (active=2999)
New client connected with client_fd = 1297 (active=3000)
New client connected with client_fd = 650 (active=3000)
New client connected with client_fd = 403 (active=3000)
New client connected with client_fd = 1130 (active=2999)
New client connected with client_fd = 1132 (active=3000)
New client connected with client_fd = 1951 (active=2962)
New client connected with client_fd = 1952 (active=2963)
New client connected with client_fd = 1953 (active=2964)
New client connected with client_fd = 1954 (active=2965)
New client connected with client_fd = 1955 (active=2966)
New client connected with client_fd = 1956 (active=2967)
New client connected with client_fd = 2040 (active=2968)
New client connected with client_fd = 2041 (active=2969)
New client connected with client_fd = 2042 (active=2970)
New client connected with client_fd = 2043 (active=2971)
New client connected with client_fd = 2044 (active=2972)
New client connected with client_fd = 2045 (active=2973)
New client connected with client_fd = 2046 (active=2974)
New client connected with client_fd = 2047 (active=2975)
New client connected with client_fd = 2048 (active=2976)
New client connected with client_fd = 2049 (active=2977)
New client connected with client_fd = 2050 (active=2978)
New client connected with client_fd = 113 (active=2973)
New client connected with client_fd = 141 (active=2974)
New client connected with client_fd = 161 (active=2975)
New client connected with client_fd = 199 (active=2976)
New client connected with client_fd = 200 (active=2977)
New client connected with client_fd = 201 (active=2978)
New client connected with client_fd = 2051 (active=2979)
New client connected with client_fd = 2052 (active=2980)
New client connected with client_fd = 2053 (active=2981)
New client connected with client_fd = 2054 (active=2982)
New client connected with client_fd = 2055 (active=2983)
New client connected with client_fd = 2056 (active=2984)
New client connected with client_fd = 2057 (active=2985)
New client connected with client_fd = 2058 (active=2986)
New client connected with client_fd = 2059 (active=2987)
New client connected with client_fd = 2063 (active=2988)
New client connected with client_fd = 2064 (active=2989)
New client connected with client_fd = 2065 (active=2990)
New client connected with client_fd = 2097 (active=2991)
New client connected with client_fd = 2098 (active=2992)
New client connected with client_fd = 2099 (active=2993)
New client connected with client_fd = 2100 (active=2994)
New client connected with client_fd = 2101 (active=2995)
New client connected with client_fd = 2102 (active=2996)
New client connected with client_fd = 2103 (active=2997)
New client connected with client_fd = 2104 (active=2998)
New client connected with client_fd = 2105 (active=2999)
New client connected with client_fd = 2106 (active=3000)
New client connected with client_fd = 230 (active=2951)
New client connected with client_fd = 1882 (active=2952)
New client connected with client_fd = 1883 (active=2953)
New client connected with client_fd = 1884 (active=2954)
New client connected with client_fd = 1914 (active=2955)
New client connected with client_fd = 1915 (active=2956)
New client connected with client_fd = 231 (active=2943)
New client connected with client_fd = 267 (active=2944)
New client connected with client_fd = 269 (active=2945)
New client connected with client_fd = 279 (active=2946)
New client connected with client_fd = 333 (active=2947)
New client connected with client_fd = 750 (active=2948)
New client connected with client_fd = 752 (active=2949)
New client connected with client_fd = 753 (active=2950)
New client connected with client_fd = 754 (active=2951)
New client connected with client_fd = 1136 (active=2952)
New client connected with client_fd = 1137 (active=2953)
New client connected with client_fd = 1157 (active=2954)
Outbound buffer overflow on client_fd 743
Outbound buffer overflow on client_fd 742
Outbound buffer overflow on client_fd 741
Outbound buffer overflow on client_fd 740
Outbound buffer overflow on client_fd 739
Outbound buffer overflow on client_fd 136
Outbound buffer overflow on client_fd 59
Outbound buffer overflow on client_fd 1132
Outbound buffer overflow on client_fd 1130
Outbound buffer overflow on client_fd 1954
Outbound buffer overflow on client_fd 1953
Outbound buffer overflow on client_fd 1952
Outbound buffer overflow on client_fd 1951
Outbound buffer overflow on client_fd 2041
Outbound buffer overflow on client_fd 2040
Outbound buffer overflow on client_fd 1956
Outbound buffer overflow on client_fd 1955
Outbound buffer overflow on client_fd 2044
Outbound buffer overflow on client_fd 2043
Outbound buffer overflow on client_fd 2042
Outbound buffer overflow on client_fd 2046
Outbound buffer overflow on client_fd 2045
Outbound buffer overflow on client_fd 584
Outbound buffer overflow on client_fd 132
Outbound buffer overflow on client_fd 699
Outbound buffer overflow on client_fd 888
Outbound buffer overflow on client_fd 885
New client connected with client_fd = 1171 (active=2955)
New client connected with client_fd = 1189 (active=2956)
New client connected with client_fd = 1916 (active=2957)
New client connected with client_fd = 1944 (active=2958)
New client connected with client_fd = 1966 (active=2959)
New client connected with client_fd = 1967 (active=2960)
New client connected with client_fd = 1968 (active=2961)
New client connected with client_fd = 1969 (active=2962)
New client connected with client_fd = 1970 (active=2963)
New client connected with client_fd = 1971 (active=2964)
New client connected with client_fd = 1972 (active=2965)
New client connected with client_fd = 1973 (active=2966)
New client connected with client_fd = 1974 (active=2967)
New client connected with client_fd = 1975 (active=2968)
New client connected with client_fd = 2107 (active=2969)
New client connected with client_fd = 2108 (active=2970)
New client connected with client_fd = 2109 (active=2971)
New client connected with client_fd = 2110 (active=2972)
New client connected with client_fd = 2111 (active=2973)
New client connected with client_fd = 2114 (active=2974)
New client connected with client_fd = 2115 (active=2975)
New client connected with client_fd = 2116 (active=2976)
New client connected with client_fd = 2119 (active=2977)
New client connected with client_fd = 2120 (active=2978)
New client connected with client_fd = 2136 (active=2979)
New client connected with client_fd = 2138 (active=2980)
New client connected with client_fd = 2389 (active=2981)
New client connected with client_fd = 2390 (active=2982)
New client connected with client_fd = 2391 (active=2983)
New client connected with client_fd = 2392 (active=2984)
New client connected with client_fd = 2393 (active=2985)
New client connected with client_fd = 2394 (active=2986)
New client connected with client_fd = 2395 (active=2987)
New client connected with client_fd = 2396 (active=2988)
New client connected with client_fd = 2397 (active=2989)
New client connected with client_fd = 2432 (active=2990)
New client connected with client_fd = 2433 (active=2991)
New client connected with client_fd = 2434 (active=2992)
New client connected with client_fd = 2435 (active=2993)
New client connected with client_fd = 59 (active=2987)
New client connected with client_fd = 136 (active=2988)
New client connected with client_fd = 739 (active=2989)
New client connected with client_fd = 740 (active=2990)
New client connected with client_fd = 741 (active=2991)
New client connected with client_fd = 742 (active=2992)
New client connected with client_fd = 743 (active=2993)
New client connected with client_fd = 1132 (active=2993)
New client connected with client_fd = 2452 (active=2994)
New client connected with client_fd = 2454 (active=2995)
New client connected with client_fd = 2455 (active=2996)
New client connected with client_fd = 2471 (active=2997)
New client connected with client_fd = 2472 (active=2998)
New client connected with client_fd = 2527 (active=2999)
New client connected with client_fd = 2528 (active=3000)
New client connected with client_fd = 1130 (active=2996)
New client connected with client_fd = 1951 (active=2997)
New client connected with client_fd = 1952 (active=2998)
New client connected with client_fd = 1953 (active=2999)
New client connected with client_fd = 1954 (active=2996)
New client connected with client_fd = 1955 (active=2997)
New client connected with client_fd = 1956 (active=2998)
New client connected with client_fd = 2040 (active=2999)
New client connected with client_fd = 2041 (active=3000)
New client connected with client_fd = 2042 (active=2998)
New client connected with client_fd = 2043 (active=2999)
New client connected with client_fd = 2044 (active=2998)
New client connected with client_fd = 2045 (active=2999)
New client connected with client_fd = 2046 (active=3000)
New client connected with client_fd = 584 (active=3000)
New client connected with client_fd = 132 (active=3000)
New client connected with client_fd = 699 (active=2998)
New client connected with client_fd = 885 (active=2999)
New Outbound buffer overflow on client_fd 2893
Outbound buffer overflow on client_fd 543
Outbound buffer overflow on client_fd 544
Outbound buffer overflow on client_fd 545
Outbound buffer overflow on client_fd 546
Outbound buffer overflow on client_fd 547
Outbound buffer overflow on client_fd 548
Outbound buffer overflow on client_fd 2435
Outbound buffer overflow on client_fd 2434
Outbound buffer overflow on client_fd 59
Outbound buffer overflow on client_fd 136
Outbound buffer overflow on client_fd 739
Outbound buffer overflow on client_fd 405
Outbound buffer overflow on client_fd 426
Outbound buffer overflow on client_fd 427
Outbound buffer overflow on client_fd 428
Outbound buffer overflow on client_fd 429
Outbound buffer overflow on client_fd 431
Outbound buffer overflow on client_fd 432
Outbound buffer overflow on client_fd 473
Outbound buffer overflow on client_fd 495
Outbound buffer overflow on client_fd 297
Outbound buffer overflow on client_fd 664
Outbound buffer overflow on client_fd 503
Outbound buffer overflow on client_fd 505
Outbound buffer overflow on client_fd 647
Outbound buffer overflow on client_fd 659
Outbound buffer overflow on client_fd 658
Outbound buffer overflow on client_fd 656
Outbound buffer overflow on client_fd 655
Outbound buffer overflow on client_fd 654
Outbound buffer overflow on client_fd 340
Outbound buffer overflow on client_fd 341
Outbound buffer overflow on client_fd 620
Outbound buffer overflow on client_fd 2142
Outbound buffer overflow on client_fd 2143
Outbound buffer overflow on client_fd 2144
Outbound buffer overflow on client_fd 2145
Outbound buffer overflow on client_fd 2146
Outbound buffer overflow on client_fd 2147
Outbound buffer overflow on client_fd 2151
Outbound buffer overflow on client_fd 2152
Outbound buffer overflow on client_fd 2153
Outbound buffer overflow on client_fd 2154
Outbound buffer overflow on client_fd 2155
Outbound buffer overflow on client_fd 2156
Outbound buffer overflow on client_fd 2409
Outbound buffer overflow on client_fd 2410
Outbound buffer overflow on client_fd 2421
Outbound buffer overflow on client_fd 2422
Outbound buffer overflow on client_fd 2423
Outbound buffer overflow on client_fd 2438
Outbound buffer overflow on client_fd 2439
Outbound buffer overflow on client_fd 2440
send failed: Connection reset by peer
Outbound buffer overflow on client_fd 622
Outbound buffer overflow on client_fd 621
send failed: Connection reset by peer
send failed: Connection reset by peer
send failed: Connection reset by peer
send failed: Connection reset by peer
send failed: Connection reset by peer
send failed: Connection reset by peer
send failed: Connection reset by peer
send failed: Connection reset by peer
send failed: Connection reset by peer
send failed: Connection reset by peer
send failed: Connection reset by peer
send failed: Connection reset by peer
send failed: Connection reset by peer
send failed: Connection reset by peer
send failed: Connection reset by peer
send failed: Connection reset by peer
send failed: Connection reset by peer
send failed: Connection reset by peer
send failed: Connection reset by peer
send failed: Connection reset by peer
send failed: Connection reset by peer
send failed: Connection reset by peer
send failed: Connection reset by peer
send failed: Connection reset by peer
send failed: Connection reset by peer
send failed: Connection reset by peer
send failed: Connection reset by peer
send failed: Connection reset by peer
send failed: Connection reset by peer
send failed: Connection reset by peer
send failed: Connection reset by peer
send failed: Connection reset by peer
send failed: Connection reset by peer
send failed: Connection reset by peer
send failed: Connection reset by peer
send failed: Connection reset by peer
send failed: Connection reset by peer
send failed: Connection reset by peer
send failed: Connection reset by peer
send failed: Connection reset by peer
send failed: Connection reset by peer
send failed: Connection reset by peer
send failed: Connection reset by peer
send failed: Connection reset by peer
send failed: Connection reset by peer
send failed: Connection reset by peer
send failed: Connection reset by peer
send failed: Connection reset by peer
send failed: Connection reset by peer
send failed: Connection reset by peer
send failed: Connection reset by peer
send failed: Connection reset by peer
send failed: Connection reset by peer
send failed: Connection reset by peer
send failed: Connection reset by peer
send failed: Connection reset by peer
send failed: Connection reset by peer
send failed: Connection reset by peer
send failed: Connection reset by peer
send failed: Connection reset by peer
send failed: Connection reset by peer
send failed: Connection reset by peer
send failed: Connection reset by peer
send failed: Connection reset by peer
send failed: Connection reset by peer
send failed: Connection reset by peer
send failed: Connection reset by peer
send failed: Connection reset by peer
send failed: Connection reset by peer
send failed: Connection reset by peer
send failed: Connection reset by peer
send failed: Connection reset by peer
send failed: Connection reset by peer
send failed: Connection reset by peer
send failed: Connection reset by peer
send failed: Connection reset by peer
send failed: Connection reset by peer
send failed: Connection reset by peer
send failed: Connection reset by peer
send failed: Connection reset by peer
send failed: Connection reset by peer
send failed: Connection reset by peer
send failed: Connection reset by peer
send failed: Connection reset by peer
send failed: Connection reset by peer
send failed: Connection reset by peer
send failed: Connection reset by peer
send failed: Connection reset by peer
send failed: Connection reset by peer
send failed: Connection reset by peer
send failed: Connection reset by peer
send failed: Connection reset by peer
send failed: Connection reset by peer
send failed: Connection reset by peer
send failed: Connection reset by peer
send failed: Connection reset by peer
send failed: Connection reset by peer
send failed: Connection reset by peer
send failed: Connection reset by peer
send failed: Connection reset by peer
send failed: Connection reset by peer
send failed: Connection reset by peer
send failed: Connection reset by peer
send failed: Connection reset by peer
send failed: Connection reset by peer
send failed: Connection reset by peer
send failed: Connection reset by peer
send failed: Connection reset by peer
send failed: Connection reset by peer
send failed: Connection reset by peer
send failed: Connection reset by peer
send failed: Connection reset by peer
send failed: Connection reset by peer
send failed: Connection reset by peer
send failed: Connection reset by peer
send failed: Connection reset by peer
send failed: Connection reset by peer
send failed: Connection reset by peer
send failed: Connection reset by peer
send failed: Connection reset by peer
send failed: Connection reset by peer
send failed: Connection reset by peer
send failed: Connection reset by peer
send failed: Connection reset by peer
send failed: Connection reset by peer
send failed: Connection reset by peer
send failed: Connection reset by peer
send failed: Connection reset by peer
send failed: Connection reset by peer
send failed: Connection reset by peer
send failed: Connection reset by peer
send failed: Connection reset by peer
send failed: Connection reset by peer
send failed: Connection reset by peer
send failed: Connection reset by peer
send failed: Connection reset by peer
send failed: Connection reset by peer
send failed: Connection reset by peer
send failed: Connection reset by peer
send failed: Connection reset by peer
send failed: Connection reset by peer
send failed: Connection reset by peer
send failed: Connection reset by peer
send failed: Connection reset by peer
send failed: Connection reset by peer
send failed: Connection reset by peer
send failed: Connection reset by peer
send failed: Connection reset by peer
send failed: Connection reset by peer
send failed: Connection reset by peer
send failed: Connection reset by peer
send failed: Connection reset by peer
send failed: Connection reset by peer
send failed: Connection reset by peer
send failed: Connection reset by peer
send failed: Connection reset by peer
send failed: Connection reset by peer
send failed: Connection reset by peer
send failed: Connection reset by peer
send failed: Connection reset by peer
send failed: Connection reset by peer
send failed: Connection reset by peer
send failed: Connection reset by peer
send failed: Connection reset by peer
send failed: Connection reset by peer
send failed: Connection reset by peer
send failed: Connection reset by peer
send failed: Connection reset by peer
send failed: Connection reset by peer
send failed: Connection reset by peer
send failed: Connection reset by peer
send failed: Connection reset by peer
send failed: Connection reset by peer
send failed: Connection reset by peer
