poll server listening on port 8080 with backlog 4096 (server_fd=3, max_clients=10000)
New client connected with client_fd = 4 (active=1)
Client disconnected (client_fd = 4)
New client connected with client_fd = 4 (active=1)
New client connected with client_fd = 5 (active=2)
New client connected with client_fd = 6 (active=3)
New client connected with client_fd = 7 (active=4)
New client connected with client_fd = 8 (active=5)
New client connected with client_fd = 9 (active=6)
New client connected with client_fd = 10 (active=7)
New client connected with client_fd = 11 (active=8)
New client connected with client_fd = 12 (active=9)
New client connected with client_fd = 13 (active=10)
New client connected with client_fd = 14 (active=11)
New client connected with client_fd = 15 (active=12)
New client connected with client_fd = 16 (active=13)
New client connected with client_fd = 17 (active=14)
New client connected with client_fd = 18 (active=15)
New client connected with client_fd = 19 (active=16)
New client connected with client_fd = 20 (active=17)
New client connected with client_fd = 21 (active=18)
New client connected with client_fd = 22 (active=19)
New client connected with client_fd = 23 (active=20)
New client connected with client_fd = 24 (active=21)
New client connected with client_fd = 25 (active=22)
New client connected with client_fd = 26 (active=23)
New client connected with client_fd = 27 (active=24)
New client connected with client_fd = 28 (active=25)
New client connected with client_fd = 29 (active=26)
New client connected with client_fd = 30 (active=27)
New client connected with client_fd = 31 (active=28)
New client connected with client_fd = 32 (active=29)
New client connected with client_fd = 33 (active=30)
New client connected with client_fd = 34 (active=31)
New client connected with client_fd = 35 (active=32)
New client connected with client_fd = 36 (active=33)
New client connected with client_fd = 37 (active=34)
New client connected with client_fd = 38 (active=35)
New client connected with client_fd = 39 (active=36)
New client connected with client_fd = 40 (active=37)
New client connected with client_fd = 41 (active=38)
New client connected with client_fd = 42 (active=39)
New client connected with client_fd = 43 (active=40)
New client connected with client_fd = 44 (active=41)
New client connected with client_fd = 45 (active=42)
New client connected with client_fd = 46 (active=43)
New client connected with client_fd = 47 (active=44)
New client connected with client_fd = 48 (active=45)
New client connected with client_fd = 49 (active=46)
New client connected with client_fd = 50 (active=47)
New client connected with client_fd = 51 (active=48)
New client connected with client_fd = 52 (active=49)
New client connected with client_fd = 53 (active=50)
New client connected with client_fd = 54 (active=51)
New client connected with client_fd = 55 (active=52)
New client connected with client_fd = 56 (active=53)
New client connected with client_fd = 57 (active=54)
New client connected with client_fd = 58 (active=55)
New client connected with client_fd = 59 (active=56)
New client connected with client_fd = 60 (active=57)
New client connected with client_fd = 61 (active=58)
New client connected with client_fd = 62 (active=59)
New client connected with client_fd = 63 (active=60)
New client connected with client_fd = 64 (active=61)
New client connected with client_fd = 65 (active=62)
New client connected with client_fd = 66 (active=63)
New client connected with client_fd = 67 (active=64)
New client connected with client_fd = 68 (active=65)
New client connected with client_fd = 69 (active=66)
New client connected with client_fd = 70 (active=67)
New client connected with client_fd = 71 (active=68)
New client connected with client_fd = 72 (active=69)
New client connected with client_fd = 73 (active=70)
New client connected with client_fd = 74 (active=71)
New client connected with client_fd = 75 (active=72)
New client connected with client_fd = 76 (active=73)
New client connected with client_fd = 77 (active=74)
New client connected with client_fd = 78 (active=75)
New client connected with client_fd = 79 (active=76)
New client connected with client_fd = 80 (active=77)
New client connected with client_fd = 81 (active=78)
New client connected with client_fd = 82 (active=79)
New client connected with client_fd = 83 (active=80)
New client connected with client_fd = 84 (active=81)
New client connected with client_fd = 85 (active=82)
New client connected with client_fd = 86 (active=83)
New client connected with client_fd = 87 (active=84)
New client connected with client_fd = 88 (active=85)
New client connected with client_fd = 89 (active=86)
New client connected with client_fd = 90 (active=87)
New client connected with client_fd = 91 (active=88)
New client connected with client_fd = 92 (active=89)
New client connected with client_fd = 93 (active=90)
New client connected with client_fd = 94 (active=91)
New client connected with client_fd = 95 (active=92)
New client connected with client_fd = 96 (active=93)
New client connected with client_fd = 97 (active=94)
New client connected with client_fd = 98 (active=95)
New client connected with client_fd = 99 (active=96)
New client connected with client_fd = 100 (active=97)
New client connected with client_fd = 101 (active=98)
New client connected with client_fd = 102 (active=99)
New client connected with client_fd = 103 (active=100)
New client connected with client_fd = 104 (active=101)
New client connected with client_fd = 105 (active=102)
New client connected with client_fd = 106 (active=103)
New client connected with client_fd = 107 (active=104)
New client connected with client_fd = 108 (active=105)
New client connected with client_fd = 109 (active=106)
New client connected with client_fd = 110 (active=107)
New client connected with client_fd = 111 (active=108)
New client connected with client_fd = 112 (active=109)
New client connected with client_fd = 113 (active=110)
New client connected with client_fd = 114 (active=111)
New client connected with client_fd = 115 (active=112)
New client connected with client_fd = 116 (active=113)
New client connected with client_fd = 117 (active=114)
New client connected with client_fd = 118 (active=115)
New client connected with client_fd = 119 (active=116)
New client connected with client_fd = 120 (active=117)
New client connected with client_fd = 121 (active=118)
New client connected with client_fd = 122 (active=119)
New client connected with client_fd = 123 (active=120)
New client connected with client_fd = 124 (active=121)
New client connected with client_fd = 125 (active=122)
New client connected with client_fd = 126 (active=123)
New client connected with client_fd = 127 (active=124)
New client connected with client_fd = 128 (active=125)
New client connected with client_fd = 129 (active=126)
New client connected with client_fd = 130 (active=127)
New client connected with client_fd = 131 (active=128)
New client connected with client_fd = 132 (active=129)
New client connected with client_fd = 133 (active=130)
New client connected with client_fd = 134 (active=131)
New client connected with client_fd = 135 (active=132)
New client connected with client_fd = 136 (active=133)
New client connected with client_fd = 137 (active=134)
New client connected with client_fd = 138 (active=135)
New client connected with client_fd = 139 (active=136)
New client connected with client_fd = 140 (active=137)
New client connected with client_fd = 141 (active=138)
New client connected with client_fd = 142 (active=139)
New client connected with client_fd = 143 (active=140)
New client connected with client_fd = 144 (active=141)
New client connected with client_fd = 145 (active=142)
New client connected with client_fd = 146 (active=143)
New client connected with client_fd = 147 (active=144)
New client connected with client_fd = 148 (active=145)
New client connected with client_fd = 149 (active=146)
New client connected with client_fd = 150 (active=147)
New client connected with client_fd = 151 (active=148)
New client connected with client_fd = 152 (active=149)
New client connected with client_fd = 153 (active=150)
New client connected with client_fd = 154 (active=151)
New client connected with client_fd = 155 (active=152)
New client connected with client_fd = 156 (active=153)
New client connected with client_fd = 157 (active=154)
New client connected with client_fd = 158 (active=155)
New client connected with client_fd = 159 (active=156)
New client connected with client_fd = 160 (active=157)
New client connected with client_fd = 161 (active=158)
New client connected with client_fd = 162 (active=159)
New client connected with client_fd = 163 (active=160)
New client connected with client_fd = 164 (active=161)
New client connected with client_fd = 165 (active=162)
New client connected with client_fd = 166 (active=163)
New client connected with client_fd = 167 (active=164)
New client connected with client_fd = 168 (active=165)
New client connected with client_fd = 169 (active=166)
New client connected with client_fd = 170 (active=167)
New client connected with client_fd = 171 (active=168)
New client connected with client_fd = 172 (active=169)
New client connected with client_fd = 173 (active=170)
New client connected with client_fd = 174 (active=171)
New client connected with client_fd = 175 (active=172)
New client connected with client_fd = 176 (active=173)
New client connected with client_fd = 177 (active=174)
New client connected with client_fd = 178 (active=175)
New client connected with client_fd = 179 (active=176)
New client connected with client_fd = 180 (active=177)
New client connected with client_fd = 181 (active=178)
New client connected with client_fd = 182 (active=179)
New client connected with client_fd = 183 (active=180)
New client connected with client_fd = 184 (active=181)
New client connected with client_fd = 185 (active=182)
New client connected with client_fd = 186 (active=183)
New client connected with client_fd = 187 (active=184)
New client connected with client_fd = 188 (active=185)
New client connected with client_fd = 189 (active=186)
New client connected with client_fd = 190 (active=187)
New client connected with client_fd = 191 (active=188)
New client connected with client_fd = 192 (active=189)
New client connected with client_fd = 193 (active=190)
New client connected with client_fd = 194 (active=191)
New client connected with client_fd = 195 (active=192)
New client connected with client_fd = 196 (active=193)
New client connected with client_fd = 197 (active=194)
New client connected with client_fd = 198 (active=195)
New client connected with client_fd = 199 (active=196)
New client connected with client_fd = 200 (active=197)
New client connected with client_fd = 201 (active=198)
New client connected with client_fd = 202 (active=199)
New client connected with client_fd = 203 (active=200)
New client connected with client_fd = 204 (active=201)
New client connected with client_fd = 205 (active=202)
New client connected with client_fd = 206 (active=203)
New client connected with client_fd = 207 (active=204)
New client connected with client_fd = 208 (active=205)
New client connected with client_fd = 209 (active=206)
New client connected with client_fd = 210 (active=207)
New client connected with client_fd = 211 (active=208)
New client connected with client_fd = 212 (active=209)
New client connected with client_fd = 213 (active=210)
New client connected with client_fd = 214 (active=211)
New client connected with client_fd = 215 (active=212)
New client connected with client_fd = 216 (active=213)
New client connected with client_fd = 217 (active=214)
New client connected with client_fd = 218 (active=215)
New client connected with client_fd = 219 (active=216)
New client connected with client_fd = 220 (active=217)
New client connected with client_fd = 221 (active=218)
New client connected with client_fd = 222 (active=219)
New client connected with client_fd = 223 (active=220)
New client connected with client_fd = 224 (active=221)
New client connected with client_fd = 225 (active=222)
New client connected with client_fd = 226 (active=223)
New client connected with client_fd = 227 (active=224)
New client connected with client_fd = 228 (active=225)
New client connected with client_fd = 229 (active=226)
New client connected with client_fd = 230 (active=227)
New client connected with client_fd = 231 (active=228)
New client connected with client_fd = 232 (active=229)
New client connected with client_fd = 233 (active=230)
New client connected with client_fd = 234 (active=231)
New client connected with client_fd = 235 (active=232)
New client connected with client_fd = 236 (active=233)
New client connected with client_fd = 237 (active=234)
New client connected with client_fd = 238 (active=235)
New client connected with client_fd = 239 (active=236)
New client connected with client_fd = 240 (active=237)
New client connected with client_fd = 241 (active=238)
New client connected with client_fd = 242 (active=239)
New client connected with client_fd = 243 (active=240)
New client connected with client_fd = 244 (active=241)
New client connected with client_fd = 245 (active=242)
New client connected with client_fd = 246 (active=243)
New client connected with client_fd = 247 (active=244)
New client connected with client_fd = 248 (active=245)
New client connected with client_fd = 249 (active=246)
New client connected with client_fd = 250 (active=247)
New client connected with client_fd = 251 (active=248)
New client connected with client_fd = 252 (active=249)
New client connected with client_fd = 253 (active=250)
New client connected with client_fd = 254 (active=251)
New client connected with client_fd = 255 (active=252)
New client connected with client_fd = 256 (active=253)
New client connected with client_fd = 257 (active=254)
New client connected with client_fd = 258 (active=255)
New client connected with client_fd = 259 (active=256)
New client connected with client_fd = 260 (active=257)
New client connected with client_fd = 261 (active=258)
New client connected with client_fd = 262 (active=259)
New client connected with client_fd = 263 (active=260)
New client connected with client_fd = 264 (active=261)
New client connected with client_fd = 265 (active=262)
New client connected with client_fd = 266 (active=263)
New client connected with client_fd = 267 (active=264)
New client connected with client_fd = 268 (active=265)
New client connected with client_fd = 269 (active=266)
New client connected with client_fd = 270 (active=267)
New client connected with client_fd = 271 (active=268)
New client connected with client_fd = 272 (active=269)
New client connected with client_fd = 273 (active=270)
New client connected with client_fd = 274 (active=271)
New client connected with client_fd = 275 (active=272)
New client connected with client_fd = 276 (active=273)
New client connected with client_fd = 277 (active=274)
New client connected with client_fd = 278 (active=275)
New client connected with client_fd = 279 (active=276)
New client connected with client_fd = 280 (active=277)
New client connected with client_fd = 281 (active=278)
New client connected with client_fd = 282 (active=279)
New client connected with client_fd = 283 (active=280)
New client connected with client_fd = 284 (active=281)
New client connected with client_fd = 285 (active=282)
New client connected with client_fd = 286 (active=283)
New client connected with client_fd = 287 (active=284)
New client connected with client_fd = 288 (active=285)
New client connected with client_fd = 289 (active=286)
New client connected with client_fd = 290 (active=287)
New client connected with client_fd = 291 (active=288)
New client connected with client_fd = 292 (active=289)
New client connected with client_fd = 293 (active=290)
New client connected with client_fd = 294 (active=291)
New client connected with client_fd = 295 (active=292)
New client connected with client_fd = 296 (active=293)
New client connected with client_fd = 297 (active=294)
New client connected with client_fd = 298 (active=295)
New client connected with client_fd = 299 (active=296)
New client connected with client_fd = 300 (active=297)
New client connected with client_fd = 301 (active=298)
New client connected with client_fd = 302 (active=299)
New client connected with client_fd = 303 (active=300)
New client connected with client_fd = 304 (active=301)
New client connected with client_fd = 305 (active=302)
New client connected with client_fd = 306 (active=303)
New client connected with client_fd = 307 (active=304)
New client connected with client_fd = 308 (active=305)
New client connected with client_fd = 309 (active=306)
New client connected with client_fd = 310 (active=307)
New client connected with client_fd = 311 (active=308)
New client connected with client_fd = 312 (active=309)
New client connected with client_fd = 313 (active=310)
New client connected with client_fd = 314 (active=311)
New client connected with client_fd = 315 (active=312)
New client connected with client_fd = 316 (active=313)
New client connected with client_fd = 317 (active=314)
New client connected with client_fd = 318 (active=315)
New client connected with client_fd = 319 (active=316)
New client connected with client_fd = 320 (active=317)
New client connected with client_fd = 321 (active=318)
New client connected with client_fd = 322 (active=319)
New client connected with client_fd = 323 (active=320)
New client connected with client_fd = 324 (active=321)
New client connected with client_fd = 325 (active=322)
New client connected with client_fd = 326 (active=323)
New client connected with client_fd = 327 (active=324)
New client connected with client_fd = 328 (active=325)
New client connected with client_fd = 329 (active=326)
New client connected with client_fd = 330 (active=327)
New client connected with client_fd = 331 (active=328)
New client connected with client_fd = 332 (active=329)
New client connected with client_fd = 333 (active=330)
New client connected with client_fd = 334 (active=331)
New client connected with client_fd = 335 (active=332)
New client connected with client_fd = 336 (active=333)
New client connected with client_fd = 337 (active=334)
New client connected with client_fd = 338 (active=335)
New client connected with client_fd = 339 (active=336)
New client connected with client_fd = 340 (active=337)
New client connected with client_fd = 341 (active=338)
New client connected with client_fd = 342 (active=339)
New client connected with client_fd = 343 (active=340)
New client connected with client_fd = 344 (active=341)
New client connected with client_fd = 345 (active=342)
New client connected with client_fd = 346 (active=343)
New client connected with client_fd = 347 (active=344)
New client connected with client_fd = 348 (active=345)
New client connected with client_fd = 349 (active=346)
New client connected with client_fd = 350 (active=347)
New client connected with client_fd = 351 (active=348)
New client connected with client_fd = 352 (active=349)
New client connected with client_fd = 353 (active=350)
New client connected with client_fd = 354 (active=351)
New client connected with client_fd = 355 (active=352)
New client connected with client_fd = 356 (active=353)
New client connected with client_fd = 357 (active=354)
New client connected with client_fd = 358 (active=355)
New client connected with client_fd = 359 (active=356)
New client connected with client_fd = 360 (active=357)
New client connected with client_fd = 361 (active=358)
New client connected with client_fd = 362 (active=359)
New client connected with client_fd = 363 (active=360)
New client connected with client_fd = 364 (active=361)
New client connected with client_fd = 365 (active=362)
New client connected with client_fd = 366 (active=363)
New client connected with client_fd = 367 (active=364)
New client connected with client_fd = 368 (active=365)
New client connected with client_fd = 369 (active=366)
New client connected with client_fd = 370 (active=367)
New client connected with client_fd = 371 (active=368)
New client connected with client_fd = 372 (active=369)
New client connected with client_fd = 373 (active=370)
New client connected with client_fd = 374 (active=371)
New client connected with client_fd = 375 (active=372)
New client connected with client_fd = 376 (active=373)
New client connected with client_fd = 377 (active=374)
New client connected with client_fd = 378 (active=375)
New client connected with client_fd = 379 (active=376)
New client connected with client_fd = 380 (active=377)
New client connected with client_fd = 381 (active=378)
New client connected with client_fd = 382 (active=379)
New client connected with client_fd = 383 (active=380)
New client connected with client_fd = 384 (active=381)
New client connected with client_fd = 385 (active=382)
New client connected with client_fd = 386 (active=383)
New client connected with client_fd = 387 (active=384)
New client connected with client_fd = 388 (active=385)
New client connected with client_fd = 389 (active=386)
New client connected with client_fd = 390 (active=387)
New client connected with client_fd = 391 (active=388)
New client connected with client_fd = 392 (active=389)
New client connected with client_fd = 393 (active=390)
New client connected with client_fd = 394 (active=391)
New client connected with client_fd = 395 (active=392)
New client connected with client_fd = 396 (active=393)
New client connected with client_fd = 397 (active=394)
New client connected with client_fd = 398 (active=395)
New client connected with client_fd = 399 (active=396)
New client connected with client_fd = 400 (active=397)
New client connected with client_fd = 401 (active=398)
New client connected with client_fd = 402 (active=399)
New client connected with client_fd = 403 (active=400)
New client connected with client_fd = 404 (active=401)
New client connected with client_fd = 405 (active=402)
New client connected with client_fd = 406 (active=403)
New client connected with client_fd = 407 (active=404)
New client connected with client_fd = 408 (active=405)
New client connected with client_fd = 409 (active=406)
New client connected with client_fd = 410 (active=407)
New client connected with client_fd = 411 (active=408)
New client connected with client_fd = 412 (active=409)
New client connected with client_fd = 413 (active=410)
New client connected with client_fd = 414 (active=411)
New client connected with client_fd = 415 (active=412)
New client connected with client_fd = 416 (active=413)
New client connected with client_fd = 417 (active=414)
New client connected with client_fd = 418 (active=415)
New client connected with client_fd = 419 (active=416)
New client connected with client_fd = 420 (active=417)
New client connected with client_fd = 421 (active=418)
New client connected with client_fd = 422 (active=419)
New client connected with client_fd = 423 (active=420)
New client connected with client_fd = 424 (active=421)
New client connected with client_fd = 425 (active=422)
New client connected with client_fd = 426 (active=423)
New client connected with client_fd = 427 (active=424)
New client connected with client_fd = 428 (active=425)
New client connected with client_fd = 429 (active=426)
New client connected with client_fd = 430 (active=427)
New client connected with client_fd = 431 (active=428)
New client connected with client_fd = 432 (active=429)
New client connected with client_fd = 433 (active=430)
New client connected with client_fd = 434 (active=431)
New client connected with client_fd = 435 (active=432)
New client connected with client_fd = 436 (active=433)
New client connected with client_fd = 437 (active=434)
New client connected with client_fd = 438 (active=435)
New client connected with client_fd = 439 (active=436)
New client connected with client_fd = 440 (active=437)
New client connected with client_fd = 441 (active=438)
New client connected with client_fd = 442 (active=439)
New client connected with client_fd = 443 (active=440)
New client connected with client_fd = 444 (active=441)
New client connected with client_fd = 445 (active=442)
New client connected with client_fd = 446 (active=443)
New client connected with client_fd = 447 (active=444)
New client connected with client_fd = 448 (active=445)
New client connected with client_fd = 449 (active=446)
New client connected with client_fd = 450 (active=447)
New client connected with client_fd = 451 (active=448)
New client connected with client_fd = 452 (active=449)
New client connected with client_fd = 453 (active=450)
New client connected with client_fd = 454 (active=451)
New client connected with client_fd = 455 (active=452)
New client connected with client_fd = 456 (active=453)
New client connected with client_fd = 457 (active=454)
New client connected with client_fd = 458 (active=455)
New client connected with client_fd = 459 (active=456)
New client connected with client_fd = 460 (active=457)
New client connected with client_fd = 461 (active=458)
New client connected with client_fd = 462 (active=459)
New client connected with client_fd = 463 (active=460)
New client connected with client_fd = 464 (active=461)
New client connected with client_fd = 465 (active=462)
New client connected with client_fd = 466 (active=463)
New client connected with client_fd = 467 (active=464)
New client connected with client_fd = 468 (active=465)
New client connected with client_fd = 469 (active=466)
New client connected with client_fd = 470 (active=467)
New client connected with client_fd = 471 (active=468)
New client connected with client_fd = 472 (active=469)
New client connected with client_fd = 473 (active=470)
New client connected with client_fd = 474 (active=471)
New client connected with client_fd = 475 (active=472)
New client connected with client_fd = 476 (active=473)
New client connected with client_fd = 477 (active=474)
New client connected with client_fd = 478 (active=475)
New client connected with client_fd = 479 (active=476)
New client connected with client_fd = 480 (active=477)
New client connected with client_fd = 481 (active=478)
New client connected with client_fd = 482 (active=479)
New client connected with client_fd = 483 (active=480)
New client connected with client_fd = 484 (active=481)
New client connected with client_fd = 485 (active=482)
New client connected with client_fd = 486 (active=483)
New client connected with client_fd = 487 (active=484)
New client connected with client_fd = 488 (active=485)
New client connected with client_fd = 489 (active=486)
New client connected with client_fd = 490 (active=487)
New client connected with client_fd = 491 (active=488)
New client connected with client_fd = 492 (active=489)
New client connected with client_fd = 493 (active=490)
New client connected with client_fd = 494 (active=491)
New client connected with client_fd = 495 (active=492)
New client connected with client_fd = 496 (active=493)
New client connected with client_fd = 497 (active=494)
New client connected with client_fd = 498 (active=495)
New client connected with client_fd = 499 (active=496)
New client connected with client_fd = 500 (active=497)
New client connected with client_fd = 501 (active=498)
New client connected with client_fd = 502 (active=499)
New client connected with client_fd = 503 (active=500)
New client connected with client_fd = 504 (active=501)
New client connected with client_fd = 505 (active=502)
New client connected with client_fd = 506 (active=503)
New client connected with client_fd = 507 (active=504)
New client connected with client_fd = 508 (active=505)
New client connected with client_fd = 509 (active=506)
New client connected with client_fd = 510 (active=507)
New client connected with client_fd = 511 (active=508)
New client connected with client_fd = 512 (active=509)
New client connected with client_fd = 513 (active=510)
New client connected with client_fd = 514 (active=511)
New client connected with client_fd = 515 (active=512)
New client connected with client_fd = 516 (active=513)
New client connected with client_fd = 517 (active=514)
New client connected with client_fd = 518 (active=515)
New client connected with client_fd = 519 (active=516)
New client connected with client_fd = 520 (active=517)
New client connected with client_fd = 521 (active=518)
New client connected with client_fd = 522 (active=519)
New client connected with client_fd = 523 (active=520)
New client connected with client_fd = 524 (active=521)
New client connected with client_fd = 525 (active=522)
New client connected with client_fd = 526 (active=523)
New client connected with client_fd = 527 (active=524)
New client connected with client_fd = 528 (active=525)
New client connected with client_fd = 529 (active=526)
New client connected with client_fd = 530 (active=527)
New client connected with client_fd = 531 (active=528)
New client connected with client_fd = 532 (active=529)
New client connected with client_fd = 533 (active=530)
New client connected with client_fd = 534 (active=531)
New client connected with client_fd = 535 (active=532)
New client connected with client_fd = 536 (active=533)
New client connected with client_fd = 537 (active=534)
New client connected with client_fd = 538 (active=535)
New client connected with client_fd = 539 (active=536)
New client connected with client_fd = 540 (active=537)
New client connected with client_fd = 541 (active=538)
New client connected with client_fd = 542 (active=539)
New client connected with client_fd = 543 (active=540)
New client connected with client_fd = 544 (active=541)
New client connected with client_fd = 545 (active=542)
New client connected with client_fd = 546 (active=543)
New client connected with client_fd = 547 (active=544)
New client connected with client_fd = 548 (active=545)
New client connected with client_fd = 549 (active=546)
New client connected with client_fd = 550 (active=547)
New client connected with client_fd = 551 (active=548)
New client connected with client_fd = 552 (active=549)
New client connected with client_fd = 553 (active=550)
New client connected with client_fd = 554 (active=551)
New client connected with client_fd = 555 (active=552)
New client connected with client_fd = 556 (active=553)
New client connected with client_fd = 557 (active=554)
New client connected with client_fd = 558 (active=555)
New client connected with client_fd = 559 (active=556)
New client connected with client_fd = 560 (active=557)
New client connected with client_fd = 561 (active=558)
New client connected with client_fd = 562 (active=559)
New client connected with client_fd = 563 (active=560)
New client connected with client_fd = 564 (active=561)
New client connected with client_fd = 565 (active=562)
New client connected with client_fd = 566 (active=563)
New client connected with client_fd = 567 (active=564)
New client connected with client_fd = 568 (active=565)
New client connected with client_fd = 569 (active=566)
New client connected with client_fd = 570 (active=567)
New client connected with client_fd = 571 (active=568)
New client connected with client_fd = 572 (active=569)
New client connected with client_fd = 573 (active=570)
New client connected with client_fd = 574 (active=571)
New client connected with client_fd = 575 (active=572)
New client connected with client_fd = 576 (active=573)
New client connected with client_fd = 577 (active=574)
New client connected with client_fd = 578 (active=575)
New client connected with client_fd = 579 (active=576)
New client connected with client_fd = 580 (active=577)
New client connected with client_fd = 581 (active=578)
New client connected with client_fd = 582 (active=579)
New client connected with client_fd = 583 (active=580)
New client connected with client_fd = 584 (active=581)
New client connected with client_fd = 585 (active=582)
New client connected with client_fd = 586 (active=583)
New client connected with client_fd = 587 (active=584)
New client connected with client_fd = 588 (active=585)
New client connected with client_fd = 589 (active=586)
New client connected with client_fd = 590 (active=587)
New client connected with client_fd = 591 (active=588)
New client connected with client_fd = 592 (active=589)
New client connected with client_fd = 593 (active=590)
New client connected with client_fd = 594 (active=591)
New client connected with client_fd = 595 (active=592)
New client connected with client_fd = 596 (active=593)
New client connected with client_fd = 597 (active=594)
New client connected with client_fd = 598 (active=595)
New client connected with client_fd = 599 (active=596)
New client connected withOutbound buffer overflow on client_fd 109
Outbound buffer overflow on client_fd 110
Outbound buffer overflow on client_fd 111
Outbound buffer overflow on client_fd 133
Outbound buffer overflow on client_fd 134
Outbound buffer overflow on client_fd 135
Outbound buffer overflow on client_fd 136
Outbound buffer overflow on client_fd 137
Outbound buffer overflow on client_fd 168
Outbound buffer overflow on client_fd 169
Outbound buffer overflow on client_fd 170
Outbound buffer overflow on client_fd 171
Outbound buffer overflow on client_fd 209
Outbound buffer overflow on client_fd 210
Outbound buffer overflow on client_fd 213
Outbound buffer overflow on client_fd 214
Outbound buffer overflow on client_fd 248
Outbound buffer overflow on client_fd 249
Outbound buffer overflow on client_fd 251
Outbound buffer overflow on client_fd 252
Outbound buffer overflow on client_fd 253
Outbound buffer overflow on client_fd 254
Outbound buffer overflow on client_fd 255
Outbound buffer overflow on client_fd 256
Outbound buffer overflow on client_fd 257
Outbound buffer overflow on client_fd 258
Outbound buffer overflow on client_fd 308
Outbound buffer overflow on client_fd 309
Outbound buffer overflow on client_fd 347
Outbound buffer overflow on client_fd 348
Outbound buffer overflow on client_fd 349
Outbound buffer overflow on client_fd 350
Outbound buffer overflow on client_fd 7
Outbound buffer overflow on client_fd 25
Outbound buffer overflow on client_fd 28
Outbound buffer overflow on client_fd 33
Outbound buffer overflow on client_fd 50
Outbound buffer overflow on client_fd 51
Outbound buffer overflow on client_fd 60
Outbound buffer overflow on client_fd 61
Outbound buffer overflow on client_fd 75
Outbound buffer overflow on client_fd 76
Outbound buffer overflow on client_fd 86
Outbound buffer overflow on client_fd 90
Outbound buffer overflow on client_fd 91
Outbound buffer overflow on client_fd 138
Outbound buffer overflow on client_fd 172
Outbound buffer overflow on client_fd 173
Outbound buffer overflow on client_fd 215
Outbound buffer overflow on client_fd 216
Outbound buffer overflow on client_fd 259
Outbound buffer overflow on client_fd 260
Outbound buffer overflow on client_fd 261
Outbound buffer overflow on client_fd 310
Outbound buffer overflow on client_fd 311
Outbound buffer overflow on client_fd 312
Outbound buffer overflow on client_fd 313
Outbound buffer overflow on client_fd 317
Outbound buffer overflow on client_fd 318
Outbound buffer overflow on client_fd 336
Outbound buffer overflow on client_fd 337
Outbound buffer overflow on client_fd 439
Outbound buffer overflow on client_fd 440
Outbound buffer overflow on client_fd 441
Outbound buffer overflow on client_fd 442
Outbound buffer overflow on client_fd 443
Outbound buffer overflow on client_fd 444
Outbound buffer overflow on client_fd 445
Outbound buffer overflow on client_fd 446
Outbound buffer overflow on client_fd 447
Outbound buffer overflow on client_fd 448
Outbound buffer overflow on client_fd 449
Outbound buffer overflow on client_fd 450
Outbound buffer overflow on client_fd 451
Outbound buffer overflow on client_fd 452
Outbound buffer overflow on client_fd 453
Outbound buffer overflow on client_fd 454
Outbound buffer overflow on client_fd 455
Outbound buffer overflow on client_fd 456
Outbound buffer overflow on client_fd 457
Outbound buffer overflow on client_fd 458
Outbound buffer overflow on client_fd 459
Outbound buffer overflow on client_fd 460
Outbound buffer overflow on client_fd 461
Outbound buffer overflow on client_fd 462
Outbound buffer overflow on client_fd 463
Outbound buffer overflow on client_fd 464
Outbound buffer overflow on client_fd 465
Outbound buffer overflow on client_fd 466
Outbound buffer overflow on client_fd 467
Outbound buffer overflow on client_fd 468
Outbound buffer overflow on client_fd 469
Outbound buffer overflow on client_fd 470
Outbound buffer overflow on client_fd 471
Outbound buffer overflow on client_fd 472
Outbound buffer overflow on client_fd 473
Outbound buffer overflow on client_fd 474
Outbound buffer overflow on client_fd 475
Outbound buffer overflow on client_fd 476
Outbound buffer overflow on client_fd 477
Outbound buffer overflow on client_fd 478
Outbound buffer overflow on client_fd 479
Outbound buffer overflow on client_fd 480
Outbound buffer overflow on client_fd 481
Outbound buffer overflow on client_fd 482
Outbound buffer overflow on client_fd 483
Outbound buffer overflow on client_fd 484
Outbound buffer overflow on client_fd 485
Outbound buffer overflow on client_fd 486
Outbound buffer overflow on client_fd 487
Outbound buffer overflow on client_fd 488
Outbound buffer overflow on client_fd 489
Outbound buffer overflow on client_fd 490
Outbound buffer overflow on client_fd 491
Outbound buffer overflow on client_fd 492
Outbound buffer overflow on client_fd 493
Outbound buffer overflow on client_fd 494
Outbound buffer overflow on client_fd 495
Outbound buffer overflow on client_fd 496
Outbound buffer overflow on client_fd 497
Outbound buffer overflow on client_fd 498
Outbound buffer overflow on client_fd 499
 client_fd = 600 (active=597)
New client connected with client_fd = 601 (active=598)
New client connected with client_fd = 602 (active=599)
New client connected with client_fd = 603 (active=600)
New client connected with client_fd = 604 (active=601)
New client connected with client_fd = 605 (active=602)
New client connected with client_fd = 606 (active=603)
New client connected with client_fd = 607 (active=604)
New client connected with client_fd = 608 (active=605)
New client connected with client_fd = 609 (active=606)
New client connected with client_fd = 610 (active=607)
New client connected with client_fd = 611 (active=608)
New client connected with client_fd = 612 (active=609)
New client connected with client_fd = 613 (active=610)
New client connected with client_fd = 614 (active=611)
New client connected with client_fd = 615 (active=612)
New client connected with client_fd = 616 (active=613)
New client connected with client_fd = 617 (active=614)
New client connected with client_fd = 618 (active=615)
New client connected with client_fd = 619 (active=616)
New client connected with client_fd = 620 (active=617)
New client connected with client_fd = 621 (active=618)
New client connected with client_fd = 622 (active=619)
New client connected with client_fd = 623 (active=620)
New client connected with client_fd = 624 (active=621)
New client connected with client_fd = 625 (active=622)
New client connected with client_fd = 626 (active=623)
New client connected with client_fd = 627 (active=624)
New client connected with client_fd = 628 (active=625)
New client connected with client_fd = 629 (active=626)
New client connected with client_fd = 630 (active=627)
New client connected with client_fd = 631 (active=628)
New client connected with client_fd = 632 (active=629)
New client connected with client_fd = 633 (active=630)
New client connected with client_fd = 634 (active=631)
New client connected with client_fd = 635 (active=632)
New client connected with client_fd = 636 (active=633)
New client connected with client_fd = 637 (active=634)
New client connected with client_fd = 638 (active=635)
New client connected with client_fd = 639 (active=636)
New client connected with client_fd = 640 (active=637)
New client connected with client_fd = 641 (active=638)
New client connected with client_fd = 642 (active=639)
New client connected with client_fd = 643 (active=640)
New client connected with client_fd = 644 (active=641)
New client connected with client_fd = 645 (active=642)
New client connected with client_fd = 646 (active=643)
New client connected with client_fd = 647 (active=644)
New client connected with client_fd = 648 (active=645)
New client connected with client_fd = 649 (active=646)
New client connected with client_fd = 650 (active=647)
New client connected with client_fd = 651 (active=648)
New client connected with client_fd = 652 (active=649)
New client connected with client_fd = 653 (active=650)
New client connected with client_fd = 654 (active=651)
New client connected with client_fd = 655 (active=652)
New client connected with client_fd = 656 (active=653)
New client connected with client_fd = 657 (active=654)
New client connected with client_fd = 658 (active=655)
New client connected with client_fd = 659 (active=656)
New client connected with client_fd = 660 (active=657)
New client connected with client_fd = 661 (active=658)
New client connected with client_fd = 662 (active=659)
New client connected with client_fd = 663 (active=660)
New client connected with client_fd = 664 (active=661)
New client connected with client_fd = 665 (active=662)
New client connected with client_fd = 666 (active=663)
New client connected with client_fd = 667 (active=664)
New client connected with client_fd = 109 (active=633)
New client connected with client_fd = 110 (active=634)
New client connected with client_fd = 111 (active=635)
New client connected with client_fd = 133 (active=636)
New client connected with client_fd = 134 (active=637)
New client connected with client_fd = 135 (active=638)
New client connected with client_fd = 7 (active=549Outbound buffer overflow on client_fd 30
Outbound buffer overflow on client_fd 31
Outbound buffer overflow on client_fd 39
Outbound buffer overflow on client_fd 40
Outbound buffer overflow on client_fd 47
Outbound buffer overflow on client_fd 48
Outbound buffer overflow on client_fd 58
Outbound buffer overflow on client_fd 62
Outbound buffer overflow on client_fd 63
Outbound buffer overflow on client_fd 92
Outbound buffer overflow on client_fd 93
Outbound buffer overflow on client_fd 94
Outbound buffer overflow on client_fd 95
Outbound buffer overflow on client_fd 112
Outbound buffer overflow on client_fd 113
Outbound buffer overflow on client_fd 114
Outbound buffer overflow on client_fd 115
Outbound buffer overflow on client_fd 116
Outbound buffer overflow on client_fd 117
Outbound buffer overflow on client_fd 131
Outbound buffer overflow on client_fd 132
Outbound buffer overflow on client_fd 164
Outbound buffer overflow on client_fd 187
Outbound buffer overflow on client_fd 188
Outbound buffer overflow on client_fd 234
Outbound buffer overflow on client_fd 235
Outbound buffer overflow on client_fd 267
Outbound buffer overflow on client_fd 268
Outbound buffer overflow on client_fd 269
Outbound buffer overflow on client_fd 270
Outbound buffer overflow on client_fd 271
Outbound buffer overflow on client_fd 272
Outbound buffer overflow on client_fd 273
Outbound buffer overflow on client_fd 274
Outbound buffer overflow on client_fd 275
Outbound buffer overflow on client_fd 276
Outbound buffer overflow on client_fd 277
Outbound buffer overflow on client_fd 278
Outbound buffer overflow on client_fd 279
Outbound buffer overflow on client_fd 280
Outbound buffer overflow on client_fd 281
Outbound buffer overflow on client_fd 282
Outbound buffer overflow on client_fd 283
Outbound buffer overflow on client_fd 288
Outbound buffer overflow on client_fd 289
Outbound buffer overflow on client_fd 290
Outbound buffer overflow on client_fd 314
Outbound buffer overflow on client_fd 315
Outbound buffer overflow on client_fd 316
Outbound buffer overflow on client_fd 319
Outbound buffer overflow on client_fd 320
Outbound buffer overflow on client_fd 321
Outbound buffer overflow on client_fd 322
Outbound buffer overflow on client_fd 88
Outbound buffer overflow on client_fd 153
Outbound buffer overflow on client_fd 154
Outbound buffer overflow on client_fd 208
Outbound buffer overflow on client_fd 239
Outbound buffer overflow on client_fd 240
Outbound buffer overflow on client_fd 323
Outbound buffer overflow on client_fd 324
Outbound buffer overflow on client_fd 425
Outbound buffer overflow on client_fd 426
Outbound buffer overflow on client_fd 427
Outbound buffer overflow on client_fd 428
Outbound buffer overflow on client_fd 429
Outbound buffer overflow on client_fd 430
Outbound buffer overflow on client_fd 431
Outbound buffer overflow on client_fd 432
Outbound buffer overflow on client_fd 433
Outbound buffer overflow on client_fd 434
Outbound buffer overflow on client_fd 79
Outbound buffer overflow on client_fd 99
Outbound buffer overflow on client_fd 100
Outbound buffer overflow on client_fd 123
Outbound buffer overflow on client_fd 124
Outbound buffer overflow on client_fd 192
Outbound buffer overflow on client_fd 193
Outbound buffer overflow on client_fd 212
Outbound buffer overflow on client_fd 241
Outbound buffer overflow on client_fd 242
Outbound buffer overflow on client_fd 250
Outbound buffer overflow on client_fd 297
Outbound buffer overflow on client_fd 298
Outbound buffer overflow on client_fd 299
Outbound buffer overflow on client_fd 300
Outbound buffer overflow on client_fd 325
Outbound buffer overflow on client_fd 326
Outbound buffer overflow on client_fd 327
Outbound buffer overflow on client_fd 328
Outbound buffer overflow on client_fd 329
Outbound buffer overflow on client_fd 8
Outbound buffer overflow on client_fd 26
Outbound buffer overflow on client_fd 43
Outbound buffer overflow on client_fd 44
Outbound buffer overflow on client_fd 54
Outbound buffer overflow on client_fd 67
Outbound buffer overflow on client_fd 80
Outbound buffer overflow on client_fd 81
Outbound buffer overflow on client_fd 83
Outbound buffer overflow on client_fd 155
Outbound buffer overflow on client_fd 156
Outbound buffer overflow on client_fd 194
Outbound buffer overflow on client_fd 195
Outbound buffer overflow on client_fd 243
Outbound buffer overflow on client_fd 244
Outbound buffer overflow on client_fd 330
Outbound buffer overflow on client_fd 331
Outbound buffer overflow on client_fd 332
Outbound buffer overflow on client_fd 333
Outbound buffer overflow on client_fd 13
Outbound buffer overflow on client_fd 19
Outbound buffer overflow on client_fd 34
Outbound buffer overflow on client_fd 55
Outbound buffer overflow on client_fd 82
Outbound buffer overflow on client_fd 125
Outbound buffer overflow on client_fd 126
Outbound buffer overflow on client_fd 157
Outbound buffer overflow on client_fd 158
Outbound buffer overflow on client_fd 196
Outbound buffer overflow on client_fd 197
Outbound buffer overflow on client_fd 245
Outbound buffer overflow on client_fd 246
Outbound buffer overflow on client_fd 247
Outbound buffer overflow on client_fd 4
Outbound buffer overflow on client_fd 9
Outbound buffer overflow on client_fd 14
Outbound buffer overflow on client_fd 22
Outbound buffer overflow on client_fd 27
Outbound buffer overflow on client_fd 49
Outbound buffer overflow on client_fd 68
Outbound buffer overflow on client_fd 74
Outbound buffer overflow on client_fd 101
Outbound buffer overflow on client_fd 139
Outbound buffer overflow on client_fd 140
Outbound buffer overflow on client_fd 141
Outbound buffer overflow on client_fd 142
Outbound buffer overflow on client_fd 143
Outbound buffer overflow on client_fd 144
Outbound buffer overflow on client_fd 145
Outbound buffer overflow on client_fd 198
Outbound buffer overflow on client_fd 199
Outbound buffer overflow on client_fd 338
Outbound buffer overflow on client_fd 339
Outbound buffer overflow on client_fd 340
Outbound buffer overflow on client_fd 341
Outbound buffer overflow on client_fd 342
Outbound buffer overflow on client_fd 343
Outbound buffer overflow on client_fd 344
Outbound buffer overflow on client_fd 345
Outbound buffer overflow on client_fd 346
Outbound buffer overflow on client_fd 10
Outbound buffer overflow on client_fd 20
Outbound buffer overflow on client_fd 102
Outbound buffer overflow on client_fd 127
Outbound buffer overflow on client_fd 128
Outbound buffer overflow on client_fd 159
Outbound buffer overflow on client_fd 160
Outbound buffer overflow on client_fd 200
Outbound buffer overflow on client_fd 201
Outbound buffer overflow on client_fd 35
Outbound buffer overflow on client_fd 36
Outbound buffer overflow on client_fd 56
Outbound buffer overflow on client_fd 85
Outbound buffer overflow on client_fd 103
Outbound buffer overflow on client_fd 129
Outbound buffer overflow on client_fd 130
Outbound buffer overflow on client_fd 161
Outbound buffer overflow on client_fd 162
Outbound buffer overflow on client_fd 163
Outbound buffer overflow on client_fd 202
Outbound buffer overflow on client_fd 203
Outbound buffer overflow on client_fd 236
Outbound buffer overflow on client_fd 237
Outbound buffer overflow on client_fd 238
Outbound buffer overflow on client_fd 15
Outbound buffer overflow on client_fd 46
Outbound buffer overflow on client_fd 57
Outbound buffer overflow on client_fd 69
Outbound buffer overflow on client_fd 84
Outbound buffer overflow on client_fd 104
Outbound buffer overflow on client_fd 11
Outbound buffer overflow on client_fd 45
Outbound buffer overflow on client_fd 70
Outbound buffer overflow on client_fd 87
Outbound buffer overflow on client_fd 165
Outbound buffer overflow on client_fd 204
Outbound buffer overflow on client_fd 205
Outbound buffer overflow on client_fd 206
Outbound buffer overflow on client_fd 6
Outbound buffer overflow on client_fd 16
Outbound buffer overflow on client_fd 166
Outbound buffer overflow on client_fd 167
Outbound buffer overflow on client_fd 207
Outbound buffer overflow on client_fd 29
Outbound buffer overflow on client_fd 38
Outbound buffer overflow on client_fd 105
Outbound buffer overflow on client_fd 106
Outbound buffer overflow on client_fd 107
Outbound buffer overflow on client_fd 211
Outbound buffer overflow on client_fd 367
Outbound buffer overflow on client_fd 368
Outbound buffer overflow on client_fd 369
Outbound buffer overflow on client_fd 370
Outbound buffer overflow on client_fd 371
Outbound buffer overflow on client_fd 372
Outbound buffer overflow on client_fd 373
Outbound buffer overflow on client_fd 374
Outbound buffer overflow on client_fd 375
Outbound buffer overflow on client_fd 376
Outbound buffer overflow on client_fd 377
Outbound buffer overflow on client_fd 378
Outbound buffer overflow on client_fd 379
Outbound buffer overflow on client_fd 380
Outbound buffer overflow on client_fd 381
Outbound buffer overflow on client_fd 382
Outbound buffer overflow on client_fd 383
Outbound buffer overflow on client_fd 384
Outbound buffer overflow on client_fd 385
Outbound buffer overflow on client_fd 386
Outbound buffer overflow on client_fd 387
Outbound buffer overflow on client_fd 388
Outbound buffer overflow on client_fd 389
Outbound buffer overflow on client_fd 390
Outbound buffer overflow on client_fd 391
Outbound buffer overflow on client_fd 392
Outbound buffer overflow on client_fd 393
Outbound buffer overflow on client_fd 394
Outbound buffer overflow on client_fd 37
Outbound buffer overflow on client_fd 59
Outbound buffer overflow on client_fd 108
Outbound buffer overflow on client_fd 410
Outbound buffer overflow on client_fd 409
Outbound buffer overflow on client_fd 408
Outbound buffer overflow on client_fd 407
Outbound buffer overflow on client_fd 395
Outbound buffer overflow on client_fd 396
Outbound buffer overflow on client_fd 397
Outbound buffer overflow on client_fd 398
Outbound buffer overflow on client_fd 399
Outbound buffer overflow on client_fd 400
Outbound buffer overflow on client_fd 401
Outbound buffer overflow on client_fd 402
Outbound buffer overflow on client_fd 403
Outbound buffer overflow on client_fd 404
Outbound buffer overflow on client_fd 405
Outbound buffer overflow on client_fd 406
)
New client connected with client_fd = 25 (active=550)
New client connected with client_fd = 28 (active=551)
New client connected with client_fd = 33 (active=552)
New client connected with client_fd = 50 (active=553)
New client connected with client_fd = 51 (active=554)
New client connected with client_fd = 60 (active=555)
New client connected with client_fd = 61 (active=556)
New client connected with client_fd = 75 (active=557)
New client connected with client_fd = 30 (active=505)
New client connected with client_fd = 31 (active=506)
New client connected with client_fd = 39 (active=507)
New client connected with client_fd = 40 (active=508)
New client connected with client_fd = 47 (active=509)
New client connected with client_fd = 48 (active=510)
New client connected with client_fd = 58 (active=511)
New client connected with client_fd = 62 (active=512)
New client connected with client_fd = 63 (active=513)
New client connected with client_fd = 76 (active=496)
New client connected with client_fd = 86 (active=497)
New client connected with client_fd = 88 (active=498)
New client connected with client_fd = 90 (active=499)
New client connected with client_fd = 91 (active=500)
New client connected with client_fd = 92 (active=501)
New client connected with client_fd = 79 (active=482)
New client connected with client_fd = 93 (active=483)
New client connected with client_fd = 94 (active=484)
New client connected with client_fd = 95 (active=485)
New client connected with client_fd = 99 (active=486)
New client connected with client_fd = 8 (active=468)
New client connected with client_fd = 26 (active=469)
New client connected with client_fd = 43 (active=470)
New client connected with client_fd = 44 (active=471)
New client connected with client_fd = 54 (active=472)
New client connected with client_fd = 67 (active=473)
New client connected with client_fd = 13 (active=460)
New client connected with client_fd = 19 (active=461)
New client connected with client_fd = 34 (active=462)
New client connected with client_fd = 55 (active=463)
New client connected with client_fd = 80 (active=464)
New client connected with client_fd = 81 (active=465)
New client connected with client_fd = 4 (active=439)
New client connected with client_fd = 9 (active=440)
New client connected with client_fd = 14 (active=441)
New client connected with client_fd = 22 (active=442)
New client connected with client_fd = 27 (active=443)
New client connected with client_fd = 49 (active=444)
New client connected with client_fd = 68 (active=445)
New client connected with client_fd = 10 (active=437)
New client connected with client_fd = 20 (active=438)
New client connected with client_fd = 74 (active=439)
New client connected with client_fd = 82 (active=440)
New client connected with client_fd = 35 (active=426)
New client connected with client_fd = 36 (active=427)
New client connected with client_fd = 56 (active=428)
New client connected with client_fd = 83 (active=429)
New client connected with client_fd = 85 (active=430)
New client connected with client_fd = 15 (active=425)
New client connected with client_fd = 46 (active=426)
New client connected with client_fd = 57 (active=427)
New client connected with client_fd = 69 (active=428)
New client connected with client_fd = 84 (active=429)
New client connected with client_fd = 11 (active=422)
New client connected with client_fd = 45 (active=423)
New client connected with client_fd = 70 (active=424)
New client connected with client_fd = 6 (active=420)
New client connected with client_fd = 16 (active=421)
New client connected with client_fd = 87 (active=422)
New client connected with client_fd = 100 (active=423)
New client connected with client_fd = 101 (active=424)
New client connected with client_fd = 29 (active=391)
New client connected with client_fd = 38 (active=392)
New client connected with client_fd = 102 (active=393)
New client connected with client_fd = 103 (active=394)
New client connected with client_fd = 104 (active=395)
New client connected with client_fd = 105 (active=396)
New client connected with client_fd = 37 (Outbound buffer overflow on client_fd 71
Outbound buffer overflow on client_fd 72
Outbound buffer overflow on client_fd 413
Outbound buffer overflow on client_fd 411
Outbound buffer overflow on client_fd 89
Outbound buffer overflow on client_fd 284
Outbound buffer overflow on client_fd 285
Outbound buffer overflow on client_fd 286
Outbound buffer overflow on client_fd 287
Outbound buffer overflow on client_fd 420
Outbound buffer overflow on client_fd 417
Outbound buffer overflow on client_fd 416
Outbound buffer overflow on client_fd 415
Outbound buffer overflow on client_fd 414
Outbound buffer overflow on client_fd 424
Outbound buffer overflow on client_fd 423
Outbound buffer overflow on client_fd 422
Outbound buffer overflow on client_fd 291
Outbound buffer overflow on client_fd 292
Outbound buffer overflow on client_fd 294
Outbound buffer overflow on client_fd 421
Outbound buffer overflow on client_fd 592
Outbound buffer overflow on client_fd 593
Outbound buffer overflow on client_fd 594
Outbound buffer overflow on client_fd 293
Outbound buffer overflow on client_fd 438
Outbound buffer overflow on client_fd 437
Outbound buffer overflow on client_fd 436
Outbound buffer overflow on client_fd 435
Outbound buffer overflow on client_fd 605
Outbound buffer overflow on client_fd 606
Outbound buffer overflow on client_fd 607
Outbound buffer overflow on client_fd 610
Outbound buffer overflow on client_fd 611
Outbound buffer overflow on client_fd 504
Outbound buffer overflow on client_fd 73
Outbound buffer overflow on client_fd 535
Outbound buffer overflow on client_fd 534
Outbound buffer overflow on client_fd 533
Outbound buffer overflow on client_fd 532
Outbound buffer overflow on client_fd 21
Outbound buffer overflow on client_fd 552
Outbound buffer overflow on client_fd 551
Outbound buffer overflow on client_fd 553
Outbound buffer overflow on client_fd 590
Outbound buffer overflow on client_fd 591
Outbound buffer overflow on client_fd 601
Outbound buffer overflow on client_fd 602
Outbound buffer overflow on client_fd 597
Outbound buffer overflow on client_fd 598
Outbound buffer overflow on client_fd 571
Outbound buffer overflow on client_fd 572
Outbound buffer overflow on client_fd 599
Outbound buffer overflow on client_fd 600
Outbound buffer overflow on client_fd 603
Outbound buffer overflow on client_fd 604
Outbound buffer overflow on client_fd 42
Outbound buffer overflow on client_fd 52
Outbound buffer overflow on client_fd 53
Outbound buffer overflow on client_fd 228
Outbound buffer overflow on client_fd 229
Outbound buffer overflow on client_fd 578
Outbound buffer overflow on client_fd 146
Outbound buffer overflow on client_fd 147
Outbound buffer overflow on client_fd 148
Outbound buffer overflow on client_fd 183
Outbound buffer overflow on client_fd 184
Outbound buffer overflow on client_fd 230
Outbound buffer overflow on client_fd 231
Outbound buffer overflow on client_fd 64
Outbound buffer overflow on client_fd 65
Outbound buffer overflow on client_fd 66
Outbound buffer overflow on client_fd 97
Outbound buffer overflow on client_fd 98
Outbound buffer overflow on client_fd 118
Outbound buffer overflow on client_fd 119
Outbound buffer overflow on client_fd 149
Outbound buffer overflow on client_fd 150
Outbound buffer overflow on client_fd 185
Outbound buffer overflow on client_fd 186
Outbound buffer overflow on client_fd 232
Outbound buffer overflow on client_fd 233
active=378)
New client connected with client_fd = 59 (active=379)
New client connected with client_fd = 106 (active=380)
New client connected with client_fd = 107 (active=381)
New client connected with client_fd = 71 (active=378)
New client connected with client_fd = 72 (active=379)
New client connected with client_fd = 108 (active=380)
New client connected with client_fd = 112 (active=381)
New client connected with client_fd = 89 (active=372)
New client connected with client_fd = 113 (active=373)
New client connected with client_fd = 114 (active=374)
New client connected with client_fd = 115 (active=368)
New client connected with client_fd = 116 (active=369)
New client connected with client_fd = 117 (active=370)
New client connected with client_fd = 123 (active=371)
New client connected with client_fd = 124 (active=372)
New client connected with client_fd = 125 (active=373)
New client connected with client_fd = 126 (active=374)
New client connected with client_fd = 127 (active=375)
New client connected with client_fd = 128 (active=373)
New client connected with client_fd = 129 (active=374)
New client connected with client_fd = 130 (active=375)
New client connected with client_fd = 131 (active=375)
New client connected with client_fd = 132 (active=376)
New client connected with client_fd = 136 (active=377)
New client connected with client_fd = 137 (active=378)
New client connected with client_fd = 138 (active=372)
New client connected with client_fd = 139 (active=373)
New client connected with client_fd = 140 (active=374)
New client connected with client_fd = 141 (active=372)
New client connected with client_fd = 142 (active=373)
New client connected with client_fd = 143 (active=374)
New client connected with client_fd = 144 (active=375)
New client connected with client_fd = 145 (active=376)
New client connected with client_fd = 153 (active=377)
New client connected with client_fd = 154 (active=378)
New client connected with client_fd = 155 (active=379)
New client connected with client_fd = 156 (active=380)
New client connected with client_fd = 157 (active=381)
New client connected with client_fd = 73 (active=377)
New client connected with client_fd = 158 (active=378)
New client connected with client_fd = 159 (active=379)
New client connected with client_fd = 160 (active=380)
New client connected with client_fd = 21 (active=379)
New client connected with client_fd = 161 (active=380)
New client connected with client_fd = 162 (active=381)
New client connected with client_fd = 163 (active=382)
New client connected with client_fd = 164 (active=381)
New client connected with client_fd = 165 (active=382)
New client connected with client_fd = 166 (active=383)
New client connected with client_fd = 167 (active=382)
New client connected with client_fd = 168 (active=383)
New client connected with client_fd = 169 (active=384)
New client connected with client_fd = 170 (active=385)
New client connected with client_fd = 171 (active=384)
New client connected with client_fd = 172 (active=385)
New client connected with client_fd = 173 (active=378)
New client connected with client_fd = 187 (active=379)
New client connected with client_fd = 188 (active=380)
New client connected with client_fd = 192 (active=381)
New client connected with client_fd = 193 (active=382)
New client connected with client_fd = 194 (active=383)
New client connected with client_fd = 195 (active=384)
New client connected with client_fd = 196 (active=385)
New client connected with client_fd = 197 (active=386)
New client connected with client_fd = 42 (active=381)
New client connected with client_fd = 52 (active=382)
New client connected with client_fd = 53 (active=383)
New client connected with client_fd = 198 (active=384)
New client connected with client_fd = 146 (active=378)
New client connected with client_fd = 147 (active=379)
New client connected with client_fd = 148 (active=380)
New client connected with client_fd = 183 (active=381)
New client connected with client_fd = 64 (active=369)
New client connected with client_fd = 65 (active=370)
New client connected withOutbound buffer overflow on client_fd 505
Outbound buffer overflow on client_fd 506
Outbound buffer overflow on client_fd 507
Outbound buffer overflow on client_fd 522
Outbound buffer overflow on client_fd 521
Outbound buffer overflow on client_fd 520
Outbound buffer overflow on client_fd 519
Outbound buffer overflow on client_fd 518
Outbound buffer overflow on client_fd 517
Outbound buffer overflow on client_fd 516
Outbound buffer overflow on client_fd 515
Outbound buffer overflow on client_fd 514
Outbound buffer overflow on client_fd 513
Outbound buffer overflow on client_fd 512
Outbound buffer overflow on client_fd 511
Outbound buffer overflow on client_fd 510
Outbound buffer overflow on client_fd 509
Outbound buffer overflow on client_fd 508
Outbound buffer overflow on client_fd 527
Outbound buffer overflow on client_fd 531
Outbound buffer overflow on client_fd 530
Outbound buffer overflow on client_fd 529
Outbound buffer overflow on client_fd 528
Outbound buffer overflow on client_fd 540
Outbound buffer overflow on client_fd 539
Outbound buffer overflow on client_fd 538
Outbound buffer overflow on client_fd 537
Outbound buffer overflow on client_fd 536
Outbound buffer overflow on client_fd 556
Outbound buffer overflow on client_fd 557
Outbound buffer overflow on client_fd 558
Outbound buffer overflow on client_fd 559
Outbound buffer overflow on client_fd 560
Outbound buffer overflow on client_fd 561
Outbound buffer overflow on client_fd 562
Outbound buffer overflow on client_fd 563
Outbound buffer overflow on client_fd 567
Outbound buffer overflow on client_fd 568
Outbound buffer overflow on client_fd 569
Outbound buffer overflow on client_fd 570
Outbound buffer overflow on client_fd 564
Outbound buffer overflow on client_fd 565
Outbound buffer overflow on client_fd 566
Outbound buffer overflow on client_fd 412
Outbound buffer overflow on client_fd 418
Outbound buffer overflow on client_fd 419
Outbound buffer overflow on client_fd 554
Outbound buffer overflow on client_fd 555
 client_fd = 66 (active=371)
New client connected with client_fd = 97 (active=372)
New client connected with client_fd = 98 (active=373)
New client connected with client_fd = 118 (active=356)
New client connected with client_fd = 119 (active=357)
New client connected with client_fd = 149 (active=358)
New client connected with client_fd = 150 (active=359)
New client connected with client_fd = 184 (active=359)
New client connected with client_fd = 185 (active=360)
New client connected with client_fd = 186 (active=357)
New client connected with client_fd = 199 (active=358)
New client connected with client_fd = 200 (active=359)
New client connected with client_fd = 201 (active=360)
New client connected with client_fd = 202 (active=361)
New client connected with client_fd = 203 (active=362)
New client connected with client_fd = 204 (active=363)
New client connected with client_fd = 205 (active=364)
New client connected with client_fd = 206 (active=365)
New client connected with client_fd = 207 (active=361)
New client connected with client_fd = 208 (active=362)
New client connected with client_fd = 209 (active=363)
New client connected with client_fd = 210 (active=364)
New client connected with client_fd = 211 (active=365)
New client connected with client_fd = 212 (active=366)
New client connected with client_fd = 213 (active=367)
New client connected with client_fd = 214 (active=368)
New client connected with client_fd = 215 (active=369)
New client connected with client_fd = 216 (active=370)
New client connected with client_fd = 228 (active=371)
New client connected with client_fd = 229 (active=372)
New client connected with client_fd = 230 (active=373)
New client connected with client_fd = 231 (active=374)
New client connected with client_fd = 232 (active=375)
New client connected with client_fd = 233 (active=376)
New client connected with client_fd = 234 (active=377)
New client connected with client_fd = 235 (active=374)
New client connected with client_fd = 236 (active=375)
New client connected with client_fd = 237 (active=376)
New client connected with client_fd = 238 (active=377)
New client connected with client_fd = 239 (active=378)
New client connected with client_fd = 240 (active=375)
New client connected with client_fd = 241 (active=376)
New client connected with client_fd = 242 (active=377)
New client connected with client_fd = 243 (active=378)
New client connected with client_fd = 244 (active=372)
New client connected with client_fd = 245 (active=373)
New client connected with client_fd = 246 (active=374)
New client connected with client_fd = 247 (active=375)
New client connected with client_fd = 248 (active=376)
New client connected with client_fd = 249 (active=377)
New client connected with client_fd = 250 (active=378)
New client connected with client_fd = 251 (active=379)
New client connected with client_fd = 252 (active=380)
New client connected with client_fd = 253 (active=381)
New client connected with client_fd = 254 (active=382)
New client connected with client_fd = 255 (active=383)
New client connected with client_fd = 256 (active=384)
New client connected with client_fd = 257 (active=384)
New client connected with client_fd = 258 (active=385)
New client connected with client_fd = 259 (active=386)
New client connected with client_fd = 260 (active=387)
New client connected with client_fd = 261 (active=386)
New client connected with client_fd = 267 (active=387)
New client connected with client_fd = 268 (active=388)
New client connected with client_fd = 269 (active=389)
New client connected with client_fd = 270 (active=390)
New client connected with client_fd = 271 (active=391)
New client connected with client_fd = 272 (active=392)
New client connected with client_fd = 273 (active=393)
New client connected with client_fd = 274 (active=392)
New client connected with client_fd = 275 (active=393)
New client connected with client_fd = 276 (active=394)
New client connected with client_fd = 277 (active=395)
New client connected with client_fd = 278 (active=396)
New client connected with client_fd = 279 (active=397)Outbound buffer overflow on client_fd 573
Outbound buffer overflow on client_fd 574

New client connected with client_fd = 280 (active=398)
New client connected with client_fd = 281 (active=399)
New client connected with client_fd = 282 (active=400)
New client connected with client_fd = 283 (active=401)
New client connected with client_fd = 284 (active=402)
New client connected with client_fd = 285 (active=403)
New client connected with client_fd = 286 (active=404)
New client connected with client_fd = 287 (active=405)
New client connected with client_fd = 288 (active=406)
New client connected with client_fd = 289 (active=407)
New client connected with client_fd = 290 (active=408)
New client connected with client_fd = 291 (active=409)
New client connected with client_fd = 292 (active=408)
New client connected with client_fd = 293 (active=409)
New client connected with client_fd = 294 (active=410)
New client connected with client_fd = 297 (active=411)
New client connected with client_fd = 298 (active=412)
New client connected with client_fd = 299 (active=413)
New client connected with client_fd = 300 (active=414)
New client connected with client_fd = 308 (active=415)
New client connected with client_fd = 309 (active=416)
New client connected with client_fd = 310 (active=417)
New client connected with client_fd = 311 (active=418)
New client connected with client_fd = 312 (active=419)
New client connected with client_fd = 313 (active=420)
New client connected with client_fd = 314 (active=421)
New client connected with client_fd = 315 (active=422)
New client connected with client_fd = 316 (active=423)
New client connected with client_fd = 317 (active=424)
New client connected with client_fd = 318 (active=425)
New client connected with client_fd = 319 (active=426)
New client connected with client_fd = 320 (active=427)
New client connected with client_fd = 321 (active=428)
New client connected with client_fd = 322 (active=429)
New client connected with client_fd = 323 (active=430)
New client connected with client_fd = 324 (active=431)
New client connected with client_fd = 325 (active=432)
New client connected with client_fd = 326 (active=433)
New client connected with client_fd = 327 (active=434)
New client connected with client_fd = 328 (active=435)
New client connected with client_fd = 329 (active=436)
New client connected with client_fd = 330 (active=437)
New client connected with client_fd = 331 (active=438)
New client connected with client_fd = 332 (active=439)
New client connected with client_fd = 333 (active=440)
New client connected with client_fd = 336 (active=441)
New client connected with client_fd = 337 (active=442)
New client connected with client_fd = 338 (active=443)
New client connected with client_fd = 339 (active=444)
New client connected with client_fd = 340 (active=445)
New client connected with client_fd = 341 (active=446)
New client connected with client_fd = 342 (active=447)
New client connected with client_fd = 343 (active=448)
New client connected with client_fd = 344 (active=449)
New client connected with client_fd = 345 (active=450)
New client connected with client_fd = 346 (active=451)
New client connected with client_fd = 347 (active=452)
New client connected with client_fd = 348 (active=453)
New client connected with client_fd = 349 (active=454)
New client connected with client_fd = 350 (active=455)
New client connected with client_fd = 367 (active=456)
New client connected with client_fd = 368 (active=457)
New client connected with client_fd = 369 (active=458)
New client connected with client_fd = 370 (active=459)
New client connected with client_fd = 371 (active=460)
New client connected with client_fd = 372 (active=461)
New client connected with client_fd = 373 (active=462)
New client connected with client_fd = 374 (active=463)
New client connected with client_fd = 375 (active=464)
New client connected with client_fd = 376 (active=465)
New client connected with client_fd = 377 (active=466)
New client connected with client_fd = 378 (active=467)
New client connected with client_fd = 379 (active=468)
New client connected with client_fd = 380 (active=469)
New client connected with client_fd = 381 (active=470)
New client connected with client_fd = 382 (active=471)
New client connected with client_fd = 383 (active=472)
New client connected with client_fd = 384 (active=473)
New client connected with client_fd = 385 (active=474)
New client connected with client_fd = 386 (active=475)
New client connected with client_fd = 387 (active=476)
New client connected with client_fd = 388 (active=477)
New client connected with client_fd = 389 (active=478)
New client connected with client_fd = 390 (active=479)
New client connected with client_fd = 391 (active=480)
New client connected with client_fd = 392 (active=481)
New client connected with client_fd = 393 (active=482)
New client connected with client_fd = 394 (active=483)
New client connected with client_fd = 395 (active=484)
New client connected with client_fd = 396 (active=485)
New client connected with client_fd = 397 (active=486)
New client connected with client_fd = 398 (active=487)
New client connected with client_fd = 399 (active=488)
New client connected with client_fd = 400 (active=489)
New client connected with client_fd = 401 (active=490)
New client connected with client_fd = 402 (active=491)
New client connected with client_fd = 403 (active=492)
New client connected with client_fd = 404 (active=493)
New client connected with client_fd = 405 (active=494)
New client connected with client_fd = 406 (active=495)
New client connected with client_fd = 407 (active=496)
New client connected with client_fd = 408 (active=497)
New client connected with client_fd = 409 (active=498)
New client connected with client_fd = 410 (active=499)
New client connected with client_fd = 411 (active=500)
New client connected with client_fd = 412 (active=501)
New client connected with client_fd = 413 (active=502)
New client connected with client_fd = 414 (active=503)
New client connected with client_fd = 415 (active=504)
New client connected with client_fd = 416 (active=505)
New client connected with client_fd = 417 (active=506)
New client connected with client_fd = 418 (active=507)
New client connected with client_fd = 419 (active=508)
New client connected with client_fd = 420 (active=509)
New client connected with client_fd = 421 (active=510)
New client connected with client_fd = 422 (active=511)
New client connected with client_fd = 423 (active=512)
New client connected with client_fd = 424 (active=513)
New client connected with client_fd = 425 (active=514)
New client connected with client_fd = 426 (active=515)
New client connected with client_fd = 427 (active=516)
New client connected with client_fd = 428 (active=517)
New client connected with client_fd = 429 (active=518)
New client connected with client_fd = 430 (active=519)
New client connected with client_fd = 431 (active=520)
New client connected with client_fd = 432 (active=521)
New client connected with client_fd = 433 (active=522)
New client connected with client_fd = 434 (active=523)
New client connected with client_fd = 435 (active=524)
New client connected with client_fd = 436 (active=525)
New client connected with client_fd = 437 (active=526)
New client connected with client_fd = 438 (active=527)
New client connected with client_fd = 439 (active=528)
New client connected with client_fd = 440 (active=529)
New client connected with client_fd = 441 (active=530)
New client connected with client_fd = 442 (active=531)
New client connected with client_fd = 443 (active=532)
New client connected with client_fd = 444 (active=533)
New client connected with client_fd = 445 (active=534)
New client connected with client_fd = 446 (active=535)
New client connected with client_fd = 447 (active=536)
New client connected with client_fd = 448 (active=537)
New client connected with client_fd = 449 (active=538)
New client connected with client_fd = 450 (active=539)
New client connected with client_fd = 451 (active=540)
New client connected with client_fd = 452 (active=541)
New client connected with client_fd = 453 (active=542)
New client connected with client_fd = 454 (active=543)
New client connected with client_fd = 455 (active=544)
New client connected with client_fd = 456 (active=545)
New client connected with client_fd = 457 (active=546)
New client connected with client_fd = 458 (active=547)
New client connected with client_fd = 459 (active=548)
New client connected with client_fd = 460 (active=549)
New client connected with client_fd = 461 (active=550)
New client connected with client_fd = 462 (active=551)
New client connected with client_fd = 463 (active=552)
New client connected with client_fd = 464 (active=553)
New client connected with client_fd = 465 (active=554)
New client connected with client_fd = 466 (active=555)
New client connected with client_fd = 467 (active=556)
New client connected with client_fd = 468 (active=557)
New client connected with client_fd = 469 (active=558)
New client connected with client_fd = 470 (active=559)
New client connected with client_fd = 471 (active=560)
New client connected with client_fd = 472 (active=561)
New client connected with client_fd = 473 (active=562)
New client connected with client_fd = 474 (active=563)
New client connected with client_fd = 475 (active=564)
New client connected with client_fd = 476 (active=565)
New client connected with client_fd = 477 (active=566)
New client connected with client_fd = 478 (active=567)
New client connected with client_fd = 479 (active=568)
New client connected with client_fd = 480 (active=569)
New client connected with client_fd = 481 (active=570)
New client connected with client_fd = 482 (active=571)
New client connected with client_fd = 483 (active=572)
New client connected with client_fd = 484 (active=573)
New client connected with client_fd = 485 (active=574)
New client connected with client_fd = 486 (active=575)
New client connected with client_fd = 487 (active=576)
New client connected with client_fd = 488 (active=577)
New client connected with client_fd = 489 (active=578)
New client connected with client_fd = 490 (active=579)
New client connected with client_fd = 491 (active=580)
New client connected with client_fd = 492 (active=581)
New client connected with client_fd = 493 (active=582)
New client connected with client_fd = 494 (active=583)
New client connected with client_fd = 495 (active=584)
New client connected with client_fd = 496 (active=585)
New client connected with client_fd = 497 (active=586)
New client connected with client_fd = 498 (active=587)
New client connected with client_fd = 499 (active=588)
New client connected with client_fd = 504 (active=589)
New client connected with client_fd = 505 (active=590)
New client connected with client_fd = 506 (active=591)
New client connected with client_fd = 507 (active=592)
New client connected with client_fd = 508 (active=593)
New client connected with client_fd = 509 (active=594)
New client connected with client_fd = 510 (active=595)
New client connected with client_fd = 511 (active=596)
New client connected with client_fd = 512 (active=597)
New client connected with client_fd = 513 (active=598)
New client connected with client_fd = 514 (active=599)
New client connected with client_fd = 515 (active=600)
New client connected with client_fd = 516 (active=601)
New client connected with client_fd = 517 (active=602)
New client connected with client_fd = 518 (active=603)
New client connected with client_fd = 519 (active=604)
New client connected with client_fd = 520 (active=605)
New client connected with client_fd = 521 (active=606)
New client connected with client_fd = 522 (active=607)
New client connected with client_fd = 527 (active=608)
New client connected with client_fd = 528 (active=609)
New client connected with client_fd = 529 (active=610)
New client connected with client_fd = 530 (active=611)
New client connected with client_fd = 531 (active=612)
New client connected with client_fd = 532 (active=613)
New client connected with client_fd = 533 (active=614)
New client connected with client_fd = 534 (active=615)
New client connected with client_fd = 535 (active=616)
New client connected with client_fd = 536 (active=617)
New client connected with client_fd = 537 (active=618)
New client connected with client_fd = 538 (active=619)
New client connected with client_fd = 539 (active=620)
New client connected with client_fd = 540 (active=621)
New client connected with client_fd = 551 (active=622)
New client connected with client_fd = 552 (active=623)
New client connected with client_fd = 553 (active=624)
New client connected with client_fd = 554 (active=625)
New client connected with client_fd = 555 (active=626)
New client connected with client_fd = 556 (active=627)
New client connected with client_fd = 557 (active=628)
New client connected with client_fd = 558 (active=629)
New client connected with client_fd = 559 (active=630)
New client connected with client_fd = 560 (active=631)
New client connected with client_fd = 561 (active=632)
New client connected with client_fd = 562 (active=633)
New client connected with client_fd = 563 (active=634)
New client connected with client_fd = 564 (active=635)
New client connected with client_fd = 565 (active=636)
New client connected with client_fd = 566 (active=637)
New client connected with client_fd = 567 (active=638)
New client connected with client_fd = 568 (active=639)
New client connected with client_fd = 569 (active=640)
New client connected with client_fd = 570 (active=641)
New client connected with client_fd = 571 (active=642)
New client connected with client_fd = 572 (active=643)
New client connected with client_fd = 573 (active=644)
New client connected with client_fd = 574 (active=645)
New client connected with client_fd = 578 (active=646)
New client connected with client_fd = 590 (active=647)
New client connected with client_fd = 591 (active=648)
New client connected with client_fd = 592 (active=649)
New client connected with client_fd = 593 (active=650)
New client connected with client_fd = 594 (active=651)
New client connected with client_fd = 597 (active=652)
New client connected with client_fd = 598 (active=653)
New client connected with client_fd = 599 (active=654)
New client connected with client_fd = 600 (active=655)
New client connected with client_fd = 601 (active=656)
New client connected with client_fd = 602 (active=657)
New client connected with client_fd = 603 (active=658)
New client connected with client_fd = 604 (active=659)
New client connected with client_fd = 605 (active=660)
New client connected with client_fd = 606 (active=661)
New client connected with client_fd = 607 (active=662)
New client connected with client_fd = 610 (active=663)
New client connected with client_fd = 611 (active=664)
New client connected with client_fd = 668 (active=665)
New client connected with client_fd = 669 (active=666)
New client connected with client_fd = 670 (active=667)
New client connected with client_fd = 671 (active=668)
New client connected with client_fd = 672 (active=669)
New client connected with client_fd = 673 (active=670)
New client connected with client_fd = 674 (active=671)
New client connected with client_fd = 675 (active=672)
New client connected with client_fd = 676 (active=673)
New client connected with client_fd = 677 (active=674)
New client connected with client_fd = 678 (active=675)
New client connected with client_fd = 679 (active=676)
New client connected with client_fd = 680 (active=677)
New client connected with client_fd = 681 (active=678)
New client connected with client_fd = 682 (active=679)
New client connected with client_fd = 683 (active=680)
New client connected with client_fd = 684 (active=681)
New client connected with client_fd = 685 (active=682)
New client connected with client_fd = 686 (active=683)
New client connected with client_fd = 687 (active=684)
New client connected with client_fd = 688 (active=685)
New client connected with client_fd = 689 (active=686)
New client connected with client_fd = 690 (active=687)
New client connected with client_fd = 691 (active=688)
New client connected with client_fd = 692 (active=689)
New client connected with client_fd = 693 (active=690)
New client connected with client_fd = 694 (active=691)
New client connected with client_fd = 695 (active=692)
New client connected with client_fd = 696 (active=693)
New client connected with client_fd = 697 (active=694)
New client connected with client_fd = 698 (active=695)
New client connected with client_fd = 699 (active=696)
New client connected with client_fd = 700 (active=697)
New client connected with client_fd = 701 (active=698)
New client connected with client_fd = 702 (active=699)
New client connected with client_fd = 703 (active=700)
New client connected with client_fd = 704 (active=701)
New client connected with client_fd = 705 (active=702)
New client connected with client_fd = 706 (active=703)
New client connected with client_fd = 707 (active=704)
New client connected with client_fd = 708 (active=705)
New client connected with client_fd = 709 (active=706)
New client connected with client_fd = 710 (active=707)
New client connected with client_fd = 711 (active=708)
New client connected with client_fd = 712 (active=709)
New client connected with client_fd = 713 (active=710)
New client connected with client_fd = 714 (active=711)
New client connected with client_fd = 715 (active=712)
New client connected with client_fd = 716 (active=713)
New client connected with client_fd = 717 (active=714)
New client connected with client_fd = 718 (active=715)
New client connected with client_fd = 719 (active=716)
New client connected with client_fd = 720 (active=717)
New client connected with client_fd = 721 (active=718)
New client connected with client_fd = 722 (active=719)
New client connected with client_fd = 723 (active=720)
New client connected with client_fd = 724 (active=721)
New client connected with client_fd = 725 (active=722)
New client connected with client_fd = 726 (active=723)
New client connected with client_fd = 727 (active=724)
New client connected with client_fd = 728 (active=725)
New client connected with client_fd = 729 (active=726)
New client connected with client_fd = 730 (active=727)
New client connected with client_fd = 731 (active=728)
New client connected with client_fd = 732 (active=729)
New client connected with client_fd = 733 (active=730)
New client connected with client_fd = 734 (active=731)
New client connected with client_fd = 735 (active=732)
New client connected with client_fd = 736 (active=733)
New client connected with client_fd = 737 (active=734)
New client connected with client_fd = 738 (active=735)
New client connected with client_fd = 739 (active=736)
New client connected with client_fd = 740 (active=737)
New client connected with client_fd = 741 (active=738)
New client connected with client_fd = 742 (active=739)
New client connected with client_fd = 743 (active=740)
New client connected with client_fd = 744 (active=741)
New client connected with client_fd = 745 (active=742)
New client connected with client_fd = 746 (active=743)
New client connected with client_fd = 747 (active=744)
New client connected with client_fd = 748 (active=745)
New client connected with client_fd = 749 (active=746)
New client connected with client_fd = 750 (active=747)
New client connected with client_fd = 751 (active=748)
New client connected with client_fd = 752 (active=749)
New client connected with client_fd = 753 (active=750)
New client connected with client_fd = 754 (active=751)
New client connected with client_fd = 755 (active=752)
New client connected with client_fd = 756 (active=753)
New client connected with client_fd = 757 (active=754)
New client connected with client_fd = 758 (active=755)
New client connected with client_fd = 759 (active=756)
New client connected with client_fd = 760 (active=757)
New client connected with client_fd = 761 (active=758)
New client connected with client_fd = 762 (active=759)
New client connected with client_fd = 763 (active=760)
New client connected with client_fd = 764 (active=761)
New client connected with client_fd = 765 (active=762)
New client connected with client_fd = 766 (active=763)
New client connected with client_fd = 767 (active=764)
New client connected with client_fd = 768 (active=765)
New client connected with client_fd = 769 (active=766)
New client connected with client_fd = 770 (active=767)
New client connected with client_fd = 771 (active=768)
New client connected with client_fd = 772 (active=769)
New client connected with client_fd = 773 (active=770)
New client connected with client_fd = 774 (active=771)
New client connected with client_fd = 775 (active=772)
New client connected with client_fd = 776 (active=773)
New client connected with client_fd = 777 (active=774)
New client connected with client_fd = 778 (active=775)
New client connected with client_fd = 779 (active=776)
New client connected with client_fd = 780 (active=777)
New client connected with client_fd = 781 (active=778)
New client connected with client_fd = 782 (active=779)
New client connected with client_fd = 783 (active=780)
New client connected with client_fd = 784 (active=781)
New client connected with client_fd = 785 (active=782)
New client connected with client_fd = 786 (active=783)
New client connected with client_fd = 787 (active=784)
New client connected with client_fd = 788 (active=785)
New client connected with client_fd = 789 (active=786)
New client connected with client_fd = 790 (active=787)
New client connected with client_fd = 791 (active=788)
New client connected with client_fd = 792 (active=789)
New client connected with client_fd = 793 (active=790)
New client connected with client_fd = 794 (active=791)
New client connected with client_fd = 795 (active=792)
New client connected with client_fd = 796 (active=793)
New client connected with client_fd = 797 (active=794)
New client connected with client_fd = 798 (active=795)
New client connected with client_fd = 799 (active=796)
New client connected with client_fd = 800 (active=797)
New client connected with client_fd = 801 (active=798)
New client connected with client_fd = 802 (active=799)
New client connected with client_fd = 803 (active=800)
New client connected with client_fd = 804 (active=801)
New client connected with client_fd = 805 (active=802)
New client connected with client_fd = 806 (active=803)
New client connected with client_fd = 807 (active=804)
New client connected with client_fd = 808 (active=805)
New client connected with client_fd = 809 (active=806)
New client connected with client_fd = 810 (active=807)
New client connected with client_fd = 811 (active=808)
New client connected with client_fd = 812 (active=809)
New client connected with client_fd = 813 (active=810)
New client connected with client_fd = 814 (active=811)
New client connected with client_fd = 815 (active=812)
New client connected with client_fd = 816 (active=813)
New client connected with client_fd = 817 (active=814)
New client connected with client_fd = 818 (active=815)
New client connected with client_fd = 819 (active=816)
New client connected with client_fd = 820 (active=817)
New client connected with client_fd = 821 (active=818)
New client connected with client_fd = 822 (active=819)
New client connected with client_fd = 823 (active=820)
New client connected with client_fd = 824 (active=821)
New client connected with client_fd = 825 (active=822)
New client connected with client_fd = 826 (active=823)
New client connected with client_fd = 827 (active=824)
New client connected with client_fd = 828 (active=825)
New client connected with client_fd = 829 (active=826)
New client connected with client_fd = 830 (active=827)
New client connected with client_fd = 831 (active=828)
New client connected with client_fd = 832 (active=829)
New client connected with client_fd = 833 (active=830)
New client connected with client_fd = 834 (active=831)
New client connected with client_fd = 835 (active=832)
New client connected with client_fd = 836 (active=833)
New client connected with client_fd = 837 (active=834)
New client connected with client_fd = 838 (active=835)
New client connected with client_fd = 839 (active=836)
New client connected with client_fd = 840 (active=837)
New client connected with client_fd = 841 (active=838)
New client connected with client_fd = 842 (active=839)
New client connected with client_fd = 843 (active=840)
New client connected with client_fd = 844 (active=841)
New client connected with client_fd = 845 (active=842)
New client connected with client_fd = 846 (active=843)
New client connected with client_fd = 847 (active=844)
New client connected with client_fd = 848 (active=845)
New client connected with client_fd = 849 (active=846)
New client connected with client_fd = 850 (active=847)
New client connected with client_fd = 851 (active=848)
New client connected with client_fd = 852 (active=849)
New client connected with client_fd = 853 (active=850)
New client connected with client_fd = 854 (active=851)
New client connected with client_fd = 855 (active=852)
New client connected with client_fd = 856 (active=853)
New client connected with client_fd = 857 (active=854)
New client connected with client_fd = 858 (active=855)
New client connected with client_fd = 859 (active=856)
New client connected with client_fd = 860 (active=857)
New client connected with client_fd = 861 (active=858)
New client connected with client_fd = 862 (active=859)
New client connected with client_fd = 863 (active=860)
New client connected with client_fd = 864 (active=861)
New client connected with client_fd = 865 (active=862)
New client connected with client_fd = 866 (active=863)
New client connected with client_fd = 867 (active=864)
New client connected with client_fd = 868 (active=865)
New client connected with client_fd = 869 (active=866)
New client connected with client_fd = 870 (active=867)
New client connected with client_fd = 871 (active=868)
New client connected with client_fd = 872 (active=869)
New client connected with client_fd = 873 (active=870)
New client connected with client_fd = 874 (active=871)
New client connected with client_fd = 875 (active=872)
New client connected with client_fd = 876 (active=873)
New client connected with client_fd = 877 (active=874)
New client connected with client_fd = 878 (active=875)
New client connected with client_fd = 879 (active=876)
New client connected with client_fd = 880 (active=877)
New client connected with client_fd = 881 (active=878)
New client connected with client_fd = 882 (active=879)
New client connected with client_fd = 883 (active=880)
New client connected with client_fd = 884 (active=881)
New client connected with client_fd = 885 (active=882)
New client connected with client_fd = 886 (active=883)
New client connected with client_fd = 887 (active=884)
New client connected with client_fd = 888 (active=885)
New client connected with client_fd = 889 (active=886)
New client connected with client_fd = 890 (active=887)
New client connected with client_fd = 891 (active=888)
New client connected with client_fd = 892 (active=889)
New client connected with client_fd = 893 (active=890)
New client connected with client_fd = 894 (active=891)
New client connected with client_fd = 895 (active=892)
New client connected with client_fd = 896 (active=893)
New client connected with client_fd = 897 (active=894)
New client connected with client_fd = 898 (active=895)
New client connected with client_fd = 899 (active=896)
New client connected with client_fd = 900 (active=897)
New client connected with client_fd = 901 (active=898)
New client connected with client_fd = 902 (active=899)
New client connected with client_fd = 903 (active=900)
New client connected with client_fd = 904 (active=901)
New client connected with client_fd = 905 (active=902)
New client connected with client_fd = 906 (active=903)
New client connected with client_fd = 907 (active=904)
New client connected with client_fd = 908 (active=905)
New client connected with client_fd = 909 (active=906)
New client connected with client_fd = 910 (active=907)
New client connected with client_fd = 911 (active=908)
New client connected with client_fd = 912 (active=909)
New client connected with client_fd = 913 (active=910)
New client connected with client_fd = 914 (active=911)
New client connected with client_fd = 915 (active=912)
New client connected with client_fd = 916 (active=913)
New client connected with client_fd = 917 (active=914)
New client connected with client_fd = 918 (active=915)
New client connected with client_fd = 919 (active=916)
New client connected with client_fd = 920 (active=917)
New client connected with client_fd = 921 (active=918)
New client connected with client_fd = 922 (active=919)
New client connected with client_fd = 923 (active=920)
New client connected with client_fd = 924 (active=921)
New client connected with client_fd = 925 (active=922)
New client connected with client_fd = 926 (active=923)
New client connected with client_fd = 927 (active=924)
New client connected with client_fd = 928 (active=925)
New client connected with client_fd = 929 (active=926)
New client connected with client_fd = 930 (active=927)
New client connected with client_fd = 931 (active=928)
New client connected with client_fd = 932 (active=929)
New client connected with client_fd = 933 (active=930)
New client connected with client_fd = 934 (active=931)
New client connected with client_fd = 935 (active=932)
New client connected with client_fd = 936 (active=933)
New client connected with client_fd = 937 (active=934)
New client connected with client_fd = 938 (active=935)
New client connected with client_fd = 939 (active=936)
New client connected with client_fd = 940 (active=937)
New client connected with client_fd = 941 (active=938)
New client connected with client_fd = 942 (active=939)
New client connected with client_fd = 943 (active=940)
New client connected with client_fd = 944 (active=941)
New client connected with client_fd = 945 (active=942)
New client connected with client_fd = 946 (active=943)
New client connected with client_fd = 947 (active=944)
New client connected with client_fd = 948 (active=945)
New client connected with client_fd = 949 (active=946)
New client connected with client_fd = 950 (active=947)
New client connected with client_fd = 951 (active=948)
New client connected with client_fd = 952 (active=949)
New client connected with client_fd = 953 (active=950)
New client connected with client_fd = 954 (active=951)
New client connected with client_fd = 955 (active=952)
New client connected with client_fd = 956 (active=953)
New client connected with client_fd = 957 (active=954)
New client connected with client_fd = 958 (active=955)
New client connected with client_fd = 959 (active=956)
New client connected with client_fd = 960 (active=957)
New client connected with client_fd = 961 (active=958)
New client connected with client_fd = 962 (active=959)
New client connected with client_fd = 963 (active=960)
New client connected with client_fd = 964 (active=961)
New client connected with client_fd = 965 (active=962)
New client connected with client_fd = 966 (active=963)
New client connected with client_fd = 967 (active=964)
New client connected with client_fd = 968 (active=965)
New client connected with client_fd = 969 (active=966)
New client connected with client_fd = 970 (active=967)
New client connected with client_fd = 971 (active=968)
New client connected with client_fd = 972 (active=969)
New client connected with client_fd = 973 (active=970)
New client connected with client_fd = 974 (active=971)
New client connected with client_fd = 975 (active=972)
New client connected with client_fd = 976 (active=973)
New client connected with client_fd = 977 (active=974)
New client connected with client_fd = 978 (active=975)
New client connected with client_fd = 979 (active=976)
New client connected with client_fd = 980 (active=977)
New client connected with client_fd = 981 (active=978)
New client connected with client_fd = 982 (active=979)
New client connected with client_fd = 983 (active=980)
New client connected with client_fd = 984 (active=981)
New client connected with client_fd = 985 (active=982)
New client connected with client_fd = 986 (active=983)
New client connected with client_fd = 987 (active=984)
New client connected with client_fd = 988 (active=985)
New client connected with client_fd = 989 (active=986)
New client connected with client_fd = 990 (active=987)
New client connected with client_fd = 991 (active=988)
New client connected with client_fd = 992 (active=989)
New client connected with client_fd = 993 (active=990)
New client connected with client_fd = 994 (active=991)
New client connected with client_fd = 995 (active=992)
New client connected with client_fd = 996 (active=993)
New client connected with client_fd = 997 (active=994)
New client connected with client_fd = 998 (active=995)
New client connected with client_fd = 999 (active=996)
New client connected with client_fd = 1000 (active=997)
New client connected with client_fd = 1001 (active=998)
New client connected with client_fd = 1002 (active=999)
New client connected with client_fd = 1003 (active=1000)
New client connected with client_fd = 1004 (active=1001)
New client connected with client_fd = 1005 (active=1002)
New client connected with client_fd = 1006 (active=1003)
New client connected with client_fd = 1007 (active=1004)
New client connected with client_fd = 1008 (active=1005)
New client connected with client_fd = 1009 (active=1006)
New client connected with client_fd = 1010 (active=1007)
New client connected with client_fd = 1011 (active=1008)
New client connected with client_fd = 1012 (active=1009)
New client connected with client_fd = 1013 (active=1010)
New client connected with client_fd = 1014 (active=1011)
New client connected with client_fd = 1015 (active=1012)
New client connected with client_fd = 1016 (active=1013)
New client connected with client_fd = 1017 (active=1014)
New client connected with client_fd = 1018 (active=1015)
New client connected with client_fd = 1019 (active=1016)
New client connected with client_fd = 1020 (active=1017)
New client connected with client_fd = 1021 (active=1018)
New client connected with client_fd = 1022 (active=1019)
New client connected with client_fd = 1023 (active=1020)
New client connected with client_fd = 1024 (active=1021)
New client connected with client_fd = 1025 (active=1022)
New client connected with client_fd = 1026 (active=1023)
New client connected with client_fd = 1027 (active=1024)
New client connected with client_fd = 1028 (active=1025)
New client connected with client_fd = 1029 (active=1026)
New client connected with client_fd = 1030 (active=1027)
New client connected with client_fd = 1031 (active=1028)
New client connected with client_fd = 1032 (active=1029)
New client connected with client_fd = 1033 (active=1030)
New client connected with client_fd = 1034 (active=1031)
New client connected with client_fd = 1035 (active=1032)
New client connected with client_fd = 1036 (active=1033)
New client connected with client_fd = 1037 (active=1034)
New client connected with client_fd = 1038 (active=1035)
New client connected with client_fd = 1039 (active=1036)
New client connected with client_fd = 1040 (active=1037)
New client connected with client_fd = 1041 (active=1038)
New client connected with client_fd = 1042 (active=1039)
New client connected with client_fd = 1043 (active=1040)
New client connected with client_fd = 1044 (active=1041)
New client connected with client_fd = 1045 (active=1042)
New client connected with client_fd = 1046 (active=1043)
New client connected with client_fd = 1047 (active=1044)
New client connected with client_fd = 1048 (active=1045)
New client connected with client_fd = 1049 (active=1046)
New client connected with client_fd = 1050 (active=1047)
New client connected with client_fd = 1051 (active=1048)
New client connected with client_fd = 1052 (active=1049)
New client connected with client_fd = 1053 (active=1050)
New client connected with client_fd = 1054 (active=1051)
New client connected with client_fd = 1055 (active=1052)
New client connected with client_fd = 1056 (active=1053)
New client connected with client_fd = 1057 (active=1054)
New client connected with client_fd = 1058 (active=1055)
New client connected with client_fd = 1059 (active=1056)
New client connected with client_fd = 1060 (active=1057)
New client connected with client_fd = 1061 (active=1058)
New client connected with client_fd = 1062 (active=1059)
New client connected with client_fd = 1063 (active=1060)
New client connected with client_fd = 1064 (active=1061)
New client connected with client_fd = 1065 (active=1062)
New client connected with client_fd = 1066 (active=1063)
New client connected with client_fd = 1067 (active=1064)
New client connected with client_fd = 1068 (active=1065)
New client connected with client_fd = 1069 (active=1066)
New client connected with client_fd = 1070 (active=1067)
New client connected with client_fd = 1071 (active=1068)
New client connected with client_fd = 1072 (active=1069)
New client connected with client_fd = 1073 (active=1070)
New client connected with client_fd = 1074 (active=1071)
New client connected with client_fd = 1075 (active=1072)
New client connected with client_fd = 1076 (active=1073)
New client connected with client_fd = 1077 (active=1074)
New client connected with client_fd = 1078 (active=1075)
New client connected with client_fd = 1079 (active=1076)
New client connected with client_fd = 1080 (active=1077)
New client connected with client_fd = 1081 (active=1078)
New client connected with client_fd = 1082 (active=1079)
New client connected with client_fd = 1083 (active=1080)
New client connected with client_fd = 1084 (active=1081)
New client connected with client_fd = 1085 (active=1082)
New client connected with client_fd = 1086 (active=1083)
New client connected with client_fd = 1087 (active=1084)
New client connected with client_fd = 1088 (active=1085)
New client connected with client_fd = 1089 (active=1086)
New client connected with client_fd = 1090 (active=1087)
New client connected with client_fd = 1091 (active=1088)
New client connected with client_fd = 1092 (active=1089)
New client connected with client_fd = 1093 (active=1090)
New client connected with client_fd = 1094 (active=1091)
New client connected with client_fd = 1095 (active=1092)
New client connected with client_fd = 1096 (active=1093)
New client connected with client_fd = 1097 (active=1094)
New client connected with client_fd = 1098 (active=1095)
New client connected with client_fd = 1099 (active=1096)
New client connected with client_fd = 1100 (active=1097)
New client connected with client_fd = 1101 (active=1098)
New client connected with client_fd = 1102 (active=1099)
New client connected with client_fd = 1103 (active=1100)
New client connected with client_fd = 1104 (active=1101)
New client connected with client_fd = 1105 (active=1102)
New client connected with client_fd = 1106 (active=1103)
New client connected with client_fd = 1107 (active=1104)
New client connected with client_fd = 1108 (active=1105)
New client connected with client_fd = 1109 (active=1106)
New client connected with client_fd = 1110 (active=1107)
New client connected with client_fd = 1111 (active=1108)
New client connected with client_fd = 1112 (active=1109)
New client connected with client_fd = 1113 (active=1110)
New client connected with client_fd = 1114 (active=1111)
New client connected with client_fd = 1115 (active=1112)
New client connected with client_fd = 1116 (active=1113)
New client connected with client_fd = 1117 (active=1114)
New client connected with client_fd = 1118 (active=1115)
New client connected with client_fd = 1119 (active=1116)
New client connected with client_fd = 1120 (active=1117)
New client connected with client_fd = 1121 (active=1118)
New client connected with client_fd = 1122 (active=1119)
New client connected with client_fd = 1123 (active=1120)
New client connected with client_fd = 1124 (active=1121)
New client connected with client_fd = 1125 (active=1122)
New client connected with client_fd = 1126 (active=1123)
New client connected with client_fd = 1127 (active=1124)
New client connected with client_fd = 1128 (active=1125)
New client connected with client_fd = 1129 (active=1126)
New client connected with client_fd = 1130 (active=1127)
New client connected with client_fd = 1131 (active=1128)
New client connected with client_fd = 1132 (active=1129)
New client connected with client_fd = 1133 (active=1130)
New client connected with client_fd = 1134 (active=1131)
New client connected with client_fd = 1135 (active=1132)
New client connected with client_fd = 1136 (active=1133)
New client connected with client_fd = 1137 (active=1134)
New client connected with client_fd = 1138 (active=1135)
New client connected with client_fd = 1139 (active=1136)
New client connected with client_fd = 1140 (active=1137)
New client connected with client_fd = 1141 (active=1138)
New client connected with client_fd = 1142 (active=1139)
New client connected with client_fd = 1143 (active=1140)
New client connected with client_fd = 1144 (active=1141)
New client connected with client_fd = 1145 (active=1142)
New client connected with client_fd = 1146 (active=1143)
New client connected with client_fd = 1147 (active=1144)
New client connected with client_fd = 1148 (active=1145)
New client connected with client_fd = 1149 (active=1146)
New client connected with client_fd = 1150 (active=1147)
New client connected with client_fd = 1151 (active=1148)
New client connected with client_fd = 1152 (active=1149)
New client connected with client_fd = 1153 (active=1150)
New client connected with client_fd = 1154 (active=1151)
New client connected with client_fd = 1155 (active=1152)
New client connected with client_fd = 1156 (active=1153)
New client connected with client_fd = 1157 (active=1154)
New client connected with client_fd = 1158 (active=1155)
New client connected with client_fd = 1159 (active=1156)
New client connected with client_fd = 1160 (active=1157)
New client connected with client_fd = 1161 (active=1158)
New client connected with client_fd = 1162 (active=1159)
New client connected with client_fd = 1163 (active=1160)
New client connected with client_fd = 1164 (active=1161)
New client connected with client_fd = 1165 (active=1162)
New client connected with client_fd = 1166 (active=1163)
New client connected with client_fd = 1167 (active=1164)
New client connected with client_fd = 1168 (active=1165)
New client connected with client_fd = 1169 (active=1166)
New client connected with client_fd = 1170 (active=1167)
New client connected with client_fd = 1171 (active=1168)
New client connected with client_fd = 1172 (active=1169)
New client connected with client_fd = 1173 (active=1170)
New client connected with client_fd = 1174 (active=1171)
New client connected with client_fd = 1175 (active=1172)
New client connected with client_fd = 1176 (active=1173)
New client connected with client_fd = 1177 (active=1174)
New client connected with client_fd = 1178 (active=1175)
New client connected with client_fd = 1179 (active=1176)
New client connected with client_fd = 1180 (active=1177)
New client connected with client_fd = 1181 (active=1178)
New client connected with client_fd = 1182 (active=1179)
New client connected with client_fd = 1183 (active=1180)
New client connected with client_fd = 1184 (active=1181)
New client connected with client_fd = 1185 (active=1182)
New client connected with client_fd = 1186 (active=1183)
New client connected with client_fd = 1187 (active=1184)
New client connected with client_fd = 1188 (active=1185)
New client connected with client_fd = 1189 (active=1186)
New client connected with client_fd = 1190 (active=1187)
New client connected with client_fd = 1191 (active=1188)
New client connected with client_fd = 1192 (active=1189)
New client connected with client_fd = 1193 (active=1190)
New client connected with client_fd = 1194 (active=1191)
New client connected with client_fd = 1195 (active=1192)
New client connected with client_fd = 1196 (active=1193)
New client connected with client_fd = 1197 (active=1194)
New client connected with client_fd = 1198 (active=1195)
New client connected with client_fd = 1199 (active=1196)
New client connected with client_fd = 1200 (active=1197)
New client connected with client_fd = 1201 (active=1198)
New client connected with client_fd = 1202 (active=1199)
New client connected with client_fd = 1203 (active=1200)
New client connected with client_fd = 1204 (active=1201)
New client connected with client_fd = 1205 (active=1202)
New client connected with client_fd = 1206 (active=1203)
New client connected with client_fd = 1207 (active=1204)
New client connected with client_fd = 1208 (active=1205)
New client connected with client_fd = 1209 (active=1206)
New client connected with client_fd = 1210 (active=1207)
New client connected with client_fd = 1211 (active=1208)
New client connected with client_fd = 1212 (active=1209)
New client connected with client_fd = 1213 (active=1210)
New client connected with client_fd = 1214 (active=1211)
New client connected with client_fd = 1215 (active=1212)
New client connected with client_fd = 1216 (active=1213)
New client connected with client_fd = 1217 (active=1214)
New client connected with client_fd = 1218 (active=1215)
New client connected with client_fd = 1219 (active=1216)
New client connected with client_fd = 1220 (active=1217)
New client connected with client_fd = 1221 (active=1218)
New client connected with client_fd = 1222 (active=1219)
New client connected with client_fd = 1223 (active=1220)
New client connected with client_fd = 1224 (active=1221)
New client connected with client_fd = 1225 (active=1222)
New client connected with client_fd = 1226 (active=1223)
New client connected with client_fd = 1227 (active=1224)
New client connected with client_fd = 1228 (active=1225)
New client connected with client_fd = 1229 (active=1226)
New client connected with client_fd = 1230 (active=1227)
New client connected with client_fd = 1231 (active=1228)
New client connected with client_fd = 1232 (active=1229)
New client connected with client_fd = 1233 (active=1230)
New client connected with client_fd = 1234 (active=1231)
New client connected with client_fd = 1235 (active=1232)
New client connected with client_fd = 1236 (active=1233)
New client connected with client_fd = 1237 (active=1234)
New client connected with client_fd = 1238 (active=1235)
New client connected with client_fd = 1239 (active=1236)
New client connected with client_fd = 1240 (active=1237)
New client connected with client_fd = 1241 (active=1238)
New client connected with client_fd = 1242 (active=1239)
New client connected with client_fd = 1243 (active=1240)
New client connected with client_fd = 1244 (active=1241)
New client connected with client_fd = 1245 (active=1242)
New client connected with client_fd = 1246 (active=1243)
New client connected with client_fd = 1247 (active=1244)
New client connected with client_fd = 1248 (active=1245)
New client connected with client_fd = 1249 (active=1246)
New client connected with client_fd = 1250 (active=1247)
New client connected with client_fd = 1251 (active=1248)
New client connected with client_fd = 1252 (active=1249)
New client connected with client_fd = 1253 (active=1250)
New client connected with client_fd = 1254 (active=1251)
New client connected with client_fd = 1255 (active=1252)
New client connected with client_fd = 1256 (active=1253)
New client connected with client_fd = 1257 (active=1254)
New client connected with client_fd = 1258 (active=1255)
New client connected with client_fd = 1259 (active=1256)
New client connected with client_fd = 1260 (active=1257)
New client connected with client_fd = 1261 (active=1258)
New client connected with client_fd = 1262 (active=1259)
New client connected with client_fd = 1263 (active=1260)
New client connected with client_fd = 1264 (active=1261)
New client connected with client_fd = 1265 (active=1262)
New client connected with client_fd = 1266 (active=1263)
New client connected with client_fd = 1267 (active=1264)
New client connected with client_fd = 1268 (active=1265)
New client connected with client_fd = 1269 (active=1266)
New client connected with client_fd = 1270 (active=1267)
New client connected with client_fd = 1271 (active=1268)
New client connected with client_fd = 1272 (active=1269)
New client connected with client_fd = 1273 (active=1270)
New client connected with client_fd = 1274 (active=1271)
New client connected with client_fd = 1275 (active=1272)
New client connected with client_fd = 1276 (active=1273)
New client connected with client_fd = 1277 (active=1274)
New client connected with client_fd = 1278 (active=1275)
New client connected with client_fd = 1279 (active=1276)
New client connected with client_fd = 1280 (active=1277)
New client connected with client_fd = 1281 (active=1278)
New client connected with client_fd = 1282 (active=1279)
New client connected with client_fd = 1283 (active=1280)
New client connected with client_fd = 1284 (active=1281)
New client connected with client_fd = 1285 (active=1282)
New client connected with client_fd = 1286 (active=1283)
New client connected with client_fd = 1287 (active=1284)
New client connected with client_fd = 1288 (active=1285)
New client connected with client_fd = 1289 (active=1286)
New client connected with client_fd = 1290 (active=1287)
New client connected with client_fd = 1291 (active=1288)
New client connected with client_fd = 1292 (active=1289)
New client connected with client_fd = 1293 (active=1290)
New client connected with client_fd = 1294 (active=1291)
New client connected with client_fd = 1295 (active=1292)
New client connected with client_fd = 1296 (active=1293)
New client connected with client_fd = 1297 (active=1294)
New client connected with client_fd = 1298 (active=1295)
New client connected with client_fd = 1299 (active=1296)
New client connected with client_fd = 1300 (active=1297)
New client connected with client_fd = 1301 (active=1298)
New client connected with client_fd = 1302 (active=1299)
New client connected with client_fd = 1303 (active=1300)
New client connected with client_fd = 1304 (active=1301)
New client connected with client_fd = 1305 (active=1302)
New client connected with client_fd = 1306 (active=1303)
New client connected with client_fd = 1307 (active=1304)
New client connected with client_fd = 1308 (active=1305)
New client connected with client_fd = 1309 (active=1306)
New client connected with client_fd = 1310 (active=1307)
New client connected with client_fd = 1311 (active=1308)
New client connected with client_fd = 1312 (active=1309)
New client connected with client_fd = 1313 (active=1310)
New client connected with client_fd = 1314 (active=1311)
New client connected with client_fd = 1315 (active=1312)
New client connected with client_fd = 1316 (active=1313)
New client connected with client_fd = 1317 (active=1314)
New client connected with client_fd = 1318 (active=1315)
New client connected with client_fd = 1319 (active=1316)
New client connected with client_fd = 1320 (active=1317)
New client connected with client_fd = 1321 (active=1318)
New client connected with client_fd = 1322 (active=1319)
New client connected with client_fd = 1323 (active=1320)
New client connected with client_fd = 1324 (active=1321)
New client connected with client_fd = 1325 (active=1322)
New client connected with client_fd = 1326 (active=1323)
New client connected with client_fd = 1327 (active=1324)
New client connected with client_fd = 1328 (active=1325)
New client connected with client_fd = 1329 (active=1326)
New client connected with client_fd = 1330 (active=1327)
New client connected with client_fd = 1331 (active=1328)
New client connected with client_fd = 1332 (active=1329)
New client connected with client_fd = 1333 (active=1330)
New client connected with client_fd = 1334 (active=1331)
New client connected with client_fd = 1335 (active=1332)
New client connected with client_fd = 1336 (active=1333)
New client connected with client_fd = 1337 (active=1334)
New client connected with client_fd = 1338 (active=1335)
New client connected with client_fd = 1339 (active=1336)
New client connected with client_fd = 1340 (active=1337)
New client connected with client_fd = 1341 (active=1338)
New client connected with client_fd = 1342 (active=1339)
New client connected with client_fd = 1343 (active=1340)
New client connected with client_fd = 1344 (active=1341)
New client connected with client_fd = 1345 (active=1342)
New client connected with client_fd = 1346 (active=1343)
New client connected with client_fd = 1347 (active=1344)
New client connected with client_fd = 1348 (active=1345)
New client connected with client_fd = 1349 (active=1346)
New client connected with client_fd = 1350 (active=1347)
New client connected with client_fd = 1351 (active=1348)
New client connected with client_fd = 1352 (active=1349)
New client connected with client_fd = 1353 (active=1350)
New client connecOutbound buffer overflow on client_fd 577
Outbound buffer overflow on client_fd 579
Outbound buffer overflow on client_fd 580
ted with client_fd = 1354 (active=1351)
New client connected with client_fd = 1355 (active=1352)
New client connected with client_fd = 1356 (active=1353)
New client connected with client_fd = 1357 (active=1354)
New client connected with client_fd = 1358 (active=1355)
New client connected with client_fd = 1359 (active=1356)
New client connected with client_fd = 1360 (active=1357)
New client connected with client_fd = 1361 (active=1358)
New client connected with client_fd = 1362 (active=1359)
New client connected with client_fd = 577 (active=1357)
New client connected with client_fd = 579 (active=1358)
New client connected with client_fd = 580 (active=1359)
New client connected with client_fd = 1363 (active=1360)
New client connected with client_fd = 1364 (active=1361)
New client connected with client_fd = 1365 (active=1362)
New client connected with client_fd = 1366 (active=1363)
New client connected with client_fd = 1367 (active=1364)
New client connected with client_fd = 1368 (active=1365)
New client connected with client_fd = 1369 (active=1366)
New client connected with client_fd = 1370 (active=1367)
New client connected with client_fd = 1371 (active=1368)
New client connected with client_fd = 1372 (active=1369)
New client connected with client_fd = 1373 (active=1370)
New client connected with client_fd = 1374 (active=1371)
New client connected with client_fd = 1375 (active=1372)
New client connected with client_fd = 1376 (active=1373)
New client connected with client_fd = 1377 (active=1374)
New client connected with client_fd = 1378 (active=1375)
New client connected with client_fd = 1379 (active=1376)
New client connected with client_fd = 1380 (active=1377)
New client connected with client_fd = 1381 (active=1378)
New client connected with client_fd = 1382 (active=1379)
New client connected with client_fd = 1383 (active=1380)
New client connected with client_fd = 1384 (active=1381)
New client connected with client_fd = 1385 (active=1382)
New client connected with client_fd = 1386 (active=1383)
New client connected with client_fd = 1387 (active=1384)
New client connected with client_fd = 1388 (active=1385)
New client connected with client_fd = 1389 (active=1386)
New client connected with client_fd = 1390 (active=1387)
New client connected with client_fd = 1391 (active=1388)
New client connected with client_fd = 1392 (active=1389)
New client connected with client_fd = 1393 (active=1390)
New client connected with client_fd = 1394 (active=1391)
New client connected with client_fd = 1395 (active=1392)
New client connected with client_fd = 1396 (active=1393)
New client connected with client_fd = 1397 (active=1394)
New client connected with client_fd = 1398 (active=1395)
New client connected with client_fd = 1399 (active=1396)
New client connected with client_fd = 1400 (active=1397)
New client connected with client_fd = 1401 (active=1398)
New client connected with client_fd = 1402 (active=1399)
New client connected with client_fd = 1403 (active=1400)
New client connected with client_fd = 1404 (active=1401)
New client connected with client_fd = 1405 (active=1402)
New client connected with client_fd = 1406 (active=1403)
New client connected with client_fd = 1407 (active=1404)
New client connected with client_fd = 1408 (active=1405)
New client connected with client_fd = 1409 (active=1406)
New client connected with client_fd = 1410 (active=1407)
New client connected with client_fd = 1411 (active=1408)
New client connected with client_fd = 1412 (active=1409)
New client connected with client_fd = 1413 (active=1410)
New client connected with client_fd = 1414 (active=1411)
New client connected with client_fd = 1415 (active=1412)
New client connected with client_fd = 1416 (active=1413)
New client connected with client_fd = 1417 (active=1414)
New client connected with client_fd = 1418 (active=1415)
New client connected with client_fd = 1419 (active=1416)
New client connected with client_fd = 1420 (active=1417)
New client connected with client_fd = 1421 (active=1418)
New client connected with client_fd = 1422 (active=1419)
New client cOutbound buffer overflow on client_fd 105
Outbound buffer overflow on client_fd 549
Outbound buffer overflow on client_fd 544
Outbound buffer overflow on client_fd 543
Outbound buffer overflow on client_fd 542
Outbound buffer overflow on client_fd 541
Outbound buffer overflow on client_fd 500
Outbound buffer overflow on client_fd 501
Outbound buffer overflow on client_fd 104
Outbound buffer overflow on client_fd 106
Outbound buffer overflow on client_fd 103
Outbound buffer overflow on client_fd 177
Outbound buffer overflow on client_fd 178
Outbound buffer overflow on client_fd 179
Outbound buffer overflow on client_fd 180
Outbound buffer overflow on client_fd 29
Outbound buffer overflow on client_fd 38
Outbound buffer overflow on client_fd 102
Outbound buffer overflow on client_fd 37
Outbound buffer overflow on client_fd 439
Outbound buffer overflow on client_fd 440
Outbound buffer overflow on client_fd 441
Outbound buffer overflow on client_fd 442
Outbound buffer overflow on client_fd 443
Outbound buffer overflow on client_fd 444
Outbound buffer overflow on client_fd 445
Outbound buffer overflow on client_fd 446
Outbound buffer overflow on client_fd 447
Outbound buffer overflow on client_fd 448
onnected with client_fd = 1423 (active=1420)
New client connected with client_fd = 1424 (active=1421)
New client connected with client_fd = 1425 (active=1422)
New client connected with client_fd = 1426 (active=1423)
New client connected with client_fd = 1427 (active=1424)
New client connected with client_fd = 1428 (active=1425)
New client connected with client_fd = 105 (active=1418)
New client connected with client_fd = 500 (active=1419)
New client connected with client_fd = 501 (active=1420)
New client connected with client_fd = 541 (active=1421)
New client connected with client_fd = 542 (active=1422)
New client connected with client_fd = 543 (active=1423)
New client connected with client_fd = 544 (active=1424)
New client connected with client_fd = 549 (active=1425)
New client connected with client_fd = 1429 (active=1426)
New client connected with client_fd = 1430 (active=1427)
New client connected with client_fd = 1431 (active=1428)
New client connected with client_fd = 1432 (active=1429)
New client connected with client_fd = 1433 (active=1430)
New client connected with client_fd = 1434 (active=1431)
New client connected with client_fd = 1435 (active=1432)
New client connected with client_fd = 1436 (active=1433)
New client connected with client_fd = 1437 (active=1434)
New client connected with client_fd = 1438 (active=1435)
New client connected with client_fd = 1439 (active=1436)
New client connected with client_fd = 29 (active=1426)
New client connected with client_fd = 37 (active=1427)
New client connected with client_fd = 38 (active=1428)
New client connected with client_fd = 102 (active=1429)
New client connected with client_fd = 103 (active=1430)
New client connected with client_fd = 104 (active=1431)
New client connected with client_fd = 106 (active=1432)
New client connected with client_fd = 177 (active=1433)
New client connected with client_fd = 178 (active=1434)
New client connected with client_fd = 179 (active=1435)
New client connected with client_fd = 180 (active=1436)
New client connected with client_fd = 1440 (active=1437)
New client connected with client_fd = 1441 (active=1438)
New client connected with client_fd = 1442 (active=1439)
New client connected with client_fd = 1443 (active=1440)
New client connected with client_fd = 1444 (active=1441)
New client connected with client_fd = 1445 (active=1442)
New client connected with client_fd = 439 (active=1433)
New client connected with client_fd = 440 (active=1434)
New client connected with client_fd = 441 (active=1435)
New client connected with client_fd = 442 (active=1436)
New client connected with client_fd = 443 (active=1437)
New client connected with client_fd = 444 (active=1438)
New client connected with client_fd = 445 (active=1439)
New client connected with client_fd = 446 (active=1440)
New client connected with client_fd = 447 (active=1441)
New client connected with client_fd = 448 (active=1442)
New client connected with client_fd = 1446 (active=1443)
New client connected with client_fd = 1447 (active=1444)
New client connected with client_fd = 1448 (active=1445)
New client connected with client_fd = 1449 (active=1446)
New client connected with client_fd = 1450 (active=1447)
New client connected with client_fd = 1451 (active=1448)
New client connected with client_fd = 1452 (active=1449)
New client connected with client_fd = 1453 (active=1450)
New client connected with client_fd = 1454 (active=1451)
New client connected with client_fd = 1455 (active=1452)
New client connected with client_fd = 1456 (active=1453)
New client connected with client_fd = 1457 (active=1454)
New client connected with client_fd = 1458 (active=1455)
New client connected with client_fd = 1459 (active=1456)
New client connected with client_fd = 1460 (active=1457)
New client connected with client_fd = 1461 (active=1458)
New client connected with client_fd = 1462 (active=1459)
New client connected with client_fd = 1463 (active=1460)
New client connected with client_fd = 1464 (active=1461)
New client connected with client_fd = 1465 (active=1462)
New client connected with client_fd Outbound buffer overflow on client_fd 51
Outbound buffer overflow on client_fd 197
Outbound buffer overflow on client_fd 94
Outbound buffer overflow on client_fd 93
Outbound buffer overflow on client_fd 69
Outbound buffer overflow on client_fd 83
Outbound buffer overflow on client_fd 50
Outbound buffer overflow on client_fd 33
Outbound buffer overflow on client_fd 13
Outbound buffer overflow on client_fd 110
Outbound buffer overflow on client_fd 109
Outbound buffer overflow on client_fd 196
Outbound buffer overflow on client_fd 195
Outbound buffer overflow on client_fd 79
Outbound buffer overflow on client_fd 43
Outbound buffer overflow on client_fd 20
Outbound buffer overflow on client_fd 56
Outbound buffer overflow on client_fd 28
Outbound buffer overflow on client_fd 25
Outbound buffer overflow on client_fd 7
Outbound buffer overflow on client_fd 183
Outbound buffer overflow on client_fd 148
Outbound buffer overflow on client_fd 147
Outbound buffer overflow on client_fd 243
Outbound buffer overflow on client_fd 36
Outbound buffer overflow on client_fd 57
Outbound buffer overflow on client_fd 157
Outbound buffer overflow on client_fd 166
Outbound buffer overflow on client_fd 92
Outbound buffer overflow on client_fd 242
Outbound buffer overflow on client_fd 241
Outbound buffer overflow on client_fd 26
Outbound buffer overflow on client_fd 240
Outbound buffer overflow on client_fd 35
Outbound buffer overflow on client_fd 10
Outbound buffer overflow on client_fd 46
Outbound buffer overflow on client_fd 63
Outbound buffer overflow on client_fd 163
Outbound buffer overflow on client_fd 146
Outbound buffer overflow on client_fd 73
Outbound buffer overflow on client_fd 91
Outbound buffer overflow on client_fd 90
Outbound buffer overflow on client_fd 165
Outbound buffer overflow on client_fd 27
Outbound buffer overflow on client_fd 98
Outbound buffer overflow on client_fd 667
Outbound buffer overflow on client_fd 666
Outbound buffer overflow on client_fd 665
Outbound buffer overflow on client_fd 145
Outbound buffer overflow on client_fd 144
Outbound buffer overflow on client_fd 88
Outbound buffer overflow on client_fd 86
Outbound buffer overflow on client_fd 8
Outbound buffer overflow on client_fd 22
Outbound buffer overflow on client_fd 14
Outbound buffer overflow on client_fd 206
Outbound buffer overflow on client_fd 664
Outbound buffer overflow on client_fd 663
Outbound buffer overflow on client_fd 662
Outbound buffer overflow on client_fd 661
Outbound buffer overflow on client_fd 660
Outbound buffer overflow on client_fd 172
Outbound buffer overflow on client_fd 171
Outbound buffer overflow on client_fd 198
Outbound buffer overflow on client_fd 53
Outbound buffer overflow on client_fd 52
Outbound buffer overflow on client_fd 143
Outbound buffer overflow on client_fd 142
Outbound buffer overflow on client_fd 62
Outbound buffer overflow on client_fd 419
Outbound buffer overflow on client_fd 420
Outbound buffer overflow on client_fd 421
Outbound buffer overflow on client_fd 422
Outbound buffer overflow on client_fd 423
Outbound buffer overflow on client_fd 424
Outbound buffer overflow on client_fd 425
Outbound buffer overflow on client_fd 426
Outbound buffer overflow on client_fd 428
Outbound buffer overflow on client_fd 429
Outbound buffer overflow on client_fd 430
Outbound buffer overflow on client_fd 431
Outbound buffer overflow on client_fd 432
Outbound buffer overflow on client_fd 433
Outbound buffer overflow on client_fd 434
Outbound buffer overflow on client_fd 436
Outbound buffer overflow on client_fd 437
Outbound buffer overflow on client_fd 438
Outbound buffer overflow on client_fd 457
Outbound buffer overflow on client_fd 458
Outbound buffer overflow on client_fd 459
Outbound buffer overflow on client_fd 460
Outbound buffer overflow on client_fd 461
Outbound buffer overflow on client_fd 462
Outbound buffer overflow on client_fd 463
Outbound buffer overflow on client_fd 464
Outbound buffer overflow on client_fd 465
Outbound buffer overflow on client_fd 466
Outbound buffer overflow on client_fd 467
Outbound buffer overflow on client_fd 468
Outbound buffer overflow on client_fd 469
Outbound buffer overflow on client_fd 470
Outbound buffer overflow on client_fd 471
Outbound buffer overflow on client_fd 472
Outbound buffer overflow on client_fd 473
Outbound buffer overflow on client_fd 474
Outbound buffer overflow on client_fd 475
Outbound buffer overflow on client_fd 476
Outbound buffer overflow on client_fd 477
Outbound buffer overflow on client_fd 478
Outbound buffer overflow on client_fd 479
Outbound buffer overflow on client_fd 480
Outbound buffer overflow on client_fd 481
Outbound buffer overflow on client_fd 482
Outbound buffer overflow on client_fd 483
Outbound buffer overflow on client_fd 930
Outbound buffer overflow on client_fd 931
Outbound buffer overflow on client_fd 932
Outbound buffer overflow on client_fd 933
Outbound buffer overflow on client_fd 934
Outbound buffer overflow on client_fd 935
Outbound buffer overflow on client_fd 936
Outbound buffer overflow on client_fd 937
Outbound buffer overflow on client_fd 1035
Outbound buffer overflow on client_fd 1036
Outbound buffer overflow on client_fd 1037
Outbound buffer overflow on client_fd 1038
Outbound buffer overflow on client_fd 1039
Outbound buffer overflow on client_fd 1040
= 1466 (active=1463)
New client connected with client_fd = 1467 (active=1464)
New client connected with client_fd = 1468 (active=1465)
New client connected with client_fd = 1469 (active=1466)
New client connected with client_fd = 1470 (active=1467)
New client connected with client_fd = 1471 (active=1468)
New client connected with client_fd = 1472 (active=1469)
New client connected with client_fd = 1473 (active=1470)
New client connected with client_fd = 1474 (active=1471)
New client connected with client_fd = 1475 (active=1472)
New client connected with client_fd = 1476 (active=1473)
New client connected with client_fd = 1477 (active=1474)
New client connected with client_fd = 1478 (active=1475)
New client connected with client_fd = 1479 (active=1476)
New client connected with client_fd = 1480 (active=1477)
New client connected with client_fd = 1481 (active=1478)
New client connected with client_fd = 1482 (active=1479)
New client connected with client_fd = 1483 (active=1480)
New client connected with client_fd = 1484 (active=1481)
New client connected with client_fd = 1485 (active=1482)
New client connected with client_fd = 1486 (active=1483)
New client connected with client_fd = 1487 (active=1484)
New client connected with client_fd = 7 (active=1371)
New client connected with client_fd = 8 (active=1372)
New client connected with client_fd = 10 (active=1373)
New client connected with client_fd = 13 (active=1374)
New client connected with client_fd = 14 (active=1375)
New client connected with client_fd = 20 (active=1376)
New client connected with client_fd = 22 (active=1377)
New client connected with client_fd = 25 (active=1378)
New client connected with client_fd = 26 (active=1379)
New client connected with client_fd = 27 (active=1380)
New client connected with client_fd = 28 (active=1381)
New client connected with client_fd = 33 (active=1382)
New client connected with client_fd = 35 (active=1383)
New client connected with client_fd = 36 (active=1384)
New client connected with client_fd = 43 (active=1385)
New client connected with client_fd = 46 (active=1386)
New client connected with client_fd = 50 (active=1387)
New client connected with client_fd = 51 (active=1388)
New client connected with client_fd = 52 (active=1389)
New client connected with client_fd = 53 (active=1390)
New client connected with client_fd = 56 (active=1391)
New client connected with client_fd = 57 (active=1392)
New client connected with client_fd = 62 (active=1393)
New client connected with client_fd = 63 (active=1394)
New client connected with client_fd = 69 (active=1395)
New client connected with client_fd = 73 (active=1396)
New client connected with client_fd = 79 (active=1397)
New client connected with client_fd = 83 (active=1398)
New client connected with client_fd = 86 (active=1399)
New client connected with client_fd = 88 (active=1400)
New client connected with client_fd = 90 (active=1401)
New client connected with client_fd = 91 (active=1402)
New client connected with client_fd = 92 (active=1403)
New client connected with client_fd = 93 (active=1404)
New client connected with client_fd = 94 (active=1405)
New client connected with client_fd = 98 (active=1406)
New client connected with client_fd = 109 (active=1407)
New client connected with client_fd = 110 (active=1394)
New client connected with client_fd = 142 (active=1395)
New client connected with client_fd = 143 (active=1396)
New client connected with client_fd = 144 (active=1397)
New client connected with client_fd = 145 (active=1398)
New client connected with client_fd = 146 (active=1399)
New client connected with client_fd = 147 (active=1400)
New client connected with client_fd = 148 (active=1401)
New client connected with client_fd = 157 (active=1402)
New client connected with client_fd = 163 (active=1403)
New client connected with client_fd = 165 (active=1404)
New client connected with client_fd = 166 (active=1405)
New client connected with client_fd = 171 (active=1406)
New client connected with client_fd = 172 (active=1407)
New client connected with client_fd = 183 (active=1408)
New Outbound buffer overflow on client_fd 181
Outbound buffer overflow on client_fd 182
Outbound buffer overflow on client_fd 203
Outbound buffer overflow on client_fd 76
Outbound buffer overflow on client_fd 162
Outbound buffer overflow on client_fd 164
Outbound buffer overflow on client_fd 161
Outbound buffer overflow on client_fd 97
Outbound buffer overflow on client_fd 66
Outbound buffer overflow on client_fd 30
Outbound buffer overflow on client_fd 48
Outbound buffer overflow on client_fd 217
Outbound buffer overflow on client_fd 218
Outbound buffer overflow on client_fd 219
Outbound buffer overflow on client_fd 220
Outbound buffer overflow on client_fd 221
Outbound buffer overflow on client_fd 222
Outbound buffer overflow on client_fd 223
Outbound buffer overflow on client_fd 224
Outbound buffer overflow on client_fd 225
Outbound buffer overflow on client_fd 226
Outbound buffer overflow on client_fd 227
Outbound buffer overflow on client_fd 194
Outbound buffer overflow on client_fd 193
Outbound buffer overflow on client_fd 187
Outbound buffer overflow on client_fd 173
Outbound buffer overflow on client_fd 202
Outbound buffer overflow on client_fd 156
Outbound buffer overflow on client_fd 502
Outbound buffer overflow on client_fd 47
Outbound buffer overflow on client_fd 40
Outbound buffer overflow on client_fd 234
Outbound buffer overflow on client_fd 233
Outbound buffer overflow on client_fd 262
Outbound buffer overflow on client_fd 263
Outbound buffer overflow on client_fd 364
Outbound buffer overflow on client_fd 363
Outbound buffer overflow on client_fd 615
Outbound buffer overflow on client_fd 614
Outbound buffer overflow on client_fd 274
Outbound buffer overflow on client_fd 275
Outbound buffer overflow on client_fd 276
Outbound buffer overflow on client_fd 277
Outbound buffer overflow on client_fd 278
Outbound buffer overflow on client_fd 280
Outbound buffer overflow on client_fd 281
Outbound buffer overflow on client_fd 282
Outbound buffer overflow on client_fd 284
Outbound buffer overflow on client_fd 285
Outbound buffer overflow on client_fd 286
Outbound buffer overflow on client_fd 287
Outbound buffer overflow on client_fd 490
Outbound buffer overflow on client_fd 491
Outbound buffer overflow on client_fd 492
Outbound buffer overflow on client_fd 493
Outbound buffer overflow on client_fd 494
Outbound buffer overflow on client_fd 495
Outbound buffer overflow on client_fd 496
client connected with client_fd = 195 (active=1409)
New client connected with client_fd = 196 (active=1410)
New client connected with client_fd = 30 (active=1360)
New client connected with client_fd = 40 (active=1361)
New client connected with client_fd = 47 (active=1362)
New client connected with client_fd = 48 (active=1363)
New client connected with client_fd = 66 (active=1364)
New client connected with client_fd = 76 (active=1365)
New client connected with client_fd = 97 (active=1366)
New client connected with client_fd = 156 (active=1367)
New client connected with client_fd = 161 (active=1368)
New client connected with client_fd = 162 (active=1369)
New client connected with client_fd = 164 (active=1370)
New client connected with client_fd = 173 (active=1371)
New client connected with client_fd = 181 (active=1372)
New client connected with client_fd = 182 (active=1373)
New client connected with client_fd = 187 (active=1374)
New client connected with client_fd = 193 (active=1375)
New client connected with client_fd = 194 (active=1376)
New client connected with client_fd = 197 (active=1377)
New client connected with client_fd = 198 (active=1378)
New client connected with client_fd = 202 (active=1379)
New client connected with client_fd = 203 (active=1380)
New client connected with client_fd = 206 (active=1374)
New client connected with client_fd = 217 (active=1375)
New client connected with client_fd = 218 (active=1376)
New client connected with client_fd = 219 (active=1377)
New client connected with client_fd = 220 (active=1378)
New client connected with client_fd = 221 (active=1379)
New client connected with client_fd = 222 (active=1380)
New client connected with client_fd = 223 (active=1381)
New client connected with client_fd = 224 (active=1382)
New client connected with client_fd = 225 (active=1383)
New client connected with client_fd = 226 (active=1384)
New client connected with client_fd = 227 (active=1385)
New client connected with client_fd = 233 (active=1386)
New client connected with client_fd = 234 (active=1387)
New client connected with client_fd = 240 (active=1388)
New client connected with client_fd = 241 (active=1389)
New client connected with client_fd = 242 (active=1390)
New client connected with client_fd = 243 (active=1391)
New client connected with client_fd = 262 (active=1392)
New client connected with client_fd = 263 (active=1393)
New client connected with client_fd = 274 (active=1394)
New client connected with client_fd = 275 (active=1395)
New client connected with client_fd = 276 (active=1396)
New client connected with client_fd = 277 (active=1397)
New client connected with client_fd = 278 (active=1398)
New client connected with client_fd = 280 (active=1399)
New client connected with client_fd = 281 (active=1400)
New client connected with client_fd = 282 (active=1401)
New client connected with client_fd = 284 (active=1402)
New client connected with client_fd = 285 (active=1403)
New client connected with client_fd = 286 (active=1404)
New client connected with client_fd = 287 (active=1405)
New client connected with client_fd = 363 (active=1406)
New client connected with client_fd = 364 (active=1407)
New client connected with client_fd = 419 (active=1408)
New client connected with client_fd = 420 (active=1409)
New client connected with client_fd = 421 (active=1410)
New client connected with client_fd = 422 (active=1411)
New client connected with client_fd = 423 (active=1412)
New client connected with client_fd = 424 (active=1413)
New client connected with client_fd = 425 (active=1414)
New client connected with client_fd = 426 (active=1415)
New client connected with client_fd = 428 (active=1416)
New client connected with client_fd = 429 (active=1417)
New client connected with client_fd = 430 (active=1418)
New client connected with client_fd = 431 (active=1419)
New client connected with client_fd = 432 (active=1420)
New client connected with client_fd = 433 (active=1421)
New client connected with client_fd = 434 (active=1422)
New client connected with client_fd = 436 (active=1423)
New client connected with client_fd = 437 (active=1424)
New client connected with client_fd = 438 (active=1425)
New client connected with client_fd = 457 (active=1426)
New client connected with client_fd = 458 (active=1427)
New client connected with client_fd = 459 (active=1428)
New client connected with client_fd = 460 (active=1429)
New client connected with client_fd = 461 (active=1430)
New client connected with client_fd = 462 (active=1431)
New client connected with client_fd = 463 (active=1432)
New client connected with client_fd = 464 (active=1433)
New client connected with client_fd = 465 (active=1434)
New client connected with client_fd = 466 (active=1435)
New client connected with client_fd = 467 (active=1436)
New client connected with client_fd = 468 (active=1437)
New client connected with client_fd = 469 (active=1438)
New client connected with client_fd = 470 (active=1439)
New client connected with client_fd = 471 (active=1440)
New client connected with client_fd = 472 (active=1441)
New client connected with client_fd = 473 (active=1442)
New client connected with client_fd = 474 (active=1443)
New client connected with client_fd = 475 (active=1444)
New client connected with client_fd = 476 (active=1445)
New client connected with client_fd = 477 (active=1446)
New client connected with client_fd = 478 (active=1447)
New client connected with client_fd = 479 (active=1448)
New client connected with client_fd = 480 (active=1449)
New client connected with client_fd = 481 (active=1450)
New client connected with client_fd = 482 (active=1451)
New client connected with client_fd = 483 (active=1452)
New client connected with client_fd = 490 (active=1453)
New client connected with client_fd = 491 (active=1454)
New client connected with client_fd = 492 (active=1455)
New client connected with client_fd = 493 (active=1456)
New client connected with client_fd = 494 (active=1457)
New client connected with client_fd = 495 (active=1458)
New client connected with client_fd = 496 (active=1459)
New client connected with client_fd = 502 (active=1460)
New client connected with client_fd = 614 (active=1461)
New client connected with client_fd = 615 (active=1462)
New client connected with client_fd = 660 (active=1463)
New client connected with client_fd = 661 (active=1464)
New client connected with client_fd = 662 (active=1465)
New client connected with client_fd = 663 (active=1466)
New client connected with client_fd = 664 (active=1467)
New client connected with client_fd = 665 (active=1468)
New client connected with client_fd = 666 (active=1469)
New client connected with client_fd = 667 (active=1470)
New client connected with client_fd = 930 (active=1471)
New client connected with client_fd = 931 (active=1472)
New client connected with client_fd = 932 (active=1473)
New client connected with client_fd = 933 (active=1474)
New client connected with client_fd = 934 (active=1475)
New client connected with client_fd = 935 (active=1476)
New client connected with client_fd = 936 (active=1477)
New client connected with client_fd = 937 (active=1478)
New client connected with client_fd = 1035 (active=1479)
New client connected with client_fd = 1036 (active=1480)
New client connected with client_fd = 1037 (active=1481)
New client connected with client_fd = 1038 (active=1482)
New client connected with client_fd = 1039 (active=1483)
New client connected with client_fd = 1040 (active=1484)
New client connected with client_fd = 1488 (active=1485)
New client connected with client_fd = 1489 (active=1486)
New client connected with client_fd = 1490 (active=1487)
New client connected with client_fd = 1491 (active=1488)
New client connected with client_fd = 1492 (active=1489)
New client connected with client_fd = 1493 (active=1490)
New client connected with client_fd = 1494 (active=1491)
New client connected with client_fd = 1495 (active=1492)
New client connected with client_fd = 1496 (active=1493)
New client connected with client_fd = 1497 (active=1494)
New client connected with client_fd = 1498 (active=1495)
New client connected with client_fd = 1499 (active=1496)
New clienOutbound buffer overflow on client_fd 612
Outbound buffer overflow on client_fd 625
Outbound buffer overflow on client_fd 624
Outbound buffer overflow on client_fd 297
Outbound buffer overflow on client_fd 699
Outbound buffer overflow on client_fd 704
Outbound buffer overflow on client_fd 705
Outbound buffer overflow on client_fd 707
Outbound buffer overflow on client_fd 708
Outbound buffer overflow on client_fd 710
Outbound buffer overflow on client_fd 713
Outbound buffer overflow on client_fd 714
Outbound buffer overflow on client_fd 715
Outbound buffer overflow on client_fd 716
Outbound buffer overflow on client_fd 717
Outbound buffer overflow on client_fd 718
Outbound buffer overflow on client_fd 719
Outbound buffer overflow on client_fd 720
Outbound buffer overflow on client_fd 722
Outbound buffer overflow on client_fd 17
Outbound buffer overflow on client_fd 101
Outbound buffer overflow on client_fd 87
Outbound buffer overflow on client_fd 16
Outbound buffer overflow on client_fd 6
Outbound buffer overflow on client_fd 18
Outbound buffer overflow on client_fd 107
Outbound buffer overflow on client_fd 77
Outbound buffer overflow on client_fd 78
Outbound buffer overflow on client_fd 96
Outbound buffer overflow on client_fd 32
Outbound buffer overflow on client_fd 112
Outbound buffer overflow on client_fd 71
Outbound buffer overflow on client_fd 114
Outbound buffer overflow on client_fd 113
Outbound buffer overflow on client_fd 89
Outbound buffer overflow on client_fd 117
Outbound buffer overflow on client_fd 116
Outbound buffer overflow on client_fd 115
Outbound buffer overflow on client_fd 120
send failed: Connection reset by peer
send failed: Connection reset by peer
send failed: Connection reset by peer
send failed: Connection reset by peer
send failed: Connection reset by peer
send failed: Connection reset by peer
send failed: Connection reset by peer
send failed: Connection reset by peer
send failed: Connection reset by peer
send failed: Connection reset by peer
send failed: Connection reset by peer
send failed: Connection reset by peer
send failed: Connection reset by peer
send failed: Connection reset by peer
send failed: Connection reset by peer
send failed: Connection reset by peer
send failed: Connection reset by peer
send failed: Connection reset by peer
send failed: Connection reset by peer
send failed: Connection reset by peer
send failed: Connection reset by peer
send failed: Connection reset by peer
send failed: Connection reset by peer
send failed: Connection reset by peer
send failed: Connection reset by peer
send failed: Connection reset by peer
send failed: Connection reset by peer
send failed: Connection reset by peer
send failed: Connection reset by peer
send failed: Connection reset by peer
send failed: Connection reset by peer
send failed: Connection reset by peer
send failed: Connection reset by peer
send failed: Connection reset by peer
send failed: Connection reset by peer
send failed: Connection reset by peer
send failed: Connection reset by peer
send failed: Connection reset by peer
send failed: Connection reset by peer
send failed: Connection reset by peer
